Station_id,basin,model,config,RMSE,val_RMSE,params
01AD008,01,LGBM,default,0.049462573685493824,0.008672586037887781,null
01AD008,01,LGBM,level,0.09063390289268265,0.009354597260603656,null
01AD008,01,LGBM,tuned,0.04933516254861394,0.008634225885168987,"{""n_estimators"": 300, ""num_leaves"": 15, ""max_depth"": -1, ""learning_rate"": 0.05, ""min_child_samples"": 20, ""subsample"": 1.0, ""subsample_freq"": 1, ""best_iteration"": 9}"
01AD008,01,LSTM,default,0.04730583154654323,0.00918195681383504,null
01AD008,01,LSTM,level,0.14582955665363373,0.021191630366267967,null
01AD008,01,LSTM,tuned,0.0469390779663259,0.008991780422134282,"{""units"": 100, ""epochs"": 30, ""learning_rate"": 0.005, ""batch_size"": 128, ""epochs_run"": 6}"
01AD008,01,Persistence,default,0.05158464509673591,,null
01AD008,01,RF,default,0.048588245156593254,0.00972814732854061,null
01AD008,01,RF,level,0.057171942206031556,0.010501299155370111,null
01AD008,01,RF,tuned,0.048389712465745825,0.008733739153478009,"{""n_estimators"": 300, ""max_depth"": 20, ""min_samples_leaf"": 5, ""max_features"": 1.0}"
01AD008,01,XGB,default,0.050118807225579855,0.008868009078354434,null
01AD008,01,XGB,level,0.08632664617844261,0.009126148380420468,null
01AD008,01,XGB,tuned,0.049238737824452206,0.008418346910049158,"{""n_estimators"": 100, ""max_depth"": 5, ""learning_rate"": 0.1, ""subsample"": 1.0, ""colsample_bytree"": 0.7, ""min_child_weight"": 5, ""best_iteration"": 7}"
01AF007,01,LGBM,default,0.12816430429296027,0.13372499314582997,null
01AF007,01,LGBM,level,0.1300666307243683,0.1300266368876805,null
01AF007,01,LGBM,tuned,0.1275900617019926,0.13190363647851736,"{""n_estimators"": 1000, ""num_leaves"": 15, ""max_depth"": -1, ""learning_rate"": 0.1, ""min_child_samples"": 20, ""subsample"": 0.7, ""subsample_freq"": 1, ""best_iteration"": 33}"
01AF007,01,LSTM,default,0.12786072437483545,0.1324872046355034,null
01AF007,01,LSTM,level,0.14793711587682246,0.15269927244253437,null
01AF007,01,LSTM,tuned,0.12725854969648842,0.12579989311953022,"{""units"": 50, ""epochs"": 30, ""learning_rate"": 0.005, ""batch_size"": 32, ""epochs_run"": 22}"
01AF007,01,Persistence,default,0.13899973382790462,,null
01AF007,01,RF,default,0.1343232807788606,0.13676869378393236,null
01AF007,01,RF,level,0.1376078751195803,0.13386618878328854,null
01AF007,01,RF,tuned,0.12878223447565887,0.13292709705995334,"{""n_estimators"": 100, ""max_depth"": 10, ""min_samples_leaf"": 10, ""max_features"": ""sqrt""}"
01AF007,01,XGB,default,0.12994288851200184,0.13575064990849392,null
01AF007,01,XGB,level,0.1316583572723613,0.13348685862662588,null
01AF007,01,XGB,tuned,0.12841303535655355,0.13180231237067674,"{""n_estimators"": 1000, ""max_depth"": 3, ""learning_rate"": 0.05, ""subsample"": 0.7, ""colsample_bytree"": 1.0, ""min_child_weight"": 5, ""best_iteration"": 102}"
01AJ005,01,LGBM,default,0.2002510746818648,0.17567859431224517,null
01AJ005,01,LGBM,level,0.2161070708823067,0.1799911415673114,null
01AJ005,01,LGBM,tuned,0.20080236317065056,0.1725508212730966,"{""n_estimators"": 100, ""num_leaves"": 31, ""max_depth"": -1, ""learning_rate"": 0.01, ""min_child_samples"": 20, ""subsample"": 0.7, ""subsample_freq"": 1, ""best_iteration"": 100}"
01AJ005,01,LSTM,default,0.2031387515969202,0.17672069227415946,null
01AJ005,01,LSTM,level,0.28731974351890405,0.2151632868019486,null
01AJ005,01,LSTM,tuned,0.2032999141833325,0.17335351308453756,"{""units"": 100, ""epochs"": 10, ""learning_rate"": 0.005, ""batch_size"": 32, ""epochs_run"": 10}"
01AJ005,01,Persistence,default,0.21809990642453286,,null
01AJ005,01,RF,default,0.19864624899292793,0.18050252899080227,null
01AJ005,01,RF,level,0.21002537551687953,0.1933541752789026,null
01AJ005,01,RF,tuned,0.19589812940993898,0.17287389905743197,"{""n_estimators"": 300, ""max_depth"": 20, ""min_samples_leaf"": 10, ""max_features"": ""sqrt""}"
01AJ005,01,XGB,default,0.20246980526303027,0.1755588555230498,null
01AJ005,01,XGB,level,0.21357615306870925,0.1773358866535656,null
01AJ005,01,XGB,tuned,0.20134917174515074,0.17434437309525935,"{""n_estimators"": 300, ""max_depth"": 5, ""learning_rate"": 0.3, ""subsample"": 1.0, ""colsample_bytree"": 1.0, ""min_child_weight"": 1, ""best_iteration"": 7}"
01AJ009,01,LGBM,default,0.2577573661138459,0.23077104589740044,null
01AJ009,01,LGBM,level,0.27058594190803104,0.2377889918127945,null
01AJ009,01,LGBM,tuned,0.2574449531041328,0.22951509141320528,"{""n_estimators"": 1000, ""num_leaves"": 15, ""max_depth"": -1, ""learning_rate"": 0.1, ""min_child_samples"": 10, ""subsample"": 1.0, ""subsample_freq"": 1, ""best_iteration"": 20}"
01AJ009,01,LSTM,default,0.257215078032516,0.23110301524417215,null
01AJ009,01,LSTM,level,0.3035346016285826,0.2733002676124127,null
01AJ009,01,LSTM,tuned,0.25436056980880745,0.22741546219880018,"{""units"": 100, ""epochs"": 60, ""learning_rate"": 0.005, ""batch_size"": 128, ""epochs_run"": 18}"
01AJ009,01,Persistence,default,0.26617869710088093,,null
01AJ009,01,RF,default,0.27193187613383124,0.23408880836180687,null
01AJ009,01,RF,level,0.2763938168526115,0.24350755967814233,null
01AJ009,01,RF,tuned,0.26739145012056825,0.23087354923637546,"{""n_estimators"": 100, ""max_depth"": 10, ""min_samples_leaf"": 1, ""max_features"": 1.0}"
01AJ009,01,XGB,default,0.2642450072439069,0.22909639458701384,null
01AJ009,01,XGB,level,0.27634882653091597,0.23936858005197661,null
01AJ009,01,XGB,tuned,0.25936630771173275,0.22747383117698336,"{""n_estimators"": 100, ""max_depth"": 3, ""learning_rate"": 0.3, ""subsample"": 0.7, ""colsample_bytree"": 1.0, ""min_child_weight"": 1, ""best_iteration"": 16}"
01AL004,01,LGBM,default,0.05918849162404669,0.05859745235663822,null
01AL004,01,LGBM,level,0.06030183198362013,0.06072255463484375,null
01AL004,01,LGBM,tuned,0.059640366760213746,0.05700684851361008,"{""n_estimators"": 100, ""num_leaves"": 15, ""max_depth"": 10, ""learning_rate"": 0.1, ""min_child_samples"": 20, ""subsample"": 0.7, ""subsample_freq"": 1, ""best_iteration"": 45}"
01AL004,01,LSTM,default,0.059290141544899956,0.06004145654047266,null
01AL004,01,LSTM,level,0.05964446375585528,0.061344206037258736,null
01AL004,01,LSTM,tuned,0.05969757318107369,0.05796231562002568,"{""units"": 100, ""epochs"": 60, ""learning_rate"": 0.005, ""batch_size"": 32, ""epochs_run"": 14}"
01AL004,01,Persistence,default,0.06180060150185887,,null
01AL004,01,RF,default,0.05962991848538206,0.05923364586230185,null
01AL004,01,RF,level,0.06521439612720713,0.06301650077039031,null
01AL004,01,RF,tuned,0.0582608671992375,0.057594209951879374,"{""n_estimators"": 100, ""max_depth"": 20, ""min_samples_leaf"": 10, ""max_features"": 0.5}"
01AL004,01,XGB,default,0.05958680080651131,0.06035715795515236,null
01AL004,01,XGB,level,0.06048809689316736,0.060580360433713835,null
01AL004,01,XGB,tuned,0.05901591628489143,0.05860671594819749,"{""n_estimators"": 300, ""max_depth"": 3, ""learning_rate"": 0.1, ""subsample"": 1.0, ""colsample_bytree"": 0.7, ""min_child_weight"": 1, ""best_iteration"": 81}"
01BC001,01,LGBM,default,0.14091853720693745,0.11558221031835719,null
01BC001,01,LGBM,level,0.14880098208002393,0.11798457171086311,null
01BC001,01,LGBM,tuned,0.15056592866048843,0.11482870315279899,"{""n_estimators"": 300, ""num_leaves"": 15, ""max_depth"": 10, ""learning_rate"": 0.3, ""min_child_samples"": 20, ""subsample"": 0.7, ""subsample_freq"": 1, ""best_iteration"": 41}"
01BC001,01,LSTM,default,0.14241954640702084,0.1208921745898214,null
01BC001,01,LSTM,level,0.16769329716255463,0.15342435812174962,null
01BC001,01,LSTM,tuned,0.13926965230952662,0.11073813953194121,"{""units"": 100, ""epochs"": 60, ""learning_rate"": 0.005, ""batch_size"": 32, ""epochs_run"": 24}"
01BC001,01,Persistence,default,0.14818829144981224,,null
01BC001,01,RF,default,0.14317479271808925,0.11651759128140918,null
01BC001,01,RF,level,0.16330953352283398,0.11760469714694917,null
01BC001,01,RF,tuned,0.14357531668291462,0.11223977627960835,"{""n_estimators"": 500, ""max_depth"": 10, ""min_samples_leaf"": 1, ""max_features"": 1.0}"
01BC001,01,XGB,default,0.13959091772095428,0.114076825022562,null
01BC001,01,XGB,level,0.15712205440112662,0.11808425515095382,null
01BC001,01,XGB,tuned,0.14893128132967529,0.11290726079577487,"{""n_estimators"": 300, ""max_depth"": 9, ""learning_rate"": 0.3, ""subsample"": 0.7, ""colsample_bytree"": 0.7, ""min_child_weight"": 1, ""best_iteration"": 6}"
01BU013,01,LGBM,default,0.09817588763423346,0.0774433816330338,null
01BU013,01,LGBM,level,0.09240942198196107,0.08061764857391844,null
01BU013,01,LGBM,tuned,0.09904777022923111,0.07530281763423476,"{""n_estimators"": 1000, ""num_leaves"": 31, ""max_depth"": -1, ""learning_rate"": 0.3, ""min_child_samples"": 20, ""subsample"": 0.7, ""subsample_freq"": 1, ""best_iteration"": 9}"
01BU013,01,LSTM,default,0.09672531264049687,0.07816954265393099,null
01BU013,01,LSTM,level,0.10845714425803157,0.08569722841881396,null
01BU013,01,LSTM,tuned,0.09057130875692555,0.07569789795452286,"{""units"": 50, ""epochs"": 30, ""learning_rate"": 0.005, ""batch_size"": 128, ""epochs_run"": 7}"
01BU013,01,Persistence,default,0.09306501457999945,,null
01BU013,01,RF,default,0.09322464471655115,0.07747782825325593,null
01BU013,01,RF,level,0.09182898222805704,0.0835079822226473,null
01BU013,01,RF,tuned,0.09100503516622517,0.07550940999375953,"{""n_estimators"": 100, ""max_depth"": 10, ""min_samples_leaf"": 1, ""max_features"": 0.5}"
01BU013,01,XGB,default,0.09246618609117174,0.07544527815469403,null
01BU013,01,XGB,level,0.09162741638162508,0.07876773248360211,null
01BU013,01,XGB,tuned,0.09640205744926057,0.07453449278125093,"{""n_estimators"": 100, ""max_depth"": 9, ""learning_rate"": 0.1, ""subsample"": 1.0, ""colsample_bytree"": 0.7, ""min_child_weight"": 1, ""best_iteration"": 19}"
01CC005,01,LGBM,default,0.04494609732836442,0.05118934211774149,null
01CC005,01,LGBM,level,0.04786202030410354,0.054867658216291866,null
01CC005,01,LGBM,tuned,0.04580416366499627,0.050163970741469416,"{""n_estimators"": 1000, ""num_leaves"": 31, ""max_depth"": -1, ""learning_rate"": 0.3, ""min_child_samples"": 10, ""subsample"": 1.0, ""subsample_freq"": 1, ""best_iteration"": 2}"
01CC005,01,LSTM,default,0.04615347043674078,0.052268924687150047,null
01CC005,01,LSTM,level,0.04913151417500824,0.054158930683486775,null
01CC005,01,LSTM,tuned,0.046017331168123406,0.05134766348675649,"{""units"": 50, ""epochs"": 30, ""learning_rate"": 0.005, ""batch_size"": 128, ""epochs_run"": 17}"
01CC005,01,Persistence,default,0.047234275207585906,,null
01CC005,01,RF,default,0.047862473017518906,0.05648650514695275,null
01CC005,01,RF,level,0.05593039726639881,0.05923789206836528,null
01CC005,01,RF,tuned,0.04526420657296516,0.05139637471775465,"{""n_estimators"": 300, ""max_depth"": 20, ""min_samples_leaf"": 5, ""max_features"": ""sqrt""}"
01CC005,01,XGB,default,0.04685561327166028,0.05136938452175251,null
01CC005,01,XGB,level,0.049910538230497334,0.05498448221408973,null
01CC005,01,XGB,tuned,0.04651404521719692,0.05120326068455811,"{""n_estimators"": 300, ""max_depth"": 5, ""learning_rate"": 0.01, ""subsample"": 1.0, ""colsample_bytree"": 1.0, ""min_child_weight"": 1, ""best_iteration"": 68}"
01DC007,01,LGBM,default,0.16190060182011953,0.15169332684307604,null
01DC007,01,LGBM,level,0.1654005534098283,0.17360761752713363,null
01DC007,01,LGBM,tuned,0.16275984102194258,0.14739571216236122,"{""n_estimators"": 100, ""num_leaves"": 31, ""max_depth"": 10, ""learning_rate"": 0.1, ""min_child_samples"": 20, ""subsample"": 0.7, ""subsample_freq"": 1, ""best_iteration"": 24}"
01DC007,01,LSTM,default,0.16187823282455552,0.1569978805732688,null
01DC007,01,LSTM,level,0.16977046502575005,0.1546514798704925,null
01DC007,01,LSTM,tuned,0.1574573654562392,0.147881083058857,"{""units"": 25, ""epochs"": 10, ""learning_rate"": 0.005, ""batch_size"": 32, ""epochs_run"": 10}"
01DC007,01,Persistence,default,0.1779462986682022,,null
01DC007,01,RF,default,0.1664831495595807,0.15369260852426106,null
01DC007,01,RF,level,0.17124864233296277,0.1749004081034895,null
01DC007,01,RF,tuned,0.16034733619591668,0.14902573657876253,"{""n_estimators"": 300, ""max_depth"": 10, ""min_samples_leaf"": 10, ""max_features"": 1.0}"
01DC007,01,XGB,default,0.16176519901875386,0.1536429342124484,null
01DC007,01,XGB,level,0.16890949953569295,0.1720356333405122,null
01DC007,01,XGB,tuned,0.1658344208919992,0.1480879180545561,"{""n_estimators"": 1000, ""max_depth"": 9, ""learning_rate"": 0.05, ""subsample"": 0.7, ""colsample_bytree"": 1.0, ""min_child_weight"": 1, ""best_iteration"": 66}"
01DG043,01,LGBM,default,0.18667505637028609,0.1397409424062157,null
01DG043,01,LGBM,level,0.1891866831886208,0.14284620449781749,null
01DG043,01,LGBM,tuned,0.19048809323169155,0.13720065325541209,"{""n_estimators"": 100, ""num_leaves"": 15, ""max_depth"": -1, ""learning_rate"": 0.3, ""min_child_samples"": 50, ""subsample"": 0.7, ""subsample_freq"": 1, ""best_iteration"": 10}"
01DG043,01,LSTM,default,0.1906746648863085,0.14139660275185761,null
01DG043,01,LSTM,level,0.1937729457450687,0.14585775717785576,null
01DG043,01,LSTM,tuned,0.18884627819133418,0.1372011632911419,"{""units"": 100, ""epochs"": 60, ""learning_rate"": 0.005, ""batch_size"": 32, ""epochs_run"": 20}"
01DG043,01,Persistence,default,0.2111522527677859,,null
01DG043,01,RF,default,0.1956270192739486,0.1463175670861663,null
01DG043,01,RF,level,0.19234283609746136,0.14826896327476488,null
01DG043,01,RF,tuned,0.18758161613503785,0.1386788284674904,"{""n_estimators"": 100, ""max_depth"": 10, ""min_samples_leaf"": 10, ""max_features"": 1.0}"
01DG043,01,XGB,default,0.1897747793637591,0.13873549404984717,null
01DG043,01,XGB,level,0.18829802389096625,0.1430602216272928,null
01DG043,01,XGB,tuned,0.18777903628059026,0.13740913074978175,"{""n_estimators"": 300, ""max_depth"": 3, ""learning_rate"": 0.01, ""subsample"": 1.0, ""colsample_bytree"": 0.7, ""min_child_weight"": 5, ""best_iteration"": 294}"
01ED006,01,LGBM,default,0.01650391162666133,0.014983723868757466,null
01ED006,01,LGBM,level,0.029806336812965573,0.01863171779073219,null
01ED006,01,LGBM,tuned,0.016509757744749706,0.014875296480267865,"{""n_estimators"": 100, ""num_leaves"": 15, ""max_depth"": 5, ""learning_rate"": 0.1, ""min_child_samples"": 20, ""subsample"": 0.7, ""subsample_freq"": 1, ""best_iteration"": 82}"
01ED006,01,LSTM,default,0.01630458351484152,0.014829185401905053,null
01ED006,01,LSTM,level,0.0292968443931461,0.028742745636786353,null
01ED006,01,LSTM,tuned,0.016150429754048286,0.014622813505095108,"{""units"": 100, ""epochs"": 60, ""learning_rate"": 0.005, ""batch_size"": 128, ""epochs_run"": 30}"
01ED006,01,Persistence,default,0.031727720475102326,,null
01ED006,01,RF,default,0.017615758533917107,0.016114805578921115,null
01ED006,01,RF,level,0.023322829725345207,0.017604544178104954,null
01ED006,01,RF,tuned,0.016562682098640733,0.015052366643853819,"{""n_estimators"": 500, ""max_depth"": null, ""min_samples_leaf"": 10, ""max_features"": 1.0}"
01ED006,01,XGB,default,0.017271939920556364,0.015493421590215183,null
01ED006,01,XGB,level,0.02819473176199335,0.01834359052298829,null
01ED006,01,XGB,tuned,0.01658724707771478,0.014815851133317431,"{""n_estimators"": 300, ""max_depth"": 3, ""learning_rate"": 0.1, ""subsample"": 0.7, ""colsample_bytree"": 0.7, ""min_child_weight"": 5, ""best_iteration"": 62}"
01ED007,01,LGBM,default,0.03283547324539255,0.023330580126981082,null
01ED007,01,LGBM,level,0.033892096470767394,0.026600590497557024,null
01ED007,01,LGBM,tuned,0.03362283550496902,0.02275991272914839,"{""n_estimators"": 100, ""num_leaves"": 31, ""max_depth"": 5, ""learning_rate"": 0.1, ""min_child_samples"": 50, ""subsample"": 1.0, ""subsample_freq"": 1, ""best_iteration"": 56}"
01ED007,01,LSTM,default,0.034278996362624305,0.02523271811664057,null
01ED007,01,LSTM,level,0.05304181024212797,0.03915505180653044,null
01ED007,01,LSTM,tuned,0.032492786912428295,0.02336421292673069,"{""units"": 100, ""epochs"": 10, ""learning_rate"": 0.005, ""batch_size"": 32, ""epochs_run"": 10}"
01ED007,01,Persistence,default,0.038279870019206574,,null
01ED007,01,RF,default,0.03486596621832011,0.024341944641009448,null
01ED007,01,RF,level,0.034247455094205057,0.026562001833212043,null
01ED007,01,RF,tuned,0.032476721215873146,0.023120537370399288,"{""n_estimators"": 500, ""max_depth"": null, ""min_samples_leaf"": 10, ""max_features"": 1.0}"
01ED007,01,XGB,default,0.03496293303828604,0.02291356370545262,null
01ED007,01,XGB,level,0.03649317654499187,0.027098655895456677,null
01ED007,01,XGB,tuned,0.03480593037072363,0.022653661032869407,"{""n_estimators"": 1000, ""max_depth"": 5, ""learning_rate"": 0.1, ""subsample"": 1.0, ""colsample_bytree"": 0.7, ""min_child_weight"": 1, ""best_iteration"": 85}"
01EE005,01,LGBM,default,0.046015766195702544,0.04260453181896882,null
01EE005,01,LGBM,level,0.04916543172126167,0.04390504257763287,null
01EE005,01,LGBM,tuned,0.04586289001856522,0.04190728822335735,"{""n_estimators"": 1000, ""num_leaves"": 15, ""max_depth"": 5, ""learning_rate"": 0.01, ""min_child_samples"": 10, ""subsample"": 0.7, ""subsample_freq"": 1, ""best_iteration"": 373}"
01EE005,01,LSTM,default,0.04636178844143806,0.042183899614256185,null
01EE005,01,LSTM,level,0.054044052506586476,0.05065346127555052,null
01EE005,01,LSTM,tuned,0.04366341833798904,0.038267230445527795,"{""units"": 50, ""epochs"": 60, ""learning_rate"": 0.005, ""batch_size"": 128, ""epochs_run"": 23}"
01EE005,01,Persistence,default,0.056308660234384064,,null
01EE005,01,RF,default,0.04762504955255557,0.0433587045947233,null
01EE005,01,RF,level,0.050425616904678436,0.046293872016439815,null
01EE005,01,RF,tuned,0.046242016394721294,0.04157910957196318,"{""n_estimators"": 500, ""max_depth"": null, ""min_samples_leaf"": 10, ""max_features"": 1.0}"
01EE005,01,XGB,default,0.04632450451530006,0.04255199973159274,null
01EE005,01,XGB,level,0.05043652045206586,0.044896884961456884,null
01EE005,01,XGB,tuned,0.046488586434369254,0.04082837198367188,"{""n_estimators"": 300, ""max_depth"": 7, ""learning_rate"": 0.1, ""subsample"": 0.7, ""colsample_bytree"": 1.0, ""min_child_weight"": 5, ""best_iteration"": 24}"
01EF001,01,LGBM,default,0.08691074660881727,0.0854860013852441,null
01EF001,01,LGBM,level,0.09624387725801922,0.0852005167146115,null
01EF001,01,LGBM,tuned,0.08890252367455448,0.08162140430624712,"{""n_estimators"": 100, ""num_leaves"": 15, ""max_depth"": -1, ""learning_rate"": 0.05, ""min_child_samples"": 10, ""subsample"": 1.0, ""subsample_freq"": 1, ""best_iteration"": 100}"
01EF001,01,LSTM,default,0.08575069248821078,0.08149791817141822,null
01EF001,01,LSTM,level,0.11107172127053606,0.10236565375251239,null
01EF001,01,LSTM,tuned,0.0891749061245426,0.07528540222430026,"{""units"": 50, ""epochs"": 60, ""learning_rate"": 0.005, ""batch_size"": 128, ""epochs_run"": 34}"
01EF001,01,Persistence,default,0.1072742151077356,,null
01EF001,01,RF,default,0.09081685185463452,0.08592136358221994,null
01EF001,01,RF,level,0.09782954121898853,0.08403429694784932,null
01EF001,01,RF,tuned,0.08830449289453189,0.08334032810831984,"{""n_estimators"": 300, ""max_depth"": null, ""min_samples_leaf"": 5, ""max_features"": 1.0}"
01EF001,01,XGB,default,0.09149164331178798,0.08272686028947955,null
01EF001,01,XGB,level,0.10057709727594906,0.08391768518685458,null
01EF001,01,XGB,tuned,0.09350991319661613,0.08093130052105829,"{""n_estimators"": 300, ""max_depth"": 9, ""learning_rate"": 0.1, ""subsample"": 0.7, ""colsample_bytree"": 1.0, ""min_child_weight"": 5, ""best_iteration"": 75}"
02DD014,02,LGBM,default,0.0713984960881881,0.06046947062021373,null
02DD014,02,LGBM,level,0.0714342668981649,0.06149217348708851,null
02DD014,02,LGBM,tuned,0.07088395937541872,0.059669356994514706,"{""n_estimators"": 100, ""num_leaves"": 31, ""max_depth"": -1, ""learning_rate"": 0.1, ""min_child_samples"": 50, ""subsample"": 1.0, ""subsample_freq"": 1, ""best_iteration"": 8}"
02DD014,02,LSTM,default,0.070799449038307,0.0617107433633634,null
02DD014,02,LSTM,level,0.07406132081396308,0.0617221516944065,null
02DD014,02,LSTM,tuned,0.07150922686878208,0.05976181358978737,"{""units"": 25, ""epochs"": 30, ""learning_rate"": 0.001, ""batch_size"": 32, ""epochs_run"": 6}"
02DD014,02,Persistence,default,0.07526642381557229,,null
02DD014,02,RF,default,0.07479348219743057,0.06553987814053285,null
02DD014,02,RF,level,0.07344591471844485,0.0629452513529118,null
02DD014,02,RF,tuned,0.0709872335530362,0.06079882800103527,"{""n_estimators"": 300, ""max_depth"": 10, ""min_samples_leaf"": 10, ""max_features"": ""sqrt""}"
02DD014,02,XGB,default,0.072671142223811,0.061022012127190044,null
02DD014,02,XGB,level,0.07078569813316257,0.062182284340344625,null
02DD014,02,XGB,tuned,0.07099062665197892,0.0600982335501841,"{""n_estimators"": 100, ""max_depth"": 7, ""learning_rate"": 0.1, ""subsample"": 0.7, ""colsample_bytree"": 0.7, ""min_child_weight"": 5, ""best_iteration"": 9}"
02DD023,02,LGBM,default,0.021349142657046027,0.022405796908540613,null
02DD023,02,LGBM,level,0.025523033834168984,0.025020617019303942,null
02DD023,02,LGBM,tuned,0.021006427868227307,0.02209182659602349,"{""n_estimators"": 1000, ""num_leaves"": 31, ""max_depth"": 10, ""learning_rate"": 0.05, ""min_child_samples"": 10, ""subsample"": 0.7, ""subsample_freq"": 1, ""best_iteration"": 44}"
02DD023,02,LSTM,default,0.021723635267124203,0.022967257904909756,null
02DD023,02,LSTM,level,0.04722417822101343,0.040178008915811025,null
02DD023,02,LSTM,tuned,0.02143980751315307,0.02264760824632997,"{""units"": 50, ""epochs"": 30, ""learning_rate"": 0.001, ""batch_size"": 128, ""epochs_run"": 17}"
02DD023,02,Persistence,default,0.03151970382670668,,null
02DD023,02,RF,default,0.021251297839417854,0.022725355631253424,null
02DD023,02,RF,level,0.025217108344000847,0.025163969381891853,null
02DD023,02,RF,tuned,0.020907637539912476,0.02204202349028362,"{""n_estimators"": 300, ""max_depth"": 10, ""min_samples_leaf"": 10, ""max_features"": 1.0}"
02DD023,02,XGB,default,0.02191727659869148,0.022833377496308274,null
02DD023,02,XGB,level,0.026647301931552226,0.025897794906878373,null
02DD023,02,XGB,tuned,0.021583874791933924,0.02240893484168492,"{""n_estimators"": 1000, ""max_depth"": 9, ""learning_rate"": 0.01, ""subsample"": 0.7, ""colsample_bytree"": 1.0, ""min_child_weight"": 5, ""best_iteration"": 189}"
02ED020,02,LGBM,default,0.05957912833437138,0.09093976490503408,null
02ED020,02,LGBM,level,0.06028053957264447,0.08843065493453674,null
02ED020,02,LGBM,tuned,0.061706877394995335,0.08986321601441678,"{""n_estimators"": 300, ""num_leaves"": 15, ""max_depth"": -1, ""learning_rate"": 0.3, ""min_child_samples"": 10, ""subsample"": 1.0, ""subsample_freq"": 1, ""best_iteration"": 8}"
02ED020,02,LSTM,default,0.06005688639384752,0.09191829037198722,null
02ED020,02,LSTM,level,0.06531585942358784,0.09791946449629052,null
02ED020,02,LSTM,tuned,0.060561088237808425,0.09184603225112797,"{""units"": 25, ""epochs"": 60, ""learning_rate"": 0.001, ""batch_size"": 32, ""epochs_run"": 24}"
02ED020,02,Persistence,default,0.06718839613757399,,null
02ED020,02,RF,default,0.05977423492735879,0.09130647892388723,null
02ED020,02,RF,level,0.06082984935590317,0.09101878029652269,null
02ED020,02,RF,tuned,0.058983963216737816,0.09058792094423583,"{""n_estimators"": 100, ""max_depth"": 20, ""min_samples_leaf"": 10, ""max_features"": 1.0}"
02ED020,02,XGB,default,0.06234343077445896,0.09040597835571867,null
02ED020,02,XGB,level,0.060226510447118006,0.08910398070907877,null
02ED020,02,XGB,tuned,0.06074056627716133,0.09002688194635172,"{""n_estimators"": 300, ""max_depth"": 3, ""learning_rate"": 0.01, ""subsample"": 1.0, ""colsample_bytree"": 1.0, ""min_child_weight"": 1, ""best_iteration"": 299}"
02ED026,02,LGBM,default,0.039127045794410106,0.05135263968463843,null
02ED026,02,LGBM,level,0.04022012619457599,0.050619953776120254,null
02ED026,02,LGBM,tuned,0.04012512571549298,0.05013015106805843,"{""n_estimators"": 100, ""num_leaves"": 63, ""max_depth"": 10, ""learning_rate"": 0.1, ""min_child_samples"": 10, ""subsample"": 1.0, ""subsample_freq"": 1, ""best_iteration"": 27}"
02ED026,02,LSTM,default,0.039110258777357576,0.04955158166317751,null
02ED026,02,LSTM,level,0.04130050589804471,0.055368178665261496,null
02ED026,02,LSTM,tuned,0.03910809388926967,0.048304945803675635,"{""units"": 50, ""epochs"": 60, ""learning_rate"": 0.005, ""batch_size"": 128, ""epochs_run"": 24}"
02ED026,02,Persistence,default,0.04238339430338321,,null
02ED026,02,RF,default,0.041366286312681175,0.050577848030339996,null
02ED026,02,RF,level,0.04124177498102073,0.053659513328402686,null
02ED026,02,RF,tuned,0.03959203894711203,0.04975434697237454,"{""n_estimators"": 500, ""max_depth"": null, ""min_samples_leaf"": 10, ""max_features"": 1.0}"
02ED026,02,XGB,default,0.038788118949425514,0.05099499791241824,null
02ED026,02,XGB,level,0.04089027653855211,0.05018794904851304,null
02ED026,02,XGB,tuned,0.03947728871070433,0.05020399160572178,"{""n_estimators"": 300, ""max_depth"": 5, ""learning_rate"": 0.05, ""subsample"": 0.7, ""colsample_bytree"": 0.7, ""min_child_weight"": 1, ""best_iteration"": 94}"
02FD001,02,LGBM,default,0.11048766617089804,0.12770312682989376,null
02FD001,02,LGBM,level,0.11065434190926281,0.12389416663351324,null
02FD001,02,LGBM,tuned,0.10920223316918132,0.1254658809939027,"{""n_estimators"": 1000, ""num_leaves"": 15, ""max_depth"": 5, ""learning_rate"": 0.05, ""min_child_samples"": 10, ""subsample"": 0.7, ""subsample_freq"": 1, ""best_iteration"": 96}"
02FD001,02,LSTM,default,0.11000499190811286,0.1263023774434789,null
02FD001,02,LSTM,level,0.12168037569190496,0.13315055438224752,null
02FD001,02,LSTM,tuned,0.11012026907268184,0.11730801231474869,"{""units"": 25, ""epochs"": 30, ""learning_rate"": 0.005, ""batch_size"": 32, ""epochs_run"": 30}"
02FD001,02,Persistence,default,0.1252604830658344,,null
02FD001,02,RF,default,0.11142780635795946,0.12391183784048689,null
02FD001,02,RF,level,0.1145793479525685,0.13324045106314597,null
02FD001,02,RF,tuned,0.11078379531351769,0.12135876670667102,"{""n_estimators"": 300, ""max_depth"": 10, ""min_samples_leaf"": 1, ""max_features"": ""sqrt""}"
02FD001,02,XGB,default,0.10776835941795967,0.1250834527938342,null
02FD001,02,XGB,level,0.11210286240920794,0.13019665087898186,null
02FD001,02,XGB,tuned,0.10868198422549603,0.12399780286913349,"{""n_estimators"": 1000, ""max_depth"": 9, ""learning_rate"": 0.01, ""subsample"": 1.0, ""colsample_bytree"": 0.7, ""min_child_weight"": 1, ""best_iteration"": 220}"
02GC017,02,LGBM,default,0.1299311577482506,0.11396761105762865,null
02GC017,02,LGBM,level,0.12557805074684597,0.11600768948229276,null
02GC017,02,LGBM,tuned,0.12684282639619052,0.1105340130429724,"{""n_estimators"": 1000, ""num_leaves"": 63, ""max_depth"": 10, ""learning_rate"": 0.1, ""min_child_samples"": 50, ""subsample"": 1.0, ""subsample_freq"": 1, ""best_iteration"": 39}"
02GC017,02,LSTM,default,0.13163964166443676,0.1147283885511103,null
02GC017,02,LSTM,level,0.1388512080858055,0.12149874165452462,null
02GC017,02,LSTM,tuned,0.13008224955945352,0.10736284643367,"{""units"": 50, ""epochs"": 30, ""learning_rate"": 0.005, ""batch_size"": 32, ""epochs_run"": 13}"
02GC017,02,Persistence,default,0.1528136566322962,,null
02GC017,02,RF,default,0.1296672898905331,0.11800085732017694,null
02GC017,02,RF,level,0.12786798422487675,0.12181618534448746,null
02GC017,02,RF,tuned,0.12836009240209836,0.11112826624939279,"{""n_estimators"": 500, ""max_depth"": null, ""min_samples_leaf"": 10, ""max_features"": 1.0}"
02GC017,02,XGB,default,0.13069974045887822,0.11311361695693971,null
02GC017,02,XGB,level,0.1274909839031646,0.11783188357024575,null
02GC017,02,XGB,tuned,0.13231166566453145,0.11100048901488914,"{""n_estimators"": 1000, ""max_depth"": 3, ""learning_rate"": 0.3, ""subsample"": 1.0, ""colsample_bytree"": 0.7, ""min_child_weight"": 1, ""best_iteration"": 13}"
02GE004,02,LGBM,default,0.1205342348690131,0.13854451331124923,null
02GE004,02,LGBM,level,0.12663774161203525,0.1450850908861405,null
02GE004,02,LGBM,tuned,0.1202803507948805,0.13881208912136095,"{""n_estimators"": 1000, ""num_leaves"": 15, ""max_depth"": 5, ""learning_rate"": 0.05, ""min_child_samples"": 10, ""subsample"": 1.0, ""subsample_freq"": 1, ""best_iteration"": 68}"
02GE004,02,LSTM,default,0.11837106769060128,0.139169441943091,null
02GE004,02,LSTM,level,0.1321742947901361,0.14818268838584908,null
02GE004,02,LSTM,tuned,0.11933669167495203,0.13567309661835278,"{""units"": 50, ""epochs"": 30, ""learning_rate"": 0.005, ""batch_size"": 32, ""epochs_run"": 14}"
02GE004,02,Persistence,default,0.1532748632966436,,null
02GE004,02,RF,default,0.12291532279634318,0.14685631026828538,null
02GE004,02,RF,level,0.12800614756563125,0.14464459845663913,null
02GE004,02,RF,tuned,0.11963589383678368,0.14145153939591798,"{""n_estimators"": 500, ""max_depth"": 10, ""min_samples_leaf"": 5, ""max_features"": 1.0}"
02GE004,02,XGB,default,0.11787491341367737,0.13924374707199594,null
02GE004,02,XGB,level,0.1291252803991418,0.14571028073017678,null
02GE004,02,XGB,tuned,0.1172463527860568,0.13826016725784981,"{""n_estimators"": 300, ""max_depth"": 5, ""learning_rate"": 0.1, ""subsample"": 0.7, ""colsample_bytree"": 1.0, ""min_child_weight"": 1, ""best_iteration"": 36}"
02HM007,02,LGBM,default,0.021431480610778878,0.022434269951889043,null
02HM007,02,LGBM,level,0.022746515462394507,0.024365672193436046,null
02HM007,02,LGBM,tuned,0.021338282513757117,0.021811222443452044,"{""n_estimators"": 100, ""num_leaves"": 31, ""max_depth"": -1, ""learning_rate"": 0.05, ""min_child_samples"": 50, ""subsample"": 0.7, ""subsample_freq"": 1, ""best_iteration"": 68}"
02HM007,02,LSTM,default,0.02085959180514222,0.022695896128635717,null
02HM007,02,LSTM,level,0.026764401805941907,0.02929090188888932,null
02HM007,02,LSTM,tuned,0.02093755440278498,0.022240624476022947,"{""units"": 50, ""epochs"": 60, ""learning_rate"": 0.001, ""batch_size"": 128, ""epochs_run"": 38}"
02HM007,02,Persistence,default,0.023732344624166457,,null
02HM007,02,RF,default,0.022286030536057582,0.022529182102192107,null
02HM007,02,RF,level,0.02400032173640347,0.026033711206197976,null
02HM007,02,RF,tuned,0.021255808464189202,0.0220615069649806,"{""n_estimators"": 500, ""max_depth"": 20, ""min_samples_leaf"": 5, ""max_features"": 0.5}"
02HM007,02,XGB,default,0.021031565653206085,0.022669796185028238,null
02HM007,02,XGB,level,0.023424306311516548,0.024493235012671553,null
02HM007,02,XGB,tuned,0.020628333875092823,0.02193563737980424,"{""n_estimators"": 300, ""max_depth"": 3, ""learning_rate"": 0.1, ""subsample"": 1.0, ""colsample_bytree"": 0.7, ""min_child_weight"": 1, ""best_iteration"": 130}"
02MC023,02,LGBM,default,0.029380262406299772,0.03314945872096138,null
02MC023,02,LGBM,level,0.029439405550916453,0.03286108600965506,null
02MC023,02,LGBM,tuned,0.0293508231867124,0.033048843666117475,"{""n_estimators"": 1000, ""num_leaves"": 31, ""max_depth"": 10, ""learning_rate"": 0.01, ""min_child_samples"": 50, ""subsample"": 0.7, ""subsample_freq"": 1, ""best_iteration"": 375}"
02MC023,02,LSTM,default,0.029187143177737383,0.0327356295356641,null
02MC023,02,LSTM,level,0.030394258000558495,0.03383977961331678,null
02MC023,02,LSTM,tuned,0.029147577023960747,0.03255041744076948,"{""units"": 100, ""epochs"": 60, ""learning_rate"": 0.005, ""batch_size"": 128, ""epochs_run"": 12}"
02MC023,02,Persistence,default,0.03144024971691859,,null
02MC023,02,RF,default,0.02996974419477561,0.0338842009412783,null
02MC023,02,RF,level,0.0301165863009507,0.03372869634757906,null
02MC023,02,RF,tuned,0.029264171131014927,0.03309027753594668,"{""n_estimators"": 300, ""max_depth"": 20, ""min_samples_leaf"": 10, ""max_features"": 0.5}"
02MC023,02,XGB,default,0.02938161731279012,0.033113030599481334,null
02MC023,02,XGB,level,0.02971402459630629,0.032892816761181956,null
02MC023,02,XGB,tuned,0.029336734013446705,0.03307199190511748,"{""n_estimators"": 100, ""max_depth"": 5, ""learning_rate"": 0.1, ""subsample"": 1.0, ""colsample_bytree"": 0.7, ""min_child_weight"": 5, ""best_iteration"": 50}"
02OA069,02,LGBM,default,0.069592971776155,0.049333293653315034,null
02OA069,02,LGBM,level,0.0714701640401335,0.05136760415392504,null
02OA069,02,LGBM,tuned,0.06940223404687813,0.04925519860724486,"{""n_estimators"": 100, ""num_leaves"": 15, ""max_depth"": 5, ""learning_rate"": 0.1, ""min_child_samples"": 10, ""subsample"": 0.7, ""subsample_freq"": 1, ""best_iteration"": 12}"
02OA069,02,LSTM,default,0.06873348613792454,0.05059737201065999,null
02OA069,02,LSTM,level,0.10051620882762669,0.07257107686707347,null
02OA069,02,LSTM,tuned,0.06912120930968711,0.0500511149815647,"{""units"": 50, ""epochs"": 60, ""learning_rate"": 0.005, ""batch_size"": 128, ""epochs_run"": 16}"
02OA069,02,Persistence,default,0.07409896467331083,,null
02OA069,02,RF,default,0.07089448162764521,0.052765870490380375,null
02OA069,02,RF,level,0.07005722102090338,0.05355877642035486,null
02OA069,02,RF,tuned,0.06888442933471198,0.050059447787984296,"{""n_estimators"": 300, ""max_depth"": 10, ""min_samples_leaf"": 10, ""max_features"": ""sqrt""}"
02OA069,02,XGB,default,0.06926169153029398,0.05105298234603969,null
02OA069,02,XGB,level,0.07125584532976695,0.051390717033699594,null
02OA069,02,XGB,tuned,0.06957018660469576,0.049926071012330715,"{""n_estimators"": 1000, ""max_depth"": 3, ""learning_rate"": 0.3, ""subsample"": 0.7, ""colsample_bytree"": 1.0, ""min_child_weight"": 5, ""best_iteration"": 6}"
02OF015,02,LGBM,default,0.014214583239857545,0.013295107740518355,null
02OF015,02,LGBM,level,0.015081701523769146,0.013561732818240715,null
02OF015,02,LGBM,tuned,0.01422636461926623,0.013192411119610597,"{""n_estimators"": 100, ""num_leaves"": 15, ""max_depth"": 5, ""learning_rate"": 0.1, ""min_child_samples"": 10, ""subsample"": 1.0, ""subsample_freq"": 1, ""best_iteration"": 27}"
02OF015,02,LSTM,default,0.014328290754777118,0.013334045310031737,null
02OF015,02,LSTM,level,0.022444163178523987,0.021434259157012563,null
02OF015,02,LSTM,tuned,0.014166726068898308,0.013204024989882894,"{""units"": 100, ""epochs"": 30, ""learning_rate"": 0.001, ""batch_size"": 128, ""epochs_run"": 17}"
02OF015,02,Persistence,default,0.015639357248798103,,null
02OF015,02,RF,default,0.014339398720357882,0.013684881708294286,null
02OF015,02,RF,level,0.015322744656706785,0.014060342962095606,null
02OF015,02,RF,tuned,0.014185129994013336,0.013287717024901639,"{""n_estimators"": 500, ""max_depth"": 10, ""min_samples_leaf"": 10, ""max_features"": 0.5}"
02OF015,02,XGB,default,0.014278543066040983,0.013185884870985067,null
02OF015,02,XGB,level,0.015089774557125369,0.01348324243616445,null
02OF015,02,XGB,tuned,0.014323165155677569,0.013174463798153334,"{""n_estimators"": 100, ""max_depth"": 5, ""learning_rate"": 0.1, ""subsample"": 1.0, ""colsample_bytree"": 0.7, ""min_child_weight"": 5, ""best_iteration"": 30}"
02PC014,02,LGBM,default,0.01784498892024444,0.016375900770486868,null
02PC014,02,LGBM,level,0.028787464884594983,0.02836689033372737,null
02PC014,02,LGBM,tuned,0.017543499870068206,0.01577821128981222,"{""n_estimators"": 100, ""num_leaves"": 15, ""max_depth"": -1, ""learning_rate"": 0.1, ""min_child_samples"": 20, ""subsample"": 0.7, ""subsample_freq"": 1, ""best_iteration"": 29}"
02PC014,02,LSTM,default,0.0176039285119227,0.01678674332272356,null
02PC014,02,LSTM,level,0.05562324386044317,0.04748045938211671,null
02PC014,02,LSTM,tuned,0.01638474008862873,0.015527769033122004,"{""units"": 50, ""epochs"": 60, ""learning_rate"": 0.005, ""batch_size"": 32, ""epochs_run"": 16}"
02PC014,02,Persistence,default,0.020549834753759363,,null
02PC014,02,RF,default,0.017794236487437776,0.015243907985631256,null
02PC014,02,RF,level,0.021113357597682434,0.01996661734954673,null
02PC014,02,RF,tuned,0.017666939484579963,0.014939184190549596,"{""n_estimators"": 100, ""max_depth"": 20, ""min_samples_leaf"": 1, ""max_features"": 1.0}"
02PC014,02,XGB,default,0.017182216228528252,0.01581714242366318,null
02PC014,02,XGB,level,0.020698790465524867,0.02017585892968568,null
02PC014,02,XGB,tuned,0.017802148671700678,0.01533941014604861,"{""n_estimators"": 1000, ""max_depth"": 9, ""learning_rate"": 0.05, ""subsample"": 1.0, ""colsample_bytree"": 1.0, ""min_child_weight"": 1, ""best_iteration"": 42}"
02PG014,02,LGBM,default,0.03918999986088166,0.0737453992924268,null
02PG014,02,LGBM,level,0.04232014930883151,0.08257806365960976,null
02PG014,02,LGBM,tuned,0.04076460755719768,0.07202246817642437,"{""n_estimators"": 1000, ""num_leaves"": 63, ""max_depth"": 10, ""learning_rate"": 0.3, ""min_child_samples"": 20, ""subsample"": 0.7, ""subsample_freq"": 1, ""best_iteration"": 9}"
02PG014,02,LSTM,default,0.03822977423267931,0.07753967923261729,null
02PG014,02,LSTM,level,0.07293263013801235,0.13052546571350016,null
02PG014,02,LSTM,tuned,0.0384166180100025,0.07290558027283547,"{""units"": 100, ""epochs"": 60, ""learning_rate"": 0.005, ""batch_size"": 128, ""epochs_run"": 31}"
02PG014,02,Persistence,default,0.04063501961703868,,null
02PG014,02,RF,default,0.04361298466982729,0.08594488689985826,null
02PG014,02,RF,level,0.04350278969035619,0.07878942915354453,null
02PG014,02,RF,tuned,0.04056104861090046,0.07381884399003585,"{""n_estimators"": 300, ""max_depth"": 20, ""min_samples_leaf"": 10, ""max_features"": 1.0}"
02PG014,02,XGB,default,0.038297359715292814,0.07487211323159175,null
02PG014,02,XGB,level,0.043933824678458314,0.07483749145644591,null
02PG014,02,XGB,tuned,0.03795017017749015,0.07222569484590313,"{""n_estimators"": 300, ""max_depth"": 3, ""learning_rate"": 0.05, ""subsample"": 0.7, ""colsample_bytree"": 1.0, ""min_child_weight"": 1, ""best_iteration"": 43}"
02XA003,02,LGBM,default,0.037074960389478155,0.0386575905624414,null
02XA003,02,LGBM,level,0.042628645617800075,0.051265974822551914,null
02XA003,02,LGBM,tuned,0.037569631663761954,0.03847870008528003,"{""n_estimators"": 300, ""num_leaves"": 31, ""max_depth"": 5, ""learning_rate"": 0.1, ""min_child_samples"": 50, ""subsample"": 0.7, ""subsample_freq"": 1, ""best_iteration"": 27}"
02XA003,02,LSTM,default,0.0365592884972733,0.03724801794133676,null
02XA003,02,LSTM,level,0.0757276027943242,0.08397153881030234,null
02XA003,02,LSTM,tuned,0.036235235288860204,0.036946000488418486,"{""units"": 50, ""epochs"": 10, ""learning_rate"": 0.005, ""batch_size"": 32, ""epochs_run"": 10}"
02XA003,02,Persistence,default,0.05925476150119398,,null
02XA003,02,RF,default,0.040110519269928264,0.040797795801186296,null
02XA003,02,RF,level,0.041866053009579754,0.04856560425554165,null
02XA003,02,RF,tuned,0.037505360008975155,0.03901669393228551,"{""n_estimators"": 100, ""max_depth"": null, ""min_samples_leaf"": 10, ""max_features"": 0.5}"
02XA003,02,XGB,default,0.04074175528758031,0.040286103976527786,null
02XA003,02,XGB,level,0.04727125383424326,0.05287979006810932,null
02XA003,02,XGB,tuned,0.040028874933110664,0.03884297936399368,"{""n_estimators"": 300, ""max_depth"": 5, ""learning_rate"": 0.01, ""subsample"": 0.7, ""colsample_bytree"": 1.0, ""min_child_weight"": 5, ""best_iteration"": 282}"
03DA001,03,LGBM,default,0.010862961118215341,0.014500139242890932,null
03DA001,03,LGBM,level,0.010894398154893577,0.014134067764841798,null
03DA001,03,LGBM,tuned,0.010775394154969293,0.01419958484925331,"{""n_estimators"": 300, ""num_leaves"": 15, ""max_depth"": 5, ""learning_rate"": 0.05, ""min_child_samples"": 50, ""subsample"": 0.7, ""subsample_freq"": 1, ""best_iteration"": 57}"
03DA001,03,LSTM,default,0.01073525738333515,0.014359252941931432,null
03DA001,03,LSTM,level,0.023505645672099746,0.02901393320780564,null
03DA001,03,LSTM,tuned,0.010771375532304443,0.014177020865737652,"{""units"": 100, ""epochs"": 60, ""learning_rate"": 0.001, ""batch_size"": 128, ""epochs_run"": 14}"
03DA001,03,Persistence,default,0.0144263674825009,,null
03DA001,03,RF,default,0.011594491036695158,0.014703720558977583,null
03DA001,03,RF,level,0.01169722964285251,0.0150133917423001,null
03DA001,03,RF,tuned,0.010990054922875237,0.014206937118326678,"{""n_estimators"": 500, ""max_depth"": 10, ""min_samples_leaf"": 1, ""max_features"": 1.0}"
03DA001,03,XGB,default,0.010828213608094783,0.014299466571390416,null
03DA001,03,XGB,level,0.010999725770896607,0.014254213950707063,null
03DA001,03,XGB,tuned,0.01067048179628788,0.014073638113954403,"{""n_estimators"": 300, ""max_depth"": 3, ""learning_rate"": 0.1, ""subsample"": 1.0, ""colsample_bytree"": 0.7, ""min_child_weight"": 1, ""best_iteration"": 44}"
03FC008,03,LGBM,default,0.09677016117174561,0.010110663096730409,null
03FC008,03,LGBM,level,0.10469639494474026,0.010723852559742467,null
03FC008,03,LGBM,tuned,0.09670535491855976,0.010064178798882183,"{""n_estimators"": 1000, ""num_leaves"": 31, ""max_depth"": -1, ""learning_rate"": 0.3, ""min_child_samples"": 50, ""subsample"": 1.0, ""subsample_freq"": 1, ""best_iteration"": 9}"
03FC008,03,LSTM,default,0.09602560583174168,0.010248297155615167,null
03FC008,03,LSTM,level,0.18353616917300764,0.017597572780842865,null
03FC008,03,LSTM,tuned,0.0960631819534987,0.010139749537019047,"{""units"": 50, ""epochs"": 10, ""learning_rate"": 0.001, ""batch_size"": 128, ""epochs_run"": 10}"
03FC008,03,Persistence,default,0.09789131105387155,,null
03FC008,03,RF,default,0.09675876619417453,0.010691449859937693,null
03FC008,03,RF,level,0.10420504532019018,0.0116212150460523,null
03FC008,03,RF,tuned,0.09672800721433022,0.010013059115880208,"{""n_estimators"": 300, ""max_depth"": 10, ""min_samples_leaf"": 10, ""max_features"": 1.0}"
03FC008,03,XGB,default,0.09664226173258436,0.01004137403813348,null
03FC008,03,XGB,level,0.10517387806866575,0.010979501009649062,null
03FC008,03,XGB,tuned,0.0964548033498391,0.009928215686664339,"{""n_estimators"": 300, ""max_depth"": 7, ""learning_rate"": 0.1, ""subsample"": 1.0, ""colsample_bytree"": 1.0, ""min_child_weight"": 1, ""best_iteration"": 33}"
03GD003,03,LGBM,default,0.015296574910809086,0.00940524682202429,null
03GD003,03,LGBM,level,0.031168830679231582,0.00913611178670292,null
03GD003,03,LGBM,tuned,0.015275779558289758,0.00886041700727797,"{""n_estimators"": 300, ""num_leaves"": 63, ""max_depth"": 5, ""learning_rate"": 0.05, ""min_child_samples"": 10, ""subsample"": 0.7, ""subsample_freq"": 1, ""best_iteration"": 35}"
03GD003,03,LSTM,default,0.015614902378774068,0.009056853190063881,null
03GD003,03,LSTM,level,0.027561675607330992,0.012472973586308842,null
03GD003,03,LSTM,tuned,0.015501340583262848,0.00843592466406274,"{""units"": 50, ""epochs"": 30, ""learning_rate"": 0.005, ""batch_size"": 128, ""epochs_run"": 23}"
03GD003,03,Persistence,default,0.015427248620541484,,null
03GD003,03,RF,default,0.015275120355876476,0.009080306419008151,null
03GD003,03,RF,level,0.025652052549454334,0.010273149468395512,null
03GD003,03,RF,tuned,0.015292645153719036,0.008727713683885037,"{""n_estimators"": 300, ""max_depth"": 10, ""min_samples_leaf"": 1, ""max_features"": 1.0}"
03GD003,03,XGB,default,0.015371812360740745,0.008606401732978997,null
03GD003,03,XGB,level,0.028213337376604204,0.00978823814669001,null
03GD003,03,XGB,tuned,0.015223334277833346,0.008198753408682884,"{""n_estimators"": 1000, ""max_depth"": 9, ""learning_rate"": 0.3, ""subsample"": 0.7, ""colsample_bytree"": 1.0, ""min_child_weight"": 5, ""best_iteration"": 4}"
03HA016,03,LGBM,default,0.047182261752609596,0.037820996015024526,null
03HA016,03,LGBM,level,0.043908181172567624,0.03873019736293537,null
03HA016,03,LGBM,tuned,0.04868996549225627,0.03740955827926145,"{""n_estimators"": 300, ""num_leaves"": 63, ""max_depth"": 10, ""learning_rate"": 0.3, ""min_child_samples"": 50, ""subsample"": 1.0, ""subsample_freq"": 1, ""best_iteration"": 3}"
03HA016,03,LSTM,default,0.048135968168955885,0.03896016372625948,null
03HA016,03,LSTM,level,0.0423705173124895,0.08203347577855302,null
03HA016,03,LSTM,tuned,0.04871580042126818,0.036445216142075625,"{""units"": 100, ""epochs"": 30, ""learning_rate"": 0.005, ""batch_size"": 128, ""epochs_run"": 12}"
03HA016,03,Persistence,default,0.04679953075011923,,null
03HA016,03,RF,default,0.04807556819324551,0.03933311058531121,null
03HA016,03,RF,level,0.04884957101383094,0.04285400432018541,null
03HA016,03,RF,tuned,0.04773658214300993,0.038539569537190836,"{""n_estimators"": 300, ""max_depth"": 10, ""min_samples_leaf"": 10, ""max_features"": ""sqrt""}"
03HA016,03,XGB,default,0.04650499967890054,0.03817228036921946,null
03HA016,03,XGB,level,0.04626878300730618,0.04424143826770745,null
03HA016,03,XGB,tuned,0.04702439217222975,0.035916444195782354,"{""n_estimators"": 300, ""max_depth"": 3, ""learning_rate"": 0.1, ""subsample"": 1.0, ""colsample_bytree"": 0.7, ""min_child_weight"": 1, ""best_iteration"": 38}"
03JA002,03,LGBM,default,0.011064797056179103,0.008826831256525586,null
03JA002,03,LGBM,level,0.011982678122816528,0.009367340084875308,null
03JA002,03,LGBM,tuned,0.010926212464710518,0.008594707204268307,"{""n_estimators"": 1000, ""num_leaves"": 15, ""max_depth"": -1, ""learning_rate"": 0.05, ""min_child_samples"": 20, ""subsample"": 0.7, ""subsample_freq"": 1, ""best_iteration"": 70}"
03JA002,03,LSTM,default,0.010792930266711697,0.008744189083635667,null
03JA002,03,LSTM,level,0.028697220930987595,0.03453019638792859,null
03JA002,03,LSTM,tuned,0.011586942560760219,0.008441381100163863,"{""units"": 100, ""epochs"": 60, ""learning_rate"": 0.001, ""batch_size"": 32, ""epochs_run"": 6}"
03JA002,03,Persistence,default,0.014751612213350784,,null
03JA002,03,RF,default,0.01090708288527102,0.009869457155315516,null
03JA002,03,RF,level,0.011838266837414983,0.011846642801267088,null
03JA002,03,RF,tuned,0.01081203372465824,0.00856311375011281,"{""n_estimators"": 100, ""max_depth"": 10, ""min_samples_leaf"": 10, ""max_features"": ""sqrt""}"
03JA002,03,XGB,default,0.010967786878165216,0.009134837860007222,null
03JA002,03,XGB,level,0.011280732837537845,0.009692099285602706,null
03JA002,03,XGB,tuned,0.010870796508276864,0.008683326083356684,"{""n_estimators"": 1000, ""max_depth"": 7, ""learning_rate"": 0.01, ""subsample"": 0.7, ""colsample_bytree"": 0.7, ""min_child_weight"": 5, ""best_iteration"": 456}"
03LB003,03,LGBM,default,0.03055707156951318,0.03158315427263957,null
03LB003,03,LGBM,level,0.037318649759267,0.03918554628783955,null
03LB003,03,LGBM,tuned,0.027359225437068372,0.030336912616508328,"{""n_estimators"": 300, ""num_leaves"": 63, ""max_depth"": -1, ""learning_rate"": 0.3, ""min_child_samples"": 50, ""subsample"": 1.0, ""subsample_freq"": 1, ""best_iteration"": 5}"
03LB003,03,LSTM,default,0.035194792917284896,0.031455031976086595,null
03LB003,03,LSTM,level,0.05996301888574356,0.06206302665758593,null
03LB003,03,LSTM,tuned,0.0416828939038517,0.03073730715800613,"{""units"": 50, ""epochs"": 30, ""learning_rate"": 0.005, ""batch_size"": 32, ""epochs_run"": 9}"
03LB003,03,Persistence,default,0.03616036443012638,,null
03LB003,03,RF,default,0.05380235648341257,0.034010991957689224,null
03LB003,03,RF,level,0.03150783585546805,0.03600201813839258,null
03LB003,03,RF,tuned,0.030392962539109857,0.03205603746275104,"{""n_estimators"": 300, ""max_depth"": 20, ""min_samples_leaf"": 10, ""max_features"": 0.5}"
03LB003,03,XGB,default,0.041653890455941624,0.031110539540508294,null
03LB003,03,XGB,level,0.04013843645869396,0.038944341123967,null
03LB003,03,XGB,tuned,0.04116055499187888,0.03063061199924408,"{""n_estimators"": 1000, ""max_depth"": 3, ""learning_rate"": 0.1, ""subsample"": 0.7, ""colsample_bytree"": 1.0, ""min_child_weight"": 5, ""best_iteration"": 14}"
03MA002,03,LGBM,default,0.007976600313183127,0.010360160856210316,null
03MA002,03,LGBM,level,0.08463308334580316,0.040826042561583474,null
03MA002,03,LGBM,tuned,0.008267618685552173,0.010128960153288465,"{""n_estimators"": 300, ""num_leaves"": 63, ""max_depth"": 10, ""learning_rate"": 0.01, ""min_child_samples"": 50, ""subsample"": 0.7, ""subsample_freq"": 1, ""best_iteration"": 31}"
03MA002,03,LSTM,default,0.008503951281950587,0.011141287630381625,null
03MA002,03,LSTM,level,0.08176340950086985,0.05901605284824406,null
03MA002,03,LSTM,tuned,0.008335765230096999,0.010279526296585557,"{""units"": 100, ""epochs"": 60, ""learning_rate"": 0.005, ""batch_size"": 128, ""epochs_run"": 8}"
03MA002,03,Persistence,default,0.008477912478911446,,null
03MA002,03,RF,default,0.007741119568709899,0.012479810442289114,null
03MA002,03,RF,level,0.04434396802271677,0.011490474315720497,null
03MA002,03,RF,tuned,0.00829295162779698,0.011289653373031184,"{""n_estimators"": 500, ""max_depth"": 10, ""min_samples_leaf"": 10, ""max_features"": ""sqrt""}"
03MA002,03,XGB,default,0.007958137787420393,0.010259960350346363,null
03MA002,03,XGB,level,0.04909884645877091,0.0117441265648896,null
03MA002,03,XGB,tuned,0.008056211530408534,0.01005751279744746,"{""n_estimators"": 1000, ""max_depth"": 9, ""learning_rate"": 0.1, ""subsample"": 0.7, ""colsample_bytree"": 1.0, ""min_child_weight"": 5, ""best_iteration"": 1}"
03NE002,03,LGBM,default,0.009261325248509637,0.034206602692261556,null
03NE002,03,LGBM,level,0.013088114640080292,0.058181541439919576,null
03NE002,03,LGBM,tuned,0.009862263776282862,0.0316651471679733,"{""n_estimators"": 300, ""num_leaves"": 31, ""max_depth"": 5, ""learning_rate"": 0.3, ""min_child_samples"": 20, ""subsample"": 0.7, ""subsample_freq"": 1, ""best_iteration"": 15}"
03NE002,03,LSTM,default,0.009100519370047477,0.03719425470650919,null
03NE002,03,LSTM,level,0.016560181208473728,0.05550781432719339,null
03NE002,03,LSTM,tuned,0.009190274148282506,0.03580077850453394,"{""units"": 50, ""epochs"": 60, ""learning_rate"": 0.005, ""batch_size"": 128, ""epochs_run"": 11}"
03NE002,03,Persistence,default,0.010789826559052649,,null
03NE002,03,RF,default,0.009911902520834166,0.0395733570030643,null
03NE002,03,RF,level,0.01914064252491712,0.05268223082709944,null
03NE002,03,RF,tuned,0.009131437388291403,0.03458310891046189,"{""n_estimators"": 100, ""max_depth"": 20, ""min_samples_leaf"": 10, ""max_features"": 1.0}"
03NE002,03,XGB,default,0.008968245293140099,0.03929315691514184,null
03NE002,03,XGB,level,0.01974091155098766,0.055194958625472614,null
03NE002,03,XGB,tuned,0.0104319872930584,0.035210799658951596,"{""n_estimators"": 300, ""max_depth"": 3, ""learning_rate"": 0.3, ""subsample"": 0.7, ""colsample_bytree"": 0.7, ""min_child_weight"": 5, ""best_iteration"": 4}"
03NE013,03,LGBM,default,0.03590838909027011,0.06668725016828327,null
03NE013,03,LGBM,level,0.038257112285774976,0.08754327134872163,null
03NE013,03,LGBM,tuned,0.036719143111898146,0.06535377333856873,"{""n_estimators"": 300, ""num_leaves"": 63, ""max_depth"": -1, ""learning_rate"": 0.3, ""min_child_samples"": 50, ""subsample"": 1.0, ""subsample_freq"": 1, ""best_iteration"": 1}"
03NE013,03,LSTM,default,0.04071832952159964,0.07297610548704597,null
03NE013,03,LSTM,level,0.06837813615477159,0.10648818798548293,null
03NE013,03,LSTM,tuned,0.037801026111296106,0.06924287654912117,"{""units"": 100, ""epochs"": 60, ""learning_rate"": 0.005, ""batch_size"": 128, ""epochs_run"": 6}"
03NE013,03,Persistence,default,0.03565434837631355,,null
03NE013,03,RF,default,0.0384999928646928,0.08291502670548356,null
03NE013,03,RF,level,0.03564070482885645,0.08073957611458446,null
03NE013,03,RF,tuned,0.038325161923878914,0.07259664786319736,"{""n_estimators"": 100, ""max_depth"": 20, ""min_samples_leaf"": 10, ""max_features"": ""sqrt""}"
03NE013,03,XGB,default,0.035705332490711776,0.06777336424352329,null
03NE013,03,XGB,level,0.03868461243844884,0.0806991979765176,null
03NE013,03,XGB,tuned,0.036114987119512415,0.06546229112353721,"{""n_estimators"": 100, ""max_depth"": 5, ""learning_rate"": 0.3, ""subsample"": 0.7, ""colsample_bytree"": 0.7, ""min_child_weight"": 5, ""best_iteration"": 0}"
03OE006,03,LGBM,default,0.04055512310099692,0.03361393738787291,null
03OE006,03,LGBM,level,0.10257312323809593,0.06183121839981709,null
03OE006,03,LGBM,tuned,0.04059037272803947,0.03305307062564588,"{""n_estimators"": 100, ""num_leaves"": 15, ""max_depth"": 5, ""learning_rate"": 0.1, ""min_child_samples"": 20, ""subsample"": 0.7, ""subsample_freq"": 1, ""best_iteration"": 35}"
03OE006,03,LSTM,default,0.05235104173426071,0.03948838733208404,null
03OE006,03,LSTM,level,0.10440465991438247,0.07555535559247803,null
03OE006,03,LSTM,tuned,0.04097530689412924,0.03434577883913183,"{""units"": 25, ""epochs"": 60, ""learning_rate"": 0.005, ""batch_size"": 32, ""epochs_run"": 32}"
03OE006,03,Persistence,default,0.05257831943678637,,null
03OE006,03,RF,default,0.035613814047647435,0.034228371226537824,null
03OE006,03,RF,level,0.10358721319055424,0.06503850961381936,null
03OE006,03,RF,tuned,0.038029024655155286,0.033929930835112504,"{""n_estimators"": 300, ""max_depth"": 10, ""min_samples_leaf"": 5, ""max_features"": 1.0}"
03OE006,03,XGB,default,0.03723364992624171,0.03327291511563418,null
03OE006,03,XGB,level,0.1055726224868271,0.06536572276712085,null
03OE006,03,XGB,tuned,0.038994479828363224,0.03165995365680233,"{""n_estimators"": 300, ""max_depth"": 3, ""learning_rate"": 0.3, ""subsample"": 1.0, ""colsample_bytree"": 0.7, ""min_child_weight"": 1, ""best_iteration"": 88}"
03OE019,03,LGBM,default,0.09659423229693652,0.06412932475337269,null
03OE019,03,LGBM,level,0.09399929748723497,0.0719818710766712,null
03OE019,03,LGBM,tuned,0.09227200340377381,0.06333883257346053,"{""n_estimators"": 100, ""num_leaves"": 63, ""max_depth"": -1, ""learning_rate"": 0.3, ""min_child_samples"": 10, ""subsample"": 0.7, ""subsample_freq"": 1, ""best_iteration"": 2}"
03OE019,03,LSTM,default,0.09344709415108625,0.06510276357586181,null
03OE019,03,LSTM,level,0.16364941721852005,0.09642243529797555,null
03OE019,03,LSTM,tuned,0.09533388135573334,0.0643147483841122,"{""units"": 100, ""epochs"": 60, ""learning_rate"": 0.001, ""batch_size"": 128, ""epochs_run"": 8}"
03OE019,03,Persistence,default,0.09756216397213714,,null
03OE019,03,RF,default,0.09283825574979546,0.06862937790643542,null
03OE019,03,RF,level,0.09681919826677006,0.06884712711625786,null
03OE019,03,RF,tuned,0.09275227177712317,0.06525284184426676,"{""n_estimators"": 100, ""max_depth"": 10, ""min_samples_leaf"": 5, ""max_features"": ""sqrt""}"
03OE019,03,XGB,default,0.0944703935466918,0.06336768971501654,null
03OE019,03,XGB,level,0.09828973368078527,0.06969141392204269,null
03OE019,03,XGB,tuned,0.09339104421864886,0.06348565985549288,"{""n_estimators"": 100, ""max_depth"": 3, ""learning_rate"": 0.1, ""subsample"": 1.0, ""colsample_bytree"": 1.0, ""min_child_weight"": 5, ""best_iteration"": 7}"
03PD001,03,LGBM,default,0.0838846165270775,0.0950696598424606,null
03PD001,03,LGBM,level,0.08353445558630082,0.09599050299848312,null
03PD001,03,LGBM,tuned,0.08402472247361056,0.0945664268537876,"{""n_estimators"": 1000, ""num_leaves"": 15, ""max_depth"": 5, ""learning_rate"": 0.05, ""min_child_samples"": 20, ""subsample"": 1.0, ""subsample_freq"": 1, ""best_iteration"": 42}"
03PD001,03,LSTM,default,0.08343845622945989,0.09760663595124645,null
03PD001,03,LSTM,level,0.10854062270985051,0.12123160251049817,null
03PD001,03,LSTM,tuned,0.08414824600752757,0.09686893271217567,"{""units"": 50, ""epochs"": 60, ""learning_rate"": 0.005, ""batch_size"": 128, ""epochs_run"": 7}"
03PD001,03,Persistence,default,0.08822278993268749,,null
03PD001,03,RF,default,0.08566258299447051,0.09636747883545813,null
03PD001,03,RF,level,0.08334414788531859,0.09838131100347214,null
03PD001,03,RF,tuned,0.08384429092949479,0.0955420159509473,"{""n_estimators"": 300, ""max_depth"": 10, ""min_samples_leaf"": 1, ""max_features"": 1.0}"
03PD001,03,XGB,default,0.08587108718118078,0.09752945192684846,null
03PD001,03,XGB,level,0.08195168004535193,0.09643466419456427,null
03PD001,03,XGB,tuned,0.09214911092326414,0.09384605658634203,"{""n_estimators"": 300, ""max_depth"": 7, ""learning_rate"": 0.3, ""subsample"": 0.7, ""colsample_bytree"": 1.0, ""min_child_weight"": 5, ""best_iteration"": 10}"
03QC001,03,LGBM,default,0.06796223127152196,0.06875024950010852,null
03QC001,03,LGBM,level,0.07396965306405162,0.08550716094752296,null
03QC001,03,LGBM,tuned,0.0666260850385999,0.06713432925018595,"{""n_estimators"": 100, ""num_leaves"": 63, ""max_depth"": 5, ""learning_rate"": 0.1, ""min_child_samples"": 20, ""subsample"": 0.7, ""subsample_freq"": 1, ""best_iteration"": 35}"
03QC001,03,LSTM,default,0.06636580612288584,0.06986092270410306,null
03QC001,03,LSTM,level,0.1282155735761261,0.1341026360776482,null
03QC001,03,LSTM,tuned,0.0650178377272623,0.06789813947791247,"{""units"": 50, ""epochs"": 60, ""learning_rate"": 0.001, ""batch_size"": 128, ""epochs_run"": 60}"
03QC001,03,Persistence,default,0.0868788425519718,,null
03QC001,03,RF,default,0.06788050078414859,0.06908927604736456,null
03QC001,03,RF,level,0.07379825667647973,0.07856931479552073,null
03QC001,03,RF,tuned,0.06721396611714525,0.06791462568978347,"{""n_estimators"": 100, ""max_depth"": 20, ""min_samples_leaf"": 5, ""max_features"": 0.5}"
03QC001,03,XGB,default,0.06750856389667897,0.06689382054710033,null
03QC001,03,XGB,level,0.07290095645503451,0.09014829561002528,null
03QC001,03,XGB,tuned,0.07035715644915219,0.06574061091996149,"{""n_estimators"": 300, ""max_depth"": 7, ""learning_rate"": 0.3, ""subsample"": 1.0, ""colsample_bytree"": 1.0, ""min_child_weight"": 1, ""best_iteration"": 14}"
03QC003,03,LGBM,default,0.04595967795591427,0.08947052122563962,null
03QC003,03,LGBM,level,0.05727262759063648,0.10215620943750048,null
03QC003,03,LGBM,tuned,0.04310974497720909,0.08730070365762754,"{""n_estimators"": 300, ""num_leaves"": 31, ""max_depth"": 10, ""learning_rate"": 0.1, ""min_child_samples"": 50, ""subsample"": 0.7, ""subsample_freq"": 1, ""best_iteration"": 10}"
03QC003,03,LSTM,default,0.046178175905926086,0.09357706202286645,null
03QC003,03,LSTM,level,0.12222859751442358,0.1571201427352291,null
03QC003,03,LSTM,tuned,0.04518814639820388,0.09095090512236938,"{""units"": 100, ""epochs"": 60, ""learning_rate"": 0.001, ""batch_size"": 32, ""epochs_run"": 31}"
03QC003,03,Persistence,default,0.05416200768918261,,null
03QC003,03,RF,default,0.051978023575427426,0.09387366634649642,null
03QC003,03,RF,level,0.08566899220479139,0.10648369083187481,null
03QC003,03,RF,tuned,0.042572111231354244,0.09133206135503094,"{""n_estimators"": 500, ""max_depth"": 20, ""min_samples_leaf"": 10, ""max_features"": 1.0}"
03QC003,03,XGB,default,0.0469604154597503,0.08924398324100143,null
03QC003,03,XGB,level,0.0855429635807013,0.10502580337937306,null
03QC003,03,XGB,tuned,0.04563677713343774,0.08712263568764486,"{""n_estimators"": 300, ""max_depth"": 9, ""learning_rate"": 0.1, ""subsample"": 1.0, ""colsample_bytree"": 1.0, ""min_child_weight"": 5, ""best_iteration"": 5}"
04AA004,04,LGBM,default,0.0053033637247332,0.011919049455053475,null
04AA004,04,LGBM,level,0.06018870935319126,0.02510127514306117,null
04AA004,04,LGBM,tuned,0.0041585512801617115,0.011553121827589321,"{""n_estimators"": 100, ""num_leaves"": 31, ""max_depth"": -1, ""learning_rate"": 0.3, ""min_child_samples"": 50, ""subsample"": 0.7, ""subsample_freq"": 1, ""best_iteration"": 7}"
04AA004,04,LSTM,default,0.004475004024992899,0.011882946117074699,null
04AA004,04,LSTM,level,0.016123262165236588,0.039606720448537476,null
04AA004,04,LSTM,tuned,0.0042178157465396935,0.010410503854175114,"{""units"": 100, ""epochs"": 30, ""learning_rate"": 0.001, ""batch_size"": 32, ""epochs_run"": 6}"
04AA004,04,Persistence,default,0.0045351480204690415,,null
04AA004,04,RF,default,0.005506249029816083,0.014618814687147057,null
04AA004,04,RF,level,0.06948626624950863,0.038340419738372905,null
04AA004,04,RF,tuned,0.0043617024879749,0.012729404361464063,"{""n_estimators"": 100, ""max_depth"": 20, ""min_samples_leaf"": 10, ""max_features"": ""sqrt""}"
04AA004,04,XGB,default,0.005178672036309388,0.01203651988298987,null
04AA004,04,XGB,level,0.06812161087017808,0.02169514544407148,null
04AA004,04,XGB,tuned,0.004731841633817981,0.011430848749434412,"{""n_estimators"": 1000, ""max_depth"": 5, ""learning_rate"": 0.3, ""subsample"": 0.7, ""colsample_bytree"": 0.7, ""min_child_weight"": 5, ""best_iteration"": 0}"
04AC006,04,LGBM,default,0.007038526036602075,0.007799482378874838,null
04AC006,04,LGBM,level,0.00839058275440012,0.0091574444137192,null
04AC006,04,LGBM,tuned,0.007038526036602075,0.007799482378874838,"{""n_estimators"": 100, ""num_leaves"": 31, ""max_depth"": 5, ""learning_rate"": 0.1, ""min_child_samples"": 20, ""subsample"": 1.0, ""subsample_freq"": 1, ""best_iteration"": 23}"
04AC006,04,LSTM,default,0.007030406766260777,0.007784757006165459,null
04AC006,04,LSTM,level,0.01869969362029626,0.019837193444597636,null
04AC006,04,LSTM,tuned,0.007057960738625839,0.007747961498302548,"{""units"": 100, ""epochs"": 30, ""learning_rate"": 0.005, ""batch_size"": 128, ""epochs_run"": 8}"
04AC006,04,Persistence,default,0.008183570940203482,,null
04AC006,04,RF,default,0.007363160593892876,0.008025679790722426,null
04AC006,04,RF,level,0.00821791336045879,0.008472402299860576,null
04AC006,04,RF,tuned,0.007103356288757269,0.0077867695857463904,"{""n_estimators"": 100, ""max_depth"": 10, ""min_samples_leaf"": 1, ""max_features"": 0.5}"
04AC006,04,XGB,default,0.00705654046523612,0.007859246100881331,null
04AC006,04,XGB,level,0.008458036689364994,0.008623465872842559,null
04AC006,04,XGB,tuned,0.007070799520005511,0.007793200308091486,"{""n_estimators"": 1000, ""max_depth"": 3, ""learning_rate"": 0.01, ""subsample"": 1.0, ""colsample_bytree"": 0.7, ""min_child_weight"": 1, ""best_iteration"": 226}"
04CA001,04,LGBM,default,0.018186556351101,0.014902638182544477,null
04CA001,04,LGBM,level,0.017953530248813254,0.016226854062130685,null
04CA001,04,LGBM,tuned,0.01848227624614534,0.014802948358494656,"{""n_estimators"": 1000, ""num_leaves"": 31, ""max_depth"": -1, ""learning_rate"": 0.1, ""min_child_samples"": 20, ""subsample"": 1.0, ""subsample_freq"": 1, ""best_iteration"": 22}"
04CA001,04,LSTM,default,0.01801596327039924,0.01492347958674897,null
04CA001,04,LSTM,level,0.025071768998797282,0.023275727177802633,null
04CA001,04,LSTM,tuned,0.01817924929238875,0.014782289666711846,"{""units"": 50, ""epochs"": 60, ""learning_rate"": 0.005, ""batch_size"": 32, ""epochs_run"": 14}"
04CA001,04,Persistence,default,0.018290430547804444,,null
04CA001,04,RF,default,0.019106302245793103,0.016052083495698522,null
04CA001,04,RF,level,0.019099112733790658,0.01632517218154724,null
04CA001,04,RF,tuned,0.018112814628967203,0.014898838397902778,"{""n_estimators"": 300, ""max_depth"": 10, ""min_samples_leaf"": 10, ""max_features"": ""sqrt""}"
04CA001,04,XGB,default,0.01805342798787788,0.01507602428645722,null
04CA001,04,XGB,level,0.017752552371802344,0.016482699452183162,null
04CA001,04,XGB,tuned,0.018270658709951655,0.014766556553833127,"{""n_estimators"": 1000, ""max_depth"": 9, ""learning_rate"": 0.1, ""subsample"": 0.7, ""colsample_bytree"": 0.7, ""min_child_weight"": 5, ""best_iteration"": 19}"
04CA002,04,LGBM,default,0.03047817999410255,0.037020744192896485,null
04CA002,04,LGBM,level,0.15061409519217733,0.08070235919013109,null
04CA002,04,LGBM,tuned,0.0302537227734882,0.03681283518035215,"{""n_estimators"": 300, ""num_leaves"": 15, ""max_depth"": 5, ""learning_rate"": 0.05, ""min_child_samples"": 20, ""subsample"": 1.0, ""subsample_freq"": 1, ""best_iteration"": 120}"
04CA002,04,LSTM,default,0.030952356171805,0.038126804373479865,null
04CA002,04,LSTM,level,0.05133571803447985,0.07920674244819174,null
04CA002,04,LSTM,tuned,0.030070427121991632,0.036254126536398076,"{""units"": 100, ""epochs"": 60, ""learning_rate"": 0.005, ""batch_size"": 128, ""epochs_run"": 24}"
04CA002,04,Persistence,default,0.03284920586407708,,null
04CA002,04,RF,default,0.031757919534433396,0.0372780598976679,null
04CA002,04,RF,level,0.1407071006326235,0.07640708540105794,null
04CA002,04,RF,tuned,0.030812040240466427,0.036739123558010685,"{""n_estimators"": 100, ""max_depth"": 10, ""min_samples_leaf"": 5, ""max_features"": 0.5}"
04CA002,04,XGB,default,0.031867137542251116,0.03817961621279458,null
04CA002,04,XGB,level,0.1549857410026616,0.07524430833666244,null
04CA002,04,XGB,tuned,0.030799994087047557,0.03688504993481815,"{""n_estimators"": 1000, ""max_depth"": 3, ""learning_rate"": 0.1, ""subsample"": 0.7, ""colsample_bytree"": 1.0, ""min_child_weight"": 5, ""best_iteration"": 46}"
04DA001,04,LGBM,default,0.02702578086534768,0.01623061623866143,null
04DA001,04,LGBM,level,0.0823588911551401,0.021281039587281635,null
04DA001,04,LGBM,tuned,0.02567581442858044,0.015849070248291162,"{""n_estimators"": 1000, ""num_leaves"": 63, ""max_depth"": -1, ""learning_rate"": 0.05, ""min_child_samples"": 10, ""subsample"": 0.7, ""subsample_freq"": 1, ""best_iteration"": 78}"
04DA001,04,LSTM,default,0.02328710294887345,0.015902608211716164,null
04DA001,04,LSTM,level,0.03918806305723782,0.03263145353673467,null
04DA001,04,LSTM,tuned,0.02346508359383329,0.015535980348975591,"{""units"": 25, ""epochs"": 60, ""learning_rate"": 0.001, ""batch_size"": 32, ""epochs_run"": 46}"
04DA001,04,Persistence,default,0.046869468002942595,,null
04DA001,04,RF,default,0.027730503098674544,0.016324360743028267,null
04DA001,04,RF,level,0.04823597407057117,0.02045573764543945,null
04DA001,04,RF,tuned,0.025390549856512904,0.016058212193444117,"{""n_estimators"": 300, ""max_depth"": 10, ""min_samples_leaf"": 5, ""max_features"": 1.0}"
04DA001,04,XGB,default,0.027712250125400354,0.016238312952873566,null
04DA001,04,XGB,level,0.0670756785392332,0.021868960773398376,null
04DA001,04,XGB,tuned,0.028165556002262126,0.015921700754037326,"{""n_estimators"": 1000, ""max_depth"": 9, ""learning_rate"": 0.01, ""subsample"": 1.0, ""colsample_bytree"": 1.0, ""min_child_weight"": 5, ""best_iteration"": 258}"
04DA002,04,LGBM,default,0.007092641864126203,0.008490677206569902,null
04DA002,04,LGBM,level,0.011430473822694466,0.01505978848889484,null
04DA002,04,LGBM,tuned,0.0066364869648632505,0.007886387285978838,"{""n_estimators"": 100, ""num_leaves"": 63, ""max_depth"": 5, ""learning_rate"": 0.1, ""min_child_samples"": 10, ""subsample"": 0.7, ""subsample_freq"": 1, ""best_iteration"": 46}"
04DA002,04,LSTM,default,0.007667516963626482,0.008609350220772862,null
04DA002,04,LSTM,level,0.05120174816479801,0.05450425227355365,null
04DA002,04,LSTM,tuned,0.007048364746935349,0.00790183458424728,"{""units"": 25, ""epochs"": 30, ""learning_rate"": 0.005, ""batch_size"": 32, ""epochs_run"": 19}"
04DA002,04,Persistence,default,0.025685520161093604,,null
04DA002,04,RF,default,0.006941952310471419,0.008423374546007544,null
04DA002,04,RF,level,0.012446958414961538,0.01898110584588799,null
04DA002,04,RF,tuned,0.006824425965219219,0.008140692603041138,"{""n_estimators"": 300, ""max_depth"": 10, ""min_samples_leaf"": 5, ""max_features"": 1.0}"
04DA002,04,XGB,default,0.00658851744929656,0.007794590573459167,null
04DA002,04,XGB,level,0.012246497201982906,0.01522634281113167,null
04DA002,04,XGB,tuned,0.006597002318467634,0.007775017720184335,"{""n_estimators"": 1000, ""max_depth"": 3, ""learning_rate"": 0.1, ""subsample"": 1.0, ""colsample_bytree"": 0.7, ""min_child_weight"": 5, ""best_iteration"": 59}"
04DA003,04,LGBM,default,0.00882184078270071,0.010835131047731327,null
04DA003,04,LGBM,level,0.01168953776439841,0.011948091729639185,null
04DA003,04,LGBM,tuned,0.008840554416787076,0.010908819556009055,"{""n_estimators"": 100, ""num_leaves"": 63, ""max_depth"": 10, ""learning_rate"": 0.1, ""min_child_samples"": 50, ""subsample"": 1.0, ""subsample_freq"": 1, ""best_iteration"": 3}"
04DA003,04,LSTM,default,0.008560930925747463,0.011244687735844876,null
04DA003,04,LSTM,level,0.026517088869166736,0.02983155557925651,null
04DA003,04,LSTM,tuned,0.008481899045685375,0.010736999370189133,"{""units"": 50, ""epochs"": 30, ""learning_rate"": 0.001, ""batch_size"": 128, ""epochs_run"": 6}"
04DA003,04,Persistence,default,0.009205109446833261,,null
04DA003,04,RF,default,0.007943936354852923,0.013999377498049548,null
04DA003,04,RF,level,0.012347402785831057,0.01329172397507211,null
04DA003,04,RF,tuned,0.008025331224777502,0.011326590270540648,"{""n_estimators"": 500, ""max_depth"": 10, ""min_samples_leaf"": 10, ""max_features"": ""sqrt""}"
04DA003,04,XGB,default,0.008972344421197088,0.011038873025608702,null
04DA003,04,XGB,level,0.013344983166451233,0.014260373462740979,null
04DA003,04,XGB,tuned,0.008703494522202808,0.010593161759214079,"{""n_estimators"": 100, ""max_depth"": 7, ""learning_rate"": 0.3, ""subsample"": 1.0, ""colsample_bytree"": 0.7, ""min_child_weight"": 5, ""best_iteration"": 2}"
04FA001,04,LGBM,default,0.026033980096084333,0.015497077789811273,null
04FA001,04,LGBM,level,0.09300248181896893,0.018555476676730777,null
04FA001,04,LGBM,tuned,0.026773871191452376,0.015333379040751187,"{""n_estimators"": 300, ""num_leaves"": 15, ""max_depth"": 5, ""learning_rate"": 0.1, ""min_child_samples"": 20, ""subsample"": 0.7, ""subsample_freq"": 1, ""best_iteration"": 23}"
04FA001,04,LSTM,default,0.02088913230771629,0.015280296050203368,null
04FA001,04,LSTM,level,0.07463493219454267,0.037881870388572866,null
04FA001,04,LSTM,tuned,0.019156403096197424,0.014969693297837169,"{""units"": 50, ""epochs"": 60, ""learning_rate"": 0.005, ""batch_size"": 32, ""epochs_run"": 22}"
04FA001,04,Persistence,default,0.050525661919228936,,null
04FA001,04,RF,default,0.022123538026160697,0.016100425998570516,null
04FA001,04,RF,level,0.08657677780987404,0.018416061468187885,null
04FA001,04,RF,tuned,0.022761208712973994,0.015592565762002223,"{""n_estimators"": 300, ""max_depth"": 10, ""min_samples_leaf"": 5, ""max_features"": ""sqrt""}"
04FA001,04,XGB,default,0.023527173894625487,0.015524823210657866,null
04FA001,04,XGB,level,0.08807030972762722,0.018717111224170583,null
04FA001,04,XGB,tuned,0.02310063730978586,0.015327748825222014,"{""n_estimators"": 1000, ""max_depth"": 5, ""learning_rate"": 0.1, ""subsample"": 0.7, ""colsample_bytree"": 0.7, ""min_child_weight"": 5, ""best_iteration"": 23}"
04HA001,04,LGBM,default,0.08599886902904456,0.0946849527359598,null
04HA001,04,LGBM,level,0.09073935217846223,0.10215050084169722,null
04HA001,04,LGBM,tuned,0.08776216734607806,0.09312263314965644,"{""n_estimators"": 300, ""num_leaves"": 15, ""max_depth"": 10, ""learning_rate"": 0.01, ""min_child_samples"": 20, ""subsample"": 0.7, ""subsample_freq"": 1, ""best_iteration"": 300}"
04HA001,04,LSTM,default,0.08470063618314352,0.09254740810853683,null
04HA001,04,LSTM,level,0.1244631007705269,0.1136182687110271,null
04HA001,04,LSTM,tuned,0.08092598795853162,0.08374465492950836,"{""units"": 50, ""epochs"": 30, ""learning_rate"": 0.001, ""batch_size"": 32, ""epochs_run"": 30}"
04HA001,04,Persistence,default,0.12084624861230796,,null
04HA001,04,RF,default,0.06552652972613175,0.09863121155298243,null
04HA001,04,RF,level,0.08552122711824323,0.10004277056343773,null
04HA001,04,RF,tuned,0.07731160656205786,0.08519035506870527,"{""n_estimators"": 300, ""max_depth"": null, ""min_samples_leaf"": 10, ""max_features"": 1.0}"
04HA001,04,XGB,default,0.07884866455118203,0.09440041004962664,null
04HA001,04,XGB,level,0.08402648375956205,0.11331547495290802,null
04HA001,04,XGB,tuned,0.07784625549145636,0.09082720637893402,"{""n_estimators"": 1000, ""max_depth"": 5, ""learning_rate"": 0.3, ""subsample"": 0.7, ""colsample_bytree"": 1.0, ""min_child_weight"": 1, ""best_iteration"": 15}"
04JD001,04,LGBM,default,0.1783226880487389,0.015496783688798515,null
04JD001,04,LGBM,level,0.3517663486487195,0.018980683451904855,null
04JD001,04,LGBM,tuned,0.17794471675968565,0.015288258724606707,"{""n_estimators"": 100, ""num_leaves"": 63, ""max_depth"": 10, ""learning_rate"": 0.1, ""min_child_samples"": 50, ""subsample"": 0.7, ""subsample_freq"": 1, ""best_iteration"": 51}"
04JD001,04,LSTM,default,0.17721622732822687,0.015627718753260314,null
04JD001,04,LSTM,level,0.19373482069911624,0.021916478399496814,null
04JD001,04,LSTM,tuned,0.177109170565756,0.015389710779595858,"{""units"": 50, ""epochs"": 30, ""learning_rate"": 0.001, ""batch_size"": 32, ""epochs_run"": 30}"
04JD001,04,Persistence,default,0.1785645858840869,,null
04JD001,04,RF,default,0.17745571749748154,0.01579540685210964,null
04JD001,04,RF,level,0.3482713991647984,0.017579604290955363,null
04JD001,04,RF,tuned,0.178351645666412,0.01533986309657265,"{""n_estimators"": 300, ""max_depth"": 20, ""min_samples_leaf"": 5, ""max_features"": ""sqrt""}"
04JD001,04,XGB,default,0.1779335721492228,0.01549642857817619,null
04JD001,04,XGB,level,0.35132515087726474,0.01897974932221101,null
04JD001,04,XGB,tuned,0.1779335721492228,0.01549642857817619,"{""n_estimators"": 1000, ""max_depth"": 5, ""learning_rate"": 0.1, ""subsample"": 1.0, ""colsample_bytree"": 1.0, ""min_child_weight"": 1, ""best_iteration"": 33}"
04JD006,04,LGBM,default,0.00802615841816088,0.00790292541461654,null
04JD006,04,LGBM,level,0.03817263912157446,0.00836991075536733,null
04JD006,04,LGBM,tuned,0.008946367104282354,0.0076582415816606126,"{""n_estimators"": 300, ""num_leaves"": 63, ""max_depth"": -1, ""learning_rate"": 0.1, ""min_child_samples"": 50, ""subsample"": 0.7, ""subsample_freq"": 1, ""best_iteration"": 21}"
04JD006,04,LSTM,default,0.008784302248119194,0.007777980166624526,null
04JD006,04,LSTM,level,0.01992499749754688,0.013313298001830372,null
04JD006,04,LSTM,tuned,0.009082730814941285,0.007667195490521265,"{""units"": 25, ""epochs"": 30, ""learning_rate"": 0.001, ""batch_size"": 128, ""epochs_run"": 13}"
04JD006,04,Persistence,default,0.015036940813912951,,null
04JD006,04,RF,default,0.00849818015257648,0.008391214291542189,null
04JD006,04,RF,level,0.02577480781321616,0.008689246692277965,null
04JD006,04,RF,tuned,0.008086259527908594,0.007688663110238255,"{""n_estimators"": 500, ""max_depth"": 20, ""min_samples_leaf"": 10, ""max_features"": ""sqrt""}"
04JD006,04,XGB,default,0.009651798269308792,0.008046140417013908,null
04JD006,04,XGB,level,0.03948523656531402,0.008652149370872159,null
04JD006,04,XGB,tuned,0.00803900886701083,0.007743114656345039,"{""n_estimators"": 100, ""max_depth"": 3, ""learning_rate"": 0.1, ""subsample"": 1.0, ""colsample_bytree"": 0.7, ""min_child_weight"": 5, ""best_iteration"": 27}"
04LE002,04,LGBM,default,0.01832250734633833,0.017734716949574535,null
04LE002,04,LGBM,level,0.024391815177593708,0.02119808243761689,null
04LE002,04,LGBM,tuned,0.018644856574086103,0.017280182171988394,"{""n_estimators"": 1000, ""num_leaves"": 15, ""max_depth"": 10, ""learning_rate"": 0.3, ""min_child_samples"": 10, ""subsample"": 1.0, ""subsample_freq"": 1, ""best_iteration"": 10}"
04LE002,04,LSTM,default,0.01784226802777874,0.01899727341346819,null
04LE002,04,LSTM,level,0.034942743024818756,0.031099510995149265,null
04LE002,04,LSTM,tuned,0.01774119890155549,0.01812075197996941,"{""units"": 25, ""epochs"": 10, ""learning_rate"": 0.005, ""batch_size"": 128, ""epochs_run"": 10}"
04LE002,04,Persistence,default,0.030659555561772425,,null
04LE002,04,RF,default,0.019547900360759752,0.018332868954795672,null
04LE002,04,RF,level,0.02376002441286977,0.020841611551739008,null
04LE002,04,RF,tuned,0.019013500105445478,0.017575782818127272,"{""n_estimators"": 300, ""max_depth"": 20, ""min_samples_leaf"": 5, ""max_features"": 0.5}"
04LE002,04,XGB,default,0.018749821787344693,0.017634660762692687,null
04LE002,04,XGB,level,0.0261391806963117,0.020961983304349233,null
04LE002,04,XGB,tuned,0.018697056311640536,0.017281728922344024,"{""n_estimators"": 300, ""max_depth"": 3, ""learning_rate"": 0.3, ""subsample"": 1.0, ""colsample_bytree"": 1.0, ""min_child_weight"": 5, ""best_iteration"": 17}"
04LG005,04,LGBM,default,0.2401687920343976,0.18360243233342954,null
04LG005,04,LGBM,level,0.24365577956613113,0.18027326777126973,null
04LG005,04,LGBM,tuned,0.24715116085591193,0.1817700005067274,"{""n_estimators"": 300, ""num_leaves"": 63, ""max_depth"": 10, ""learning_rate"": 0.3, ""min_child_samples"": 10, ""subsample"": 0.7, ""subsample_freq"": 1, ""best_iteration"": 2}"
04LG005,04,LSTM,default,0.23924565719930266,0.1853077659471124,null
04LG005,04,LSTM,level,0.3585808682150927,0.21649415584544965,null
04LG005,04,LSTM,tuned,0.23325881476899082,0.18242288936178327,"{""units"": 50, ""epochs"": 60, ""learning_rate"": 0.005, ""batch_size"": 32, ""epochs_run"": 29}"
04LG005,04,Persistence,default,0.24060128578917503,,null
04LG005,04,RF,default,0.24169405458826587,0.18113577280999238,null
04LG005,04,RF,level,0.24840931663442134,0.18784753784842184,null
04LG005,04,RF,tuned,0.23516099177509564,0.18097355920957206,"{""n_estimators"": 100, ""max_depth"": null, ""min_samples_leaf"": 5, ""max_features"": 1.0}"
04LG005,04,XGB,default,0.23675383463289765,0.17988475173660265,null
04LG005,04,XGB,level,0.25682413780477825,0.18093628661005134,null
04LG005,04,XGB,tuned,0.23503127480518962,0.18265353933222261,"{""n_estimators"": 300, ""max_depth"": 7, ""learning_rate"": 0.1, ""subsample"": 1.0, ""colsample_bytree"": 0.7, ""min_child_weight"": 5, ""best_iteration"": 16}"
04MA006,04,LGBM,default,0.008280925419398092,0.014418295687961736,null
04MA006,04,LGBM,level,0.010147828118441025,0.01606741713969702,null
04MA006,04,LGBM,tuned,0.011883978899765703,0.013833039399732877,"{""n_estimators"": 100, ""num_leaves"": 63, ""max_depth"": 10, ""learning_rate"": 0.3, ""min_child_samples"": 20, ""subsample"": 1.0, ""subsample_freq"": 1, ""best_iteration"": 26}"
04MA006,04,LSTM,default,0.00859048288319226,0.013797734655149406,null
04MA006,04,LSTM,level,0.038980904786584475,0.06171502661995068,null
04MA006,04,LSTM,tuned,0.009049538088799564,0.013116979538921773,"{""units"": 50, ""epochs"": 30, ""learning_rate"": 0.005, ""batch_size"": 32, ""epochs_run"": 19}"
04MA006,04,Persistence,default,0.010586263057247565,,null
04MA006,04,RF,default,0.009823002560843805,0.01415050677909677,null
04MA006,04,RF,level,0.011541551619825677,0.016995169592377922,null
04MA006,04,RF,tuned,0.008562362524065144,0.013680107079188602,"{""n_estimators"": 100, ""max_depth"": 20, ""min_samples_leaf"": 5, ""max_features"": ""sqrt""}"
04MA006,04,XGB,default,0.008266359738238421,0.014011596713724275,null
04MA006,04,XGB,level,0.014590522858086347,0.02247877523828778,null
04MA006,04,XGB,tuned,0.008094760757076535,0.013311771925675746,"{""n_estimators"": 300, ""max_depth"": 9, ""learning_rate"": 0.01, ""subsample"": 0.7, ""colsample_bytree"": 1.0, ""min_child_weight"": 1, ""best_iteration"": 113}"
05AB042,05,LGBM,default,0.06965970412938573,0.07849974184659173,null
05AB042,05,LGBM,level,0.07492712990573583,0.07763559040256399,null
05AB042,05,LGBM,tuned,0.06750842295571306,0.07669590844524367,"{""n_estimators"": 1000, ""num_leaves"": 63, ""max_depth"": 10, ""learning_rate"": 0.3, ""min_child_samples"": 20, ""subsample"": 0.7, ""subsample_freq"": 1, ""best_iteration"": 2}"
05AB042,05,LSTM,default,0.06773181398291253,0.07687212425108628,null
05AB042,05,LSTM,level,0.14089942243910109,0.15967303550991438,null
05AB042,05,LSTM,tuned,0.0681016079713857,0.0762428982529522,"{""units"": 50, ""epochs"": 60, ""learning_rate"": 0.005, ""batch_size"": 128, ""epochs_run"": 6}"
05AB042,05,Persistence,default,0.07142261737935829,,null
05AB042,05,RF,default,0.067100989359072,0.08446700882563207,null
05AB042,05,RF,level,0.0719603011852137,0.07925319769703598,null
05AB042,05,RF,tuned,0.067759050125512,0.07979583419591,"{""n_estimators"": 100, ""max_depth"": null, ""min_samples_leaf"": 10, ""max_features"": ""sqrt""}"
05AB042,05,XGB,default,0.0709699339487192,0.0782588187560432,null
05AB042,05,XGB,level,0.07253532633549217,0.08086053862297653,null
05AB042,05,XGB,tuned,0.06903925503130248,0.07594495997600313,"{""n_estimators"": 300, ""max_depth"": 7, ""learning_rate"": 0.3, ""subsample"": 0.7, ""colsample_bytree"": 1.0, ""min_child_weight"": 5, ""best_iteration"": 1}"
05AC012,05,LGBM,default,0.00510166790656615,0.0040291481910254235,null
05AC012,05,LGBM,level,0.0051605736998803714,0.004426158213320114,null
05AC012,05,LGBM,tuned,0.004934211886455521,0.0039340158155995045,"{""n_estimators"": 300, ""num_leaves"": 63, ""max_depth"": 5, ""learning_rate"": 0.01, ""min_child_samples"": 20, ""subsample"": 0.7, ""subsample_freq"": 1, ""best_iteration"": 58}"
05AC012,05,LSTM,default,0.005256384422314058,0.004446833770956071,null
05AC012,05,LSTM,level,0.007026416189934111,0.006930690223857396,null
05AC012,05,LSTM,tuned,0.004745079988266636,0.0041050905948813565,"{""units"": 100, ""epochs"": 10, ""learning_rate"": 0.005, ""batch_size"": 32, ""epochs_run"": 10}"
05AC012,05,Persistence,default,0.0048214622885012805,,null
05AC012,05,RF,default,0.005461893795938791,0.0048790956012296875,null
05AC012,05,RF,level,0.005494683679657593,0.004648166697923521,null
05AC012,05,RF,tuned,0.004815558939535699,0.00397174453855628,"{""n_estimators"": 100, ""max_depth"": 10, ""min_samples_leaf"": 1, ""max_features"": ""sqrt""}"
05AC012,05,XGB,default,0.004893151566853311,0.003947341580834387,null
05AC012,05,XGB,level,0.004959001958896438,0.004699436875170785,null
05AC012,05,XGB,tuned,0.004762753730180154,0.003915585468566318,"{""n_estimators"": 300, ""max_depth"": 9, ""learning_rate"": 0.05, ""subsample"": 1.0, ""colsample_bytree"": 0.7, ""min_child_weight"": 1, ""best_iteration"": 14}"
05AF030,05,LGBM,default,0.027401279322395646,0.020971846193920483,null
05AF030,05,LGBM,level,0.06234058148698538,0.04475250972731434,null
05AF030,05,LGBM,tuned,0.02798448932497562,0.020719470190049206,"{""n_estimators"": 300, ""num_leaves"": 15, ""max_depth"": 5, ""learning_rate"": 0.1, ""min_child_samples"": 50, ""subsample"": 1.0, ""subsample_freq"": 1, ""best_iteration"": 49}"
05AF030,05,LSTM,default,0.0254582217330377,0.019956214714052314,null
05AF030,05,LSTM,level,0.22035049195525055,0.1503498901203727,null
05AF030,05,LSTM,tuned,0.02491032552943555,0.019638599834826975,"{""units"": 100, ""epochs"": 10, ""learning_rate"": 0.005, ""batch_size"": 128, ""epochs_run"": 10}"
05AF030,05,Persistence,default,0.07914037187824892,,null
05AF030,05,RF,default,0.028152174063014287,0.021394184863397427,null
05AF030,05,RF,level,0.045561495621406496,0.03230624645592865,null
05AF030,05,RF,tuned,0.027344625041928455,0.020235022702394176,"{""n_estimators"": 100, ""max_depth"": 10, ""min_samples_leaf"": 10, ""max_features"": 0.5}"
05AF030,05,XGB,default,0.02814511330662845,0.020702804130107545,null
05AF030,05,XGB,level,0.06705610938636082,0.043170076103512194,null
05AF030,05,XGB,tuned,0.02818444858146418,0.01982331928055417,"{""n_estimators"": 1000, ""max_depth"": 3, ""learning_rate"": 0.05, ""subsample"": 0.7, ""colsample_bytree"": 1.0, ""min_child_weight"": 5, ""best_iteration"": 114}"
05EG009,05,LGBM,default,0.0045241091549032145,0.004056115824645218,null
05EG009,05,LGBM,level,0.029889500309091772,0.0069981113742696045,null
05EG009,05,LGBM,tuned,0.0044566651351634675,0.0040150498671031876,"{""n_estimators"": 1000, ""num_leaves"": 63, ""max_depth"": 5, ""learning_rate"": 0.05, ""min_child_samples"": 50, ""subsample"": 1.0, ""subsample_freq"": 1, ""best_iteration"": 43}"
05EG009,05,LSTM,default,0.004689877461056254,0.004073582726459766,null
05EG009,05,LSTM,level,0.02542453314116274,0.016533207123313715,null
05EG009,05,LSTM,tuned,0.0051963413223124815,0.003963935286765107,"{""units"": 100, ""epochs"": 30, ""learning_rate"": 0.005, ""batch_size"": 128, ""epochs_run"": 28}"
05EG009,05,Persistence,default,0.006233643556739777,,null
05EG009,05,RF,default,0.0048751464576541,0.004630837990477224,null
05EG009,05,RF,level,0.027606053773366647,0.00783920065709378,null
05EG009,05,RF,tuned,0.004460280624581939,0.004026653821570861,"{""n_estimators"": 500, ""max_depth"": 10, ""min_samples_leaf"": 10, ""max_features"": 1.0}"
05EG009,05,XGB,default,0.00484034767795385,0.004124516875649017,null
05EG009,05,XGB,level,0.029973450075628783,0.007619314410728766,null
05EG009,05,XGB,tuned,0.004780469400182431,0.00402931774489576,"{""n_estimators"": 100, ""max_depth"": 3, ""learning_rate"": 0.05, ""subsample"": 1.0, ""colsample_bytree"": 0.7, ""min_child_weight"": 5, ""best_iteration"": 63}"
05FA025,05,LGBM,default,0.058678650032958225,0.04355938414321958,null
05FA025,05,LGBM,level,0.062187693923825144,0.042819887284722864,null
05FA025,05,LGBM,tuned,0.05889539485765587,0.04267771087652624,"{""n_estimators"": 100, ""num_leaves"": 15, ""max_depth"": 10, ""learning_rate"": 0.3, ""min_child_samples"": 50, ""subsample"": 0.7, ""subsample_freq"": 1, ""best_iteration"": 13}"
05FA025,05,LSTM,default,0.05994579766187388,0.04499933779293059,null
05FA025,05,LSTM,level,0.08673539054300115,0.06510427838739392,null
05FA025,05,LSTM,tuned,0.05947720656499894,0.041651136545301407,"{""units"": 100, ""epochs"": 30, ""learning_rate"": 0.005, ""batch_size"": 128, ""epochs_run"": 27}"
05FA025,05,Persistence,default,0.05958735344439626,,null
05FA025,05,RF,default,0.06030550982735216,0.0448937917955517,null
05FA025,05,RF,level,0.06400610914076459,0.04523565041716092,null
05FA025,05,RF,tuned,0.05793643360380993,0.04343403445822621,"{""n_estimators"": 100, ""max_depth"": null, ""min_samples_leaf"": 5, ""max_features"": 1.0}"
05FA025,05,XGB,default,0.058724457751397945,0.04331084935364035,null
05FA025,05,XGB,level,0.06476090975059089,0.044727726948671345,null
05FA025,05,XGB,tuned,0.0573332708760505,0.041628420842101055,"{""n_estimators"": 1000, ""max_depth"": 3, ""learning_rate"": 0.3, ""subsample"": 1.0, ""colsample_bytree"": 0.7, ""min_child_weight"": 5, ""best_iteration"": 4}"
05HC003,05,LGBM,default,0.007223234276863147,0.018879161922690558,null
05HC003,05,LGBM,level,0.008945068507745789,0.023519877120050606,null
05HC003,05,LGBM,tuned,0.007877818072940575,0.01886247757546933,"{""n_estimators"": 300, ""num_leaves"": 63, ""max_depth"": -1, ""learning_rate"": 0.05, ""min_child_samples"": 50, ""subsample"": 0.7, ""subsample_freq"": 1, ""best_iteration"": 72}"
05HC003,05,LSTM,default,0.007337739012576026,0.020191726888428994,null
05HC003,05,LSTM,level,0.01785997128912226,0.05110191366471434,null
05HC003,05,LSTM,tuned,0.006860208635376503,0.01847105217911806,"{""units"": 50, ""epochs"": 60, ""learning_rate"": 0.005, ""batch_size"": 128, ""epochs_run"": 18}"
05HC003,05,Persistence,default,0.007671526165107119,,null
05HC003,05,RF,default,0.007615210378160511,0.019956259963073538,null
05HC003,05,RF,level,0.009956863500582488,0.02389393884633154,null
05HC003,05,RF,tuned,0.007433538863262896,0.01855381300950753,"{""n_estimators"": 100, ""max_depth"": 10, ""min_samples_leaf"": 5, ""max_features"": 1.0}"
05HC003,05,XGB,default,0.007437343419238167,0.02061856149462393,null
05HC003,05,XGB,level,0.008903577214815075,0.020415268875653127,null
05HC003,05,XGB,tuned,0.007199741672461596,0.018508045855051832,"{""n_estimators"": 100, ""max_depth"": 5, ""learning_rate"": 0.1, ""subsample"": 1.0, ""colsample_bytree"": 0.7, ""min_child_weight"": 5, ""best_iteration"": 32}"
05KH014,05,LGBM,default,0.010747388261025092,0.006417881171188935,null
05KH014,05,LGBM,level,0.018789936258369038,0.007847686652809837,null
05KH014,05,LGBM,tuned,0.011832894421658212,0.006391527031555708,"{""n_estimators"": 1000, ""num_leaves"": 63, ""max_depth"": 10, ""learning_rate"": 0.01, ""min_child_samples"": 50, ""subsample"": 0.7, ""subsample_freq"": 1, ""best_iteration"": 65}"
05KH014,05,LSTM,default,0.011175655466437116,0.0063991060229755346,null
05KH014,05,LSTM,level,0.04454730776557754,0.01877533642341903,null
05KH014,05,LSTM,tuned,0.01095522523921379,0.00618370345836562,"{""units"": 50, ""epochs"": 60, ""learning_rate"": 0.005, ""batch_size"": 32, ""epochs_run"": 9}"
05KH014,05,Persistence,default,0.013869509576050855,,null
05KH014,05,RF,default,0.010922513740871482,0.0071478970419396924,null
05KH014,05,RF,level,0.016105742189065218,0.007199305076528701,null
05KH014,05,RF,tuned,0.010554608708924496,0.00673415141361872,"{""n_estimators"": 500, ""max_depth"": 10, ""min_samples_leaf"": 10, ""max_features"": 0.5}"
05KH014,05,XGB,default,0.011845235321003057,0.006412731799116397,null
05KH014,05,XGB,level,0.01661641783267874,0.007695865959665818,null
05KH014,05,XGB,tuned,0.011904890184110343,0.00633008019474985,"{""n_estimators"": 1000, ""max_depth"": 7, ""learning_rate"": 0.01, ""subsample"": 1.0, ""colsample_bytree"": 1.0, ""min_child_weight"": 5, ""best_iteration"": 69}"
05KH015,05,LGBM,default,0.031779767886933624,0.039428092189724415,null
05KH015,05,LGBM,level,0.15343217720425845,0.07580064251981249,null
05KH015,05,LGBM,tuned,0.03297103083582283,0.03634327290517154,"{""n_estimators"": 300, ""num_leaves"": 15, ""max_depth"": 10, ""learning_rate"": 0.3, ""min_child_samples"": 10, ""subsample"": 0.7, ""subsample_freq"": 1, ""best_iteration"": 7}"
05KH015,05,LSTM,default,0.0365616235258574,0.04542879081242077,null
05KH015,05,LSTM,level,0.13182763647395607,0.1325615848733846,null
05KH015,05,LSTM,tuned,0.03352746433319461,0.036693951616319206,"{""units"": 50, ""epochs"": 60, ""learning_rate"": 0.005, ""batch_size"": 128, ""epochs_run"": 42}"
05KH015,05,Persistence,default,0.051040998537899555,,null
05KH015,05,RF,default,0.03504687780174681,0.037208737334798674,null
05KH015,05,RF,level,0.1503750896726094,0.0700322911862792,null
05KH015,05,RF,tuned,0.03383439528518706,0.036548069910424814,"{""n_estimators"": 500, ""max_depth"": 10, ""min_samples_leaf"": 5, ""max_features"": 1.0}"
05KH015,05,XGB,default,0.033841583164482346,0.04016588566347416,null
05KH015,05,XGB,level,0.15468194649932163,0.07330516545253905,null
05KH015,05,XGB,tuned,0.03406208158912072,0.035140401143818,"{""n_estimators"": 300, ""max_depth"": 9, ""learning_rate"": 0.01, ""subsample"": 0.7, ""colsample_bytree"": 1.0, ""min_child_weight"": 5, ""best_iteration"": 273}"
05MA002,05,LGBM,default,0.011567970366209393,0.015648877589579994,null
05MA002,05,LGBM,level,0.06957327464649624,0.07553516106649599,null
05MA002,05,LGBM,tuned,0.011419555741554184,0.015427637475729863,"{""n_estimators"": 1000, ""num_leaves"": 31, ""max_depth"": 10, ""learning_rate"": 0.01, ""min_child_samples"": 20, ""subsample"": 1.0, ""subsample_freq"": 1, ""best_iteration"": 135}"
05MA002,05,LSTM,default,0.011701245243123206,0.01580677537224762,null
05MA002,05,LSTM,level,0.027206168377239447,0.030996392145009478,null
05MA002,05,LSTM,tuned,0.01152443008357098,0.015381969892777946,"{""units"": 50, ""epochs"": 30, ""learning_rate"": 0.001, ""batch_size"": 128, ""epochs_run"": 30}"
05MA002,05,Persistence,default,0.01161933637423968,,null
05MA002,05,RF,default,0.011853687456597836,0.01575941109715779,null
05MA002,05,RF,level,0.04995250046683226,0.07540391579133013,null
05MA002,05,RF,tuned,0.011471353291304,0.015319427139624742,"{""n_estimators"": 100, ""max_depth"": null, ""min_samples_leaf"": 10, ""max_features"": 0.5}"
05MA002,05,XGB,default,0.011521676702121852,0.015826225586545832,null
05MA002,05,XGB,level,0.04194940774751031,0.07965104310889784,null
05MA002,05,XGB,tuned,0.011476049715869909,0.015521935920374602,"{""n_estimators"": 100, ""max_depth"": 7, ""learning_rate"": 0.05, ""subsample"": 1.0, ""colsample_bytree"": 0.7, ""min_child_weight"": 5, ""best_iteration"": 31}"
05MJ003,05,LGBM,default,0.056039198951306664,0.083673448463701,null
05MJ003,05,LGBM,level,0.07281584067640008,0.10318422871086873,null
05MJ003,05,LGBM,tuned,0.056039198951306664,0.083673448463701,"{""n_estimators"": 100, ""num_leaves"": 31, ""max_depth"": 5, ""learning_rate"": 0.1, ""min_child_samples"": 20, ""subsample"": 1.0, ""subsample_freq"": 1, ""best_iteration"": 7}"
05MJ003,05,LSTM,default,0.05933814960201972,0.09039822035688984,null
05MJ003,05,LSTM,level,0.1199665051387135,0.15486645365199228,null
05MJ003,05,LSTM,tuned,0.05747273793136123,0.08521372912539216,"{""units"": 100, ""epochs"": 30, ""learning_rate"": 0.005, ""batch_size"": 128, ""epochs_run"": 12}"
05MJ003,05,Persistence,default,0.06498571523946631,,null
05MJ003,05,RF,default,0.058392891720855766,0.09169738209478083,null
05MJ003,05,RF,level,0.06753201812868692,0.1014098937428223,null
05MJ003,05,RF,tuned,0.0569627851693689,0.08537592740249952,"{""n_estimators"": 100, ""max_depth"": 20, ""min_samples_leaf"": 10, ""max_features"": 1.0}"
05MJ003,05,XGB,default,0.0599623549694905,0.08551561642136749,null
05MJ003,05,XGB,level,0.07403996658931102,0.10010957437260863,null
05MJ003,05,XGB,tuned,0.05943231109632887,0.08355850063531495,"{""n_estimators"": 1000, ""max_depth"": 3, ""learning_rate"": 0.3, ""subsample"": 0.7, ""colsample_bytree"": 1.0, ""min_child_weight"": 1, ""best_iteration"": 2}"
05OB007,05,LGBM,default,0.07811627931317396,0.036508620658171,null
05OB007,05,LGBM,level,0.09774037431025191,0.03968555162884049,null
05OB007,05,LGBM,tuned,0.07796355442851509,0.03566728251085298,"{""n_estimators"": 1000, ""num_leaves"": 15, ""max_depth"": 5, ""learning_rate"": 0.01, ""min_child_samples"": 10, ""subsample"": 0.7, ""subsample_freq"": 1, ""best_iteration"": 140}"
05OB007,05,LSTM,default,0.08011439389146141,0.037826890997629044,null
05OB007,05,LSTM,level,0.09666099681451136,0.05759380921793095,null
05OB007,05,LSTM,tuned,0.07981996355737614,0.03647933390967266,"{""units"": 25, ""epochs"": 30, ""learning_rate"": 0.001, ""batch_size"": 32, ""epochs_run"": 15}"
05OB007,05,Persistence,default,0.08421359545791945,,null
05OB007,05,RF,default,0.08144583767039228,0.03652804092957614,null
05OB007,05,RF,level,0.08640616413428513,0.04444444862151704,null
05OB007,05,RF,tuned,0.08018887969052278,0.034489038684319136,"{""n_estimators"": 100, ""max_depth"": 10, ""min_samples_leaf"": 1, ""max_features"": ""sqrt""}"
05OB007,05,XGB,default,0.08327789089384396,0.03618374153064342,null
05OB007,05,XGB,level,0.10563547725079091,0.05032764836862804,null
05OB007,05,XGB,tuned,0.08123535871637788,0.03353014951191361,"{""n_estimators"": 300, ""max_depth"": 3, ""learning_rate"": 0.3, ""subsample"": 1.0, ""colsample_bytree"": 0.7, ""min_child_weight"": 1, ""best_iteration"": 21}"
05OE001,05,LGBM,default,0.10232575724512297,0.07234341342525513,null
05OE001,05,LGBM,level,0.11675485847282847,0.07972581926474774,null
05OE001,05,LGBM,tuned,0.10284852819549857,0.07074754815662075,"{""n_estimators"": 1000, ""num_leaves"": 15, ""max_depth"": -1, ""learning_rate"": 0.1, ""min_child_samples"": 20, ""subsample"": 1.0, ""subsample_freq"": 1, ""best_iteration"": 90}"
05OE001,05,LSTM,default,0.0972752707608247,0.06824668223497209,null
05OE001,05,LSTM,level,0.1957315176395171,0.12732473470539765,null
05OE001,05,LSTM,tuned,0.09713986188478613,0.06655364784017329,"{""units"": 50, ""epochs"": 60, ""learning_rate"": 0.005, ""batch_size"": 128, ""epochs_run"": 24}"
05OE001,05,Persistence,default,0.15703277534043764,,null
05OE001,05,RF,default,0.10223221440358991,0.07740238647177364,null
05OE001,05,RF,level,0.11427569629766147,0.08952496370426435,null
05OE001,05,RF,tuned,0.1021188842786306,0.07354083733506221,"{""n_estimators"": 100, ""max_depth"": 20, ""min_samples_leaf"": 10, ""max_features"": 1.0}"
05OE001,05,XGB,default,0.10812786712720562,0.07133791817333422,null
05OE001,05,XGB,level,0.1176541389609765,0.09202627872054306,null
05OE001,05,XGB,tuned,0.1057334579381048,0.06940709058188492,"{""n_estimators"": 1000, ""max_depth"": 3, ""learning_rate"": 0.1, ""subsample"": 0.7, ""colsample_bytree"": 1.0, ""min_child_weight"": 1, ""best_iteration"": 41}"
05QB001,05,LGBM,default,0.01026790922043682,0.012272919863978562,null
05QB001,05,LGBM,level,0.012182494132747568,0.014118331439485753,null
05QB001,05,LGBM,tuned,0.010348239177441593,0.012288805164257966,"{""n_estimators"": 1000, ""num_leaves"": 31, ""max_depth"": 10, ""learning_rate"": 0.3, ""min_child_samples"": 20, ""subsample"": 0.7, ""subsample_freq"": 1, ""best_iteration"": 12}"
05QB001,05,LSTM,default,0.010123736906143854,0.012395124905873557,null
05QB001,05,LSTM,level,0.05043453962492157,0.05227230768694562,null
05QB001,05,LSTM,tuned,0.010074274589587094,0.012224320428163842,"{""units"": 25, ""epochs"": 30, ""learning_rate"": 0.005, ""batch_size"": 128, ""epochs_run"": 30}"
05QB001,05,Persistence,default,0.015285620606251412,,null
05QB001,05,RF,default,0.010428007419030737,0.012361976536544705,null
05QB001,05,RF,level,0.01130037691104463,0.013313079498688717,null
05QB001,05,RF,tuned,0.010107007913099382,0.012168152923477232,"{""n_estimators"": 500, ""max_depth"": 10, ""min_samples_leaf"": 1, ""max_features"": 1.0}"
05QB001,05,XGB,default,0.010131537190107412,0.012288292336913252,null
05QB001,05,XGB,level,0.012347909614706498,0.01419375165344997,null
05QB001,05,XGB,tuned,0.010224585870874697,0.012251933918768745,"{""n_estimators"": 300, ""max_depth"": 5, ""learning_rate"": 0.3, ""subsample"": 1.0, ""colsample_bytree"": 0.7, ""min_child_weight"": 1, ""best_iteration"": 9}"
05SB006,05,LGBM,default,0.11362000000465929,0.11177880334609215,null
05SB006,05,LGBM,level,0.11564567631103705,0.11218117372864096,null
05SB006,05,LGBM,tuned,0.11336269464850204,0.11074663509435986,"{""n_estimators"": 300, ""num_leaves"": 63, ""max_depth"": 10, ""learning_rate"": 0.01, ""min_child_samples"": 50, ""subsample"": 0.7, ""subsample_freq"": 1, ""best_iteration"": 280}"
05SB006,05,LSTM,default,0.11599549054954097,0.11187811366590414,null
05SB006,05,LSTM,level,0.12139083761924113,0.12167692293930707,null
05SB006,05,LSTM,tuned,0.11425414521234468,0.11105292821384417,"{""units"": 100, ""epochs"": 30, ""learning_rate"": 0.005, ""batch_size"": 32, ""epochs_run"": 15}"
05SB006,05,Persistence,default,0.13475068140587718,,null
05SB006,05,RF,default,0.11561174820473032,0.11133561902606386,null
05SB006,05,RF,level,0.11678728117401066,0.1144573311295275,null
05SB006,05,RF,tuned,0.11506924344833139,0.11033466002461331,"{""n_estimators"": 100, ""max_depth"": null, ""min_samples_leaf"": 5, ""max_features"": 1.0}"
05SB006,05,XGB,default,0.11463847707291748,0.11148351078673505,null
05SB006,05,XGB,level,0.11531286374170316,0.1130461784271792,null
05SB006,05,XGB,tuned,0.1150687648513511,0.11083948662187137,"{""n_estimators"": 300, ""max_depth"": 7, ""learning_rate"": 0.05, ""subsample"": 1.0, ""colsample_bytree"": 1.0, ""min_child_weight"": 1, ""best_iteration"": 47}"
06AB001,06,LGBM,default,0.01762045285374619,0.018881637745585943,null
06AB001,06,LGBM,level,0.051771687302412196,0.03127227232250045,null
06AB001,06,LGBM,tuned,0.017532715636250116,0.018311484912963638,"{""n_estimators"": 1000, ""num_leaves"": 15, ""max_depth"": 5, ""learning_rate"": 0.3, ""min_child_samples"": 50, ""subsample"": 1.0, ""subsample_freq"": 1, ""best_iteration"": 8}"
06AB001,06,LSTM,default,0.018984229874710254,0.020921476052785718,null
06AB001,06,LSTM,level,0.03413448279847715,0.057366006046954514,null
06AB001,06,LSTM,tuned,0.01813653652062888,0.018026953518736896,"{""units"": 50, ""epochs"": 30, ""learning_rate"": 0.005, ""batch_size"": 128, ""epochs_run"": 21}"
06AB001,06,Persistence,default,0.0204180326512539,,null
06AB001,06,RF,default,0.017131442418980333,0.02123486719613628,null
06AB001,06,RF,level,0.04654314623325677,0.030039427628940744,null
06AB001,06,RF,tuned,0.017426494997271988,0.018160297437861822,"{""n_estimators"": 100, ""max_depth"": null, ""min_samples_leaf"": 10, ""max_features"": 1.0}"
06AB001,06,XGB,default,0.017035413879180474,0.02026639305789835,null
06AB001,06,XGB,level,0.04987828414003625,0.03236828470606406,null
06AB001,06,XGB,tuned,0.01665093187988527,0.01837700505189745,"{""n_estimators"": 300, ""max_depth"": 3, ""learning_rate"": 0.1, ""subsample"": 1.0, ""colsample_bytree"": 1.0, ""min_child_weight"": 1, ""best_iteration"": 52}"
06AC001,06,LGBM,default,0.030033719693419912,0.023129581612748088,null
06AC001,06,LGBM,level,0.0985610869798148,0.029735791954668057,null
06AC001,06,LGBM,tuned,0.03135479895689004,0.022279096462354625,"{""n_estimators"": 300, ""num_leaves"": 31, ""max_depth"": 5, ""learning_rate"": 0.3, ""min_child_samples"": 10, ""subsample"": 1.0, ""subsample_freq"": 1, ""best_iteration"": 4}"
06AC001,06,LSTM,default,0.030732866727608485,0.023119303746107867,null
06AC001,06,LSTM,level,0.08163439842154414,0.05496923613500973,null
06AC001,06,LSTM,tuned,0.030277088800072894,0.022227604266408053,"{""units"": 50, ""epochs"": 60, ""learning_rate"": 0.001, ""batch_size"": 32, ""epochs_run"": 36}"
06AC001,06,Persistence,default,0.03147189900603812,,null
06AC001,06,RF,default,0.032721637176366634,0.024364081048895384,null
06AC001,06,RF,level,0.09813873338308163,0.02975011812701638,null
06AC001,06,RF,tuned,0.02983203701448049,0.022256967726932583,"{""n_estimators"": 500, ""max_depth"": 10, ""min_samples_leaf"": 5, ""max_features"": ""sqrt""}"
06AC001,06,XGB,default,0.030932657471473897,0.02259551163917485,null
06AC001,06,XGB,level,0.08991599976678644,0.029213514186670824,null
06AC001,06,XGB,tuned,0.03062436682444333,0.021908489572568246,"{""n_estimators"": 1000, ""max_depth"": 7, ""learning_rate"": 0.3, ""subsample"": 0.7, ""colsample_bytree"": 1.0, ""min_child_weight"": 1, ""best_iteration"": 4}"
06AD010,06,LGBM,default,0.011994751479398581,0.008612040860627456,null
06AD010,06,LGBM,level,0.04945807812351855,0.0599835649645778,null
06AD010,06,LGBM,tuned,0.011622216512541857,0.008203509158201474,"{""n_estimators"": 1000, ""num_leaves"": 31, ""max_depth"": 10, ""learning_rate"": 0.3, ""min_child_samples"": 10, ""subsample"": 1.0, ""subsample_freq"": 1, ""best_iteration"": 6}"
06AD010,06,LSTM,default,0.012275153080740875,0.007943601875954411,null
06AD010,06,LSTM,level,0.03726826680999215,0.05816866784855024,null
06AD010,06,LSTM,tuned,0.012271447469939781,0.0074741136144959135,"{""units"": 50, ""epochs"": 60, ""learning_rate"": 0.005, ""batch_size"": 32, ""epochs_run"": 13}"
06AD010,06,Persistence,default,0.011832159566199228,,null
06AD010,06,RF,default,0.01258697138403366,0.008885777480670867,null
06AD010,06,RF,level,0.046591050332146756,0.046034504216088186,null
06AD010,06,RF,tuned,0.011902612971074847,0.008367655753149397,"{""n_estimators"": 300, ""max_depth"": 10, ""min_samples_leaf"": 5, ""max_features"": 1.0}"
06AD010,06,XGB,default,0.011848657884441088,0.008372024076332233,null
06AD010,06,XGB,level,0.06118903303114009,0.05698639460881893,null
06AD010,06,XGB,tuned,0.011875602153699403,0.007917852586308638,"{""n_estimators"": 100, ""max_depth"": 9, ""learning_rate"": 0.1, ""subsample"": 0.7, ""colsample_bytree"": 0.7, ""min_child_weight"": 5, ""best_iteration"": 28}"
06AF002,06,LGBM,default,0.004910066160497868,0.00512414768667199,null
06AF002,06,LGBM,level,0.006211607494919054,0.006281196902353219,null
06AF002,06,LGBM,tuned,0.004876374532765343,0.005119026181643293,"{""n_estimators"": 100, ""num_leaves"": 15, ""max_depth"": 10, ""learning_rate"": 0.1, ""min_child_samples"": 20, ""subsample"": 0.7, ""subsample_freq"": 1, ""best_iteration"": 40}"
06AF002,06,LSTM,default,0.004729144729559,0.005120329299568255,null
06AF002,06,LSTM,level,0.008168853255112924,0.008205623805965906,null
06AF002,06,LSTM,tuned,0.004737447267617614,0.005071748652125194,"{""units"": 25, ""epochs"": 30, ""learning_rate"": 0.001, ""batch_size"": 128, ""epochs_run"": 30}"
06AF002,06,Persistence,default,0.00583652244909236,,null
06AF002,06,RF,default,0.005057839865915292,0.005335166290275214,null
06AF002,06,RF,level,0.005352494301583134,0.005933440892981159,null
06AF002,06,RF,tuned,0.004832602335187227,0.005107749601828762,"{""n_estimators"": 100, ""max_depth"": 10, ""min_samples_leaf"": 5, ""max_features"": ""sqrt""}"
06AF002,06,XGB,default,0.004948105481258225,0.0051423572813210005,null
06AF002,06,XGB,level,0.006881761718788642,0.007036352098143628,null
06AF002,06,XGB,tuned,0.004885667904490414,0.005121485507800322,"{""n_estimators"": 1000, ""max_depth"": 3, ""learning_rate"": 0.1, ""subsample"": 1.0, ""colsample_bytree"": 0.7, ""min_child_weight"": 1, ""best_iteration"": 60}"
06AG002,06,LGBM,default,0.027605514080186182,0.0370637496854469,null
06AG002,06,LGBM,level,0.030007657633585805,0.038987581638044576,null
06AG002,06,LGBM,tuned,0.026712024488860425,0.03659404468260528,"{""n_estimators"": 100, ""num_leaves"": 63, ""max_depth"": 5, ""learning_rate"": 0.1, ""min_child_samples"": 50, ""subsample"": 0.7, ""subsample_freq"": 1, ""best_iteration"": 13}"
06AG002,06,LSTM,default,0.027235059289760152,0.0371869958365988,null
06AG002,06,LSTM,level,0.05094453559729414,0.053544553019394356,null
06AG002,06,LSTM,tuned,0.028269994493455217,0.03667001213628963,"{""units"": 25, ""epochs"": 10, ""learning_rate"": 0.001, ""batch_size"": 32, ""epochs_run"": 8}"
06AG002,06,Persistence,default,0.03039928351715159,,null
06AG002,06,RF,default,0.027953368169312483,0.03928170515588948,null
06AG002,06,RF,level,0.03121020991181773,0.04199439457799742,null
06AG002,06,RF,tuned,0.02613743966848335,0.037074236921471576,"{""n_estimators"": 300, ""max_depth"": null, ""min_samples_leaf"": 10, ""max_features"": ""sqrt""}"
06AG002,06,XGB,default,0.02783407633167364,0.03680224872074249,null
06AG002,06,XGB,level,0.031193492777713747,0.03925278213256591,null
06AG002,06,XGB,tuned,0.02807286776718125,0.0368871987661855,"{""n_estimators"": 1000, ""max_depth"": 3, ""learning_rate"": 0.05, ""subsample"": 0.7, ""colsample_bytree"": 1.0, ""min_child_weight"": 1, ""best_iteration"": 10}"
06AG003,06,LGBM,default,0.011969215154913537,0.013510174159129106,null
06AG003,06,LGBM,level,0.10264088080538881,0.02241530999282391,null
06AG003,06,LGBM,tuned,0.011853683480563513,0.013152778633419371,"{""n_estimators"": 1000, ""num_leaves"": 15, ""max_depth"": 10, ""learning_rate"": 0.01, ""min_child_samples"": 10, ""subsample"": 1.0, ""subsample_freq"": 1, ""best_iteration"": 157}"
06AG003,06,LSTM,default,0.011886442996810026,0.013369722403576895,null
06AG003,06,LSTM,level,0.05216390637831332,0.025412779880062082,null
06AG003,06,LSTM,tuned,0.01190624194203876,0.013229929265704522,"{""units"": 100, ""epochs"": 30, ""learning_rate"": 0.005, ""batch_size"": 32, ""epochs_run"": 13}"
06AG003,06,Persistence,default,0.01222755267934993,,null
06AG003,06,RF,default,0.01176497145350313,0.013185960548255039,null
06AG003,06,RF,level,0.06800208836925958,0.0163057077153482,null
06AG003,06,RF,tuned,0.0117740271227412,0.012845384982824108,"{""n_estimators"": 100, ""max_depth"": 10, ""min_samples_leaf"": 1, ""max_features"": 1.0}"
06AG003,06,XGB,default,0.011999470287087907,0.013610480195288582,null
06AG003,06,XGB,level,0.08742684906685835,0.021788863668452486,null
06AG003,06,XGB,tuned,0.011988631539641895,0.012762385884762325,"{""n_estimators"": 300, ""max_depth"": 3, ""learning_rate"": 0.3, ""subsample"": 0.7, ""colsample_bytree"": 1.0, ""min_child_weight"": 1, ""best_iteration"": 13}"
06BD001,06,LGBM,default,0.010904000398579416,0.022529864208695457,null
06BD001,06,LGBM,level,0.019261988119095203,0.025541078150211727,null
06BD001,06,LGBM,tuned,0.010438423552575576,0.021672317176160992,"{""n_estimators"": 100, ""num_leaves"": 15, ""max_depth"": -1, ""learning_rate"": 0.3, ""min_child_samples"": 50, ""subsample"": 0.7, ""subsample_freq"": 1, ""best_iteration"": 3}"
06BD001,06,LSTM,default,0.01018509185219336,0.025327234535531075,null
06BD001,06,LSTM,level,0.026328963557651394,0.038923584157591305,null
06BD001,06,LSTM,tuned,0.010565777669803022,0.022664085529752066,"{""units"": 25, ""epochs"": 10, ""learning_rate"": 0.001, ""batch_size"": 32, ""epochs_run"": 6}"
06BD001,06,Persistence,default,0.013571157229210226,,null
06BD001,06,RF,default,0.010318240875548525,0.029869872322729744,null
06BD001,06,RF,level,0.01458478548928968,0.025216231554199633,null
06BD001,06,RF,tuned,0.00963407216421384,0.024103202101118288,"{""n_estimators"": 500, ""max_depth"": 20, ""min_samples_leaf"": 10, ""max_features"": 0.5}"
06BD001,06,XGB,default,0.012564494374100031,0.02314305296662029,null
06BD001,06,XGB,level,0.017772796978599,0.027119123307640314,null
06BD001,06,XGB,tuned,0.01140304184800597,0.02298303875817975,"{""n_estimators"": 300, ""max_depth"": 3, ""learning_rate"": 0.01, ""subsample"": 0.7, ""colsample_bytree"": 0.7, ""min_child_weight"": 5, ""best_iteration"": 53}"
06DB001,06,LGBM,default,0.019030171040517557,0.020637521911662234,null
06DB001,06,LGBM,level,0.019751355354123652,0.02170809587555236,null
06DB001,06,LGBM,tuned,0.01883968580147348,0.020646717205181506,"{""n_estimators"": 100, ""num_leaves"": 15, ""max_depth"": -1, ""learning_rate"": 0.05, ""min_child_samples"": 20, ""subsample"": 1.0, ""subsample_freq"": 1, ""best_iteration"": 94}"
06DB001,06,LSTM,default,0.01870330442846946,0.020638506861847282,null
06DB001,06,LSTM,level,0.02669270806488528,0.026662219094872947,null
06DB001,06,LSTM,tuned,0.018813687685871043,0.020399938184428233,"{""units"": 100, ""epochs"": 60, ""learning_rate"": 0.005, ""batch_size"": 128, ""epochs_run"": 24}"
06DB001,06,Persistence,default,0.020121893930881353,,null
06DB001,06,RF,default,0.019268527626675233,0.02127636772705428,null
06DB001,06,RF,level,0.02001697038200667,0.022301603513119456,null
06DB001,06,RF,tuned,0.01872343046873665,0.020653295709267317,"{""n_estimators"": 500, ""max_depth"": 20, ""min_samples_leaf"": 10, ""max_features"": ""sqrt""}"
06DB001,06,XGB,default,0.018993381766849733,0.020844753673630464,null
06DB001,06,XGB,level,0.01984303773225019,0.021504777010493876,null
06DB001,06,XGB,tuned,0.019093841633558276,0.02064125217104288,"{""n_estimators"": 300, ""max_depth"": 3, ""learning_rate"": 0.3, ""subsample"": 1.0, ""colsample_bytree"": 0.7, ""min_child_weight"": 1, ""best_iteration"": 33}"
06EA011,06,LGBM,default,0.017820731474056155,0.022880712410013732,null
06EA011,06,LGBM,level,0.025916832737108784,0.03357196430921737,null
06EA011,06,LGBM,tuned,0.01786679108818768,0.02257654340485481,"{""n_estimators"": 1000, ""num_leaves"": 31, ""max_depth"": 5, ""learning_rate"": 0.3, ""min_child_samples"": 10, ""subsample"": 0.7, ""subsample_freq"": 1, ""best_iteration"": 19}"
06EA011,06,LSTM,default,0.017844466222411183,0.02179976371874528,null
06EA011,06,LSTM,level,0.047035310076683115,0.0880223328708629,null
06EA011,06,LSTM,tuned,0.017623794260387474,0.020361360148288217,"{""units"": 100, ""epochs"": 30, ""learning_rate"": 0.005, ""batch_size"": 32, ""epochs_run"": 30}"
06EA011,06,Persistence,default,0.020418765982015946,,null
06EA011,06,RF,default,0.018854406873788726,0.02248661482640778,null
06EA011,06,RF,level,0.019816410640057715,0.03096819820738474,null
06EA011,06,RF,tuned,0.01862267328642757,0.02236249820293813,"{""n_estimators"": 500, ""max_depth"": 10, ""min_samples_leaf"": 1, ""max_features"": 1.0}"
06EA011,06,XGB,default,0.018416293255979,0.022524548216345145,null
06EA011,06,XGB,level,0.023362875779536725,0.037444235014206705,null
06EA011,06,XGB,tuned,0.01797608352628141,0.021968017703399813,"{""n_estimators"": 300, ""max_depth"": 3, ""learning_rate"": 0.1, ""subsample"": 1.0, ""colsample_bytree"": 1.0, ""min_child_weight"": 5, ""best_iteration"": 63}"
06EB006,06,LGBM,default,0.008044532225095054,0.008812633560455736,null
06EB006,06,LGBM,level,0.008958005404594453,0.010073083589425404,null
06EB006,06,LGBM,tuned,0.007976600048832109,0.008752913622585139,"{""n_estimators"": 1000, ""num_leaves"": 15, ""max_depth"": 5, ""learning_rate"": 0.1, ""min_child_samples"": 10, ""subsample"": 1.0, ""subsample_freq"": 1, ""best_iteration"": 62}"
06EB006,06,LSTM,default,0.008103567014556912,0.008879811226978104,null
06EB006,06,LSTM,level,0.019977018575756466,0.020619867332896388,null
06EB006,06,LSTM,tuned,0.008059882821062646,0.008780975281116094,"{""units"": 100, ""epochs"": 30, ""learning_rate"": 0.005, ""batch_size"": 128, ""epochs_run"": 11}"
06EB006,06,Persistence,default,0.009890463766509663,,null
06EB006,06,RF,default,0.008123857470220127,0.008966502223536274,null
06EB006,06,RF,level,0.008981499633855377,0.00996887349403288,null
06EB006,06,RF,tuned,0.008090456135217486,0.008838789464039315,"{""n_estimators"": 100, ""max_depth"": 10, ""min_samples_leaf"": 1, ""max_features"": 0.5}"
06EB006,06,XGB,default,0.008040737682787506,0.008788320798750702,null
06EB006,06,XGB,level,0.009129474311624308,0.01008606608016183,null
06EB006,06,XGB,tuned,0.007987651421360112,0.00879359650075154,"{""n_estimators"": 1000, ""max_depth"": 5, ""learning_rate"": 0.01, ""subsample"": 0.7, ""colsample_bytree"": 0.7, ""min_child_weight"": 1, ""best_iteration"": 517}"
06FB001,06,LGBM,default,0.033592783426512354,0.032259210380764514,null
06FB001,06,LGBM,level,0.05582883029921708,0.07755205594186877,null
06FB001,06,LGBM,tuned,0.0339090501577604,0.03221612509632392,"{""n_estimators"": 300, ""num_leaves"": 15, ""max_depth"": 10, ""learning_rate"": 0.01, ""min_child_samples"": 20, ""subsample"": 0.7, ""subsample_freq"": 1, ""best_iteration"": 293}"
06FB001,06,LSTM,default,0.03387311979584917,0.03348075200035718,null
06FB001,06,LSTM,level,0.08787848741143019,0.08465348059021427,null
06FB001,06,LSTM,tuned,0.032963677544840274,0.030847345536297033,"{""units"": 50, ""epochs"": 60, ""learning_rate"": 0.005, ""batch_size"": 32, ""epochs_run"": 7}"
06FB001,06,Persistence,default,0.0529303116009991,,null
06FB001,06,RF,default,0.03695210334183171,0.03563981136382361,null
06FB001,06,RF,level,0.042356901323184294,0.05486733686274367,null
06FB001,06,RF,tuned,0.03307675309156842,0.030641469953501765,"{""n_estimators"": 300, ""max_depth"": 20, ""min_samples_leaf"": 10, ""max_features"": ""sqrt""}"
06FB001,06,XGB,default,0.0349175948023612,0.032219732753376876,null
06FB001,06,XGB,level,0.061856342212758444,0.11394094213236144,null
06FB001,06,XGB,tuned,0.03389072205336375,0.030415693879524624,"{""n_estimators"": 100, ""max_depth"": 7, ""learning_rate"": 0.1, ""subsample"": 1.0, ""colsample_bytree"": 0.7, ""min_child_weight"": 1, ""best_iteration"": 33}"
06FD001,06,LGBM,default,0.04984602162769198,0.09927742728406562,null
06FD001,06,LGBM,level,0.05332152605205848,0.26842778949256263,null
06FD001,06,LGBM,tuned,0.051526316645403136,0.09737476947888782,"{""n_estimators"": 100, ""num_leaves"": 63, ""max_depth"": 5, ""learning_rate"": 0.3, ""min_child_samples"": 50, ""subsample"": 0.7, ""subsample_freq"": 1, ""best_iteration"": 13}"
06FD001,06,LSTM,default,0.04892183264389173,0.09644975143793762,null
06FD001,06,LSTM,level,0.0965688993529182,0.1686667885958042,null
06FD001,06,LSTM,tuned,0.0491388671867167,0.09265585872033247,"{""units"": 100, ""epochs"": 30, ""learning_rate"": 0.005, ""batch_size"": 32, ""epochs_run"": 7}"
06FD001,06,Persistence,default,0.0599334800841923,,null
06FD001,06,RF,default,0.05011269758105504,0.10432333759886825,null
06FD001,06,RF,level,0.055195954447016096,0.2529485432013146,null
06FD001,06,RF,tuned,0.049666229631015614,0.09866374940666389,"{""n_estimators"": 100, ""max_depth"": 20, ""min_samples_leaf"": 10, ""max_features"": 1.0}"
06FD001,06,XGB,default,0.04929970940728948,0.09856371289542494,null
06FD001,06,XGB,level,0.05180815464816644,0.26265254809337335,null
06FD001,06,XGB,tuned,0.049837847919132386,0.09928012515477573,"{""n_estimators"": 100, ""max_depth"": 7, ""learning_rate"": 0.1, ""subsample"": 1.0, ""colsample_bytree"": 0.7, ""min_child_weight"": 1, ""best_iteration"": 29}"
06FD002,06,LGBM,default,0.07432227106403497,0.09160163510908739,null
06FD002,06,LGBM,level,0.08914292775534696,0.11078110464560437,null
06FD002,06,LGBM,tuned,0.07171097339356243,0.09120381624441502,"{""n_estimators"": 100, ""num_leaves"": 63, ""max_depth"": 5, ""learning_rate"": 0.05, ""min_child_samples"": 10, ""subsample"": 0.7, ""subsample_freq"": 1, ""best_iteration"": 53}"
06FD002,06,LSTM,default,0.08772080006965607,0.09489251882764022,null
06FD002,06,LSTM,level,0.11471599295161203,0.13059268837237592,null
06FD002,06,LSTM,tuned,0.07933205357117153,0.08791792549648775,"{""units"": 25, ""epochs"": 60, ""learning_rate"": 0.001, ""batch_size"": 128, ""epochs_run"": 60}"
06FD002,06,Persistence,default,0.12056843884485002,,null
06FD002,06,RF,default,0.07662619212283114,0.09790036654548288,null
06FD002,06,RF,level,0.08290927001687255,0.1094714377415193,null
06FD002,06,RF,tuned,0.07412030798246882,0.09265550079292179,"{""n_estimators"": 500, ""max_depth"": 10, ""min_samples_leaf"": 10, ""max_features"": 1.0}"
06FD002,06,XGB,default,0.07546947624107161,0.09042633566203692,null
06FD002,06,XGB,level,0.07775565955818481,0.11666990114179718,null
06FD002,06,XGB,tuned,0.07162975627625141,0.08977724986845796,"{""n_estimators"": 1000, ""max_depth"": 3, ""learning_rate"": 0.3, ""subsample"": 1.0, ""colsample_bytree"": 1.0, ""min_child_weight"": 1, ""best_iteration"": 26}"
06SA001,06,LGBM,default,0.004716077276338254,0.0074877769002293535,null
06SA001,06,LGBM,level,0.023742384238903506,0.02539860871100714,null
06SA001,06,LGBM,tuned,0.004395191882632827,0.007104212572404999,"{""n_estimators"": 300, ""num_leaves"": 63, ""max_depth"": 5, ""learning_rate"": 0.1, ""min_child_samples"": 10, ""subsample"": 1.0, ""subsample_freq"": 1, ""best_iteration"": 15}"
06SA001,06,LSTM,default,0.00796819033239234,0.013265779555681584,null
06SA001,06,LSTM,level,0.016863840114396424,0.03503669890635481,null
06SA001,06,LSTM,tuned,0.004550002503503419,0.011780513195310984,"{""units"": 100, ""epochs"": 60, ""learning_rate"": 0.005, ""batch_size"": 32, ""epochs_run"": 6}"
06SA001,06,Persistence,default,0.004241253976610858,,null
06SA001,06,RF,default,0.004068442829735165,0.010199369517485712,null
06SA001,06,RF,level,0.0051916534824998604,0.028352954989321732,null
06SA001,06,RF,tuned,0.0039522789215265305,0.009314552423691912,"{""n_estimators"": 100, ""max_depth"": 10, ""min_samples_leaf"": 1, ""max_features"": 1.0}"
06SA001,06,XGB,default,0.004262481439606224,0.007686929954150371,null
06SA001,06,XGB,level,0.02681381674074403,0.024717750744179035,null
06SA001,06,XGB,tuned,0.004777382573427673,0.007527232333174034,"{""n_estimators"": 300, ""max_depth"": 7, ""learning_rate"": 0.1, ""subsample"": 1.0, ""colsample_bytree"": 1.0, ""min_child_weight"": 5, ""best_iteration"": 27}"
07AA002,07,LGBM,default,0.06269293572440297,0.07159609471342693,null
07AA002,07,LGBM,level,0.06120543820629196,0.07704471081074023,null
07AA002,07,LGBM,tuned,0.06271605471488965,0.07138112530552376,"{""n_estimators"": 100, ""num_leaves"": 63, ""max_depth"": 10, ""learning_rate"": 0.1, ""min_child_samples"": 10, ""subsample"": 0.7, ""subsample_freq"": 1, ""best_iteration"": 9}"
07AA002,07,LSTM,default,0.060518220400620826,0.0739916861262695,null
07AA002,07,LSTM,level,0.10914646415852576,0.10482982195517485,null
07AA002,07,LSTM,tuned,0.0607330121678918,0.07363752475615681,"{""units"": 100, ""epochs"": 60, ""learning_rate"": 0.005, ""batch_size"": 32, ""epochs_run"": 7}"
07AA002,07,Persistence,default,0.06953741509076729,,null
07AA002,07,RF,default,0.06319276649148989,0.07579804204937757,null
07AA002,07,RF,level,0.06710409781637779,0.07839210423271264,null
07AA002,07,RF,tuned,0.062238805630494824,0.07238867302076638,"{""n_estimators"": 100, ""max_depth"": 10, ""min_samples_leaf"": 5, ""max_features"": ""sqrt""}"
07AA002,07,XGB,default,0.06421393105174769,0.0722783221933079,null
07AA002,07,XGB,level,0.06296333901244608,0.07616428761151386,null
07AA002,07,XGB,tuned,0.06291887266889239,0.07190979843942656,"{""n_estimators"": 300, ""max_depth"": 3, ""learning_rate"": 0.01, ""subsample"": 1.0, ""colsample_bytree"": 1.0, ""min_child_weight"": 1, ""best_iteration"": 160}"
07AH002,07,LGBM,default,0.05326559167669004,0.028440944655047755,null
07AH002,07,LGBM,level,0.054800807365839144,0.03225868568467403,null
07AH002,07,LGBM,tuned,0.05301805066315127,0.027227151948620985,"{""n_estimators"": 1000, ""num_leaves"": 63, ""max_depth"": 5, ""learning_rate"": 0.01, ""min_child_samples"": 50, ""subsample"": 0.7, ""subsample_freq"": 1, ""best_iteration"": 154}"
07AH002,07,LSTM,default,0.04772800383416143,0.028534811728271787,null
07AH002,07,LSTM,level,0.07862505239837796,0.049276072480372524,null
07AH002,07,LSTM,tuned,0.04582016740152597,0.028209849569188084,"{""units"": 100, ""epochs"": 10, ""learning_rate"": 0.001, ""batch_size"": 32, ""epochs_run"": 10}"
07AH002,07,Persistence,default,0.060100524228982724,,null
07AH002,07,RF,default,0.04887050628015515,0.03044852894402409,null
07AH002,07,RF,level,0.05361959510011579,0.039860507320411534,null
07AH002,07,RF,tuned,0.05193334640481058,0.029505921245636984,"{""n_estimators"": 300, ""max_depth"": null, ""min_samples_leaf"": 10, ""max_features"": ""sqrt""}"
07AH002,07,XGB,default,0.05239401473148651,0.02714690307123781,null
07AH002,07,XGB,level,0.05422663873775242,0.0355748563614537,null
07AH002,07,XGB,tuned,0.04597266735368915,0.026825670908078903,"{""n_estimators"": 1000, ""max_depth"": 5, ""learning_rate"": 0.3, ""subsample"": 0.7, ""colsample_bytree"": 0.7, ""min_child_weight"": 5, ""best_iteration"": 6}"
07BB014,07,LGBM,default,0.030765149978545712,0.02578884681961726,null
07BB014,07,LGBM,level,0.03546128926393187,0.04049902190935525,null
07BB014,07,LGBM,tuned,0.030395937709622952,0.025578148993221472,"{""n_estimators"": 100, ""num_leaves"": 31, ""max_depth"": -1, ""learning_rate"": 0.1, ""min_child_samples"": 50, ""subsample"": 1.0, ""subsample_freq"": 1, ""best_iteration"": 3}"
07BB014,07,LSTM,default,0.03269805799322641,0.0290483747502639,null
07BB014,07,LSTM,level,0.054511298534794715,0.04361053588381393,null
07BB014,07,LSTM,tuned,0.03159888406543909,0.02561005816516518,"{""units"": 25, ""epochs"": 60, ""learning_rate"": 0.001, ""batch_size"": 128, ""epochs_run"": 6}"
07BB014,07,Persistence,default,0.03220472912963643,,null
07BB014,07,RF,default,0.03994929459143696,0.03579209547062225,null
07BB014,07,RF,level,0.043381534131637825,0.03648736124145416,null
07BB014,07,RF,tuned,0.03134012561631223,0.0302110669606878,"{""n_estimators"": 100, ""max_depth"": 10, ""min_samples_leaf"": 10, ""max_features"": ""sqrt""}"
07BB014,07,XGB,default,0.03161111117681446,0.02613876823678079,null
07BB014,07,XGB,level,0.051974119542504256,0.038923727441452734,null
07BB014,07,XGB,tuned,0.030723486538630683,0.025753932243808123,"{""n_estimators"": 1000, ""max_depth"": 3, ""learning_rate"": 0.3, ""subsample"": 1.0, ""colsample_bytree"": 0.7, ""min_child_weight"": 5, ""best_iteration"": 0}"
07BG004,07,LGBM,default,0.02936889057560235,0.03748415758634017,null
07BG004,07,LGBM,level,0.04191662204086794,0.04755603705572494,null
07BG004,07,LGBM,tuned,0.029344422350281098,0.036135255610209915,"{""n_estimators"": 1000, ""num_leaves"": 31, ""max_depth"": 10, ""learning_rate"": 0.1, ""min_child_samples"": 10, ""subsample"": 0.7, ""subsample_freq"": 1, ""best_iteration"": 38}"
07BG004,07,LSTM,default,0.031022394893543432,0.03686401589784775,null
07BG004,07,LSTM,level,0.08415538614196487,0.052016583853444494,null
07BG004,07,LSTM,tuned,0.030159367953184003,0.036822070715674365,"{""units"": 100, ""epochs"": 60, ""learning_rate"": 0.001, ""batch_size"": 32, ""epochs_run"": 21}"
07BG004,07,Persistence,default,0.0352724913870377,,null
07BG004,07,RF,default,0.03078827992226856,0.03896520950280038,null
07BG004,07,RF,level,0.047593787163626465,0.051940709728971975,null
07BG004,07,RF,tuned,0.02918483982485827,0.036342791943206554,"{""n_estimators"": 100, ""max_depth"": null, ""min_samples_leaf"": 10, ""max_features"": 1.0}"
07BG004,07,XGB,default,0.03062856863511568,0.036551126635941726,null
07BG004,07,XGB,level,0.04571953757973024,0.05568195178117844,null
07BG004,07,XGB,tuned,0.029780035645665448,0.03620225748226911,"{""n_estimators"": 100, ""max_depth"": 7, ""learning_rate"": 0.1, ""subsample"": 1.0, ""colsample_bytree"": 1.0, ""min_child_weight"": 1, ""best_iteration"": 39}"
07CA012,07,LGBM,default,0.012797942267001454,0.01739522078843373,null
07CA012,07,LGBM,level,0.013313038148202103,0.020485189943664283,null
07CA012,07,LGBM,tuned,0.012669607435082948,0.016962389639056566,"{""n_estimators"": 1000, ""num_leaves"": 63, ""max_depth"": 10, ""learning_rate"": 0.1, ""min_child_samples"": 10, ""subsample"": 0.7, ""subsample_freq"": 1, ""best_iteration"": 14}"
07CA012,07,LSTM,default,0.012682866910640397,0.01724351277757901,null
07CA012,07,LSTM,level,0.025305943616185114,0.0332344141817332,null
07CA012,07,LSTM,tuned,0.012408793246558872,0.016941365536131202,"{""units"": 100, ""epochs"": 30, ""learning_rate"": 0.001, ""batch_size"": 32, ""epochs_run"": 27}"
07CA012,07,Persistence,default,0.015625634315482827,,null
07CA012,07,RF,default,0.013093637880681115,0.017971335135836583,null
07CA012,07,RF,level,0.014282734188366118,0.019287789175491187,null
07CA012,07,RF,tuned,0.012908133928441177,0.017423278406732013,"{""n_estimators"": 300, ""max_depth"": 10, ""min_samples_leaf"": 1, ""max_features"": 1.0}"
07CA012,07,XGB,default,0.012363324118574479,0.017825756107951948,null
07CA012,07,XGB,level,0.01350624142935445,0.01961154600817845,null
07CA012,07,XGB,tuned,0.01262062280098753,0.0168859809237607,"{""n_estimators"": 300, ""max_depth"": 9, ""learning_rate"": 0.05, ""subsample"": 0.7, ""colsample_bytree"": 0.7, ""min_child_weight"": 5, ""best_iteration"": 42}"
07CA013,07,LGBM,default,0.012761877740570417,0.0124667058238005,null
07CA013,07,LGBM,level,0.014412658576912213,0.022019388477757303,null
07CA013,07,LGBM,tuned,0.012742683451951524,0.011965578578894603,"{""n_estimators"": 300, ""num_leaves"": 63, ""max_depth"": -1, ""learning_rate"": 0.3, ""min_child_samples"": 50, ""subsample"": 1.0, ""subsample_freq"": 1, ""best_iteration"": 4}"
07CA013,07,LSTM,default,0.013172324854004757,0.012162447177809189,null
07CA013,07,LSTM,level,0.030304592500469584,0.02704577249016793,null
07CA013,07,LSTM,tuned,0.013125580095024656,0.011907053233008148,"{""units"": 50, ""epochs"": 30, ""learning_rate"": 0.005, ""batch_size"": 32, ""epochs_run"": 11}"
07CA013,07,Persistence,default,0.014809050307649457,,null
07CA013,07,RF,default,0.012923892735628419,0.012672326088549252,null
07CA013,07,RF,level,0.015297462717055748,0.01518457909643085,null
07CA013,07,RF,tuned,0.012424658965433587,0.012199424386317034,"{""n_estimators"": 100, ""max_depth"": 10, ""min_samples_leaf"": 5, ""max_features"": 1.0}"
07CA013,07,XGB,default,0.01302681149679161,0.012103994239855196,null
07CA013,07,XGB,level,0.015404889461574905,0.018380991545014005,null
07CA013,07,XGB,tuned,0.012490842105865955,0.011969410266407311,"{""n_estimators"": 100, ""max_depth"": 3, ""learning_rate"": 0.1, ""subsample"": 1.0, ""colsample_bytree"": 0.7, ""min_child_weight"": 5, ""best_iteration"": 35}"
07CE005,07,LGBM,default,0.013024739915181584,0.03299883155529363,null
07CE005,07,LGBM,level,0.01426839393041185,0.035922558397962656,null
07CE005,07,LGBM,tuned,0.01265939591596981,0.0325717060243184,"{""n_estimators"": 1000, ""num_leaves"": 63, ""max_depth"": 10, ""learning_rate"": 0.01, ""min_child_samples"": 50, ""subsample"": 0.7, ""subsample_freq"": 1, ""best_iteration"": 66}"
07CE005,07,LSTM,default,0.013310999523573373,0.03515270695510247,null
07CE005,07,LSTM,level,0.03236044782056439,0.055397999161231865,null
07CE005,07,LSTM,tuned,0.012968878841231702,0.0332725195599125,"{""units"": 100, ""epochs"": 60, ""learning_rate"": 0.005, ""batch_size"": 128, ""epochs_run"": 8}"
07CE005,07,Persistence,default,0.014109145969902136,,null
07CE005,07,RF,default,0.015114712219850793,0.03494277368559126,null
07CE005,07,RF,level,0.013789669713231104,0.03593067419060129,null
07CE005,07,RF,tuned,0.013565319483776475,0.03416790850426439,"{""n_estimators"": 300, ""max_depth"": 10, ""min_samples_leaf"": 1, ""max_features"": 0.5}"
07CE005,07,XGB,default,0.01284525912207004,0.03307203110938311,null
07CE005,07,XGB,level,0.013934746974437095,0.03534494497289067,null
07CE005,07,XGB,tuned,0.013350889274939166,0.03251429255003197,"{""n_estimators"": 300, ""max_depth"": 9, ""learning_rate"": 0.3, ""subsample"": 1.0, ""colsample_bytree"": 1.0, ""min_child_weight"": 1, ""best_iteration"": 0}"
07DC004,07,LGBM,default,0.02008927663582758,0.021331114211193738,null
07DC004,07,LGBM,level,0.1113655178958466,0.023858752429193823,null
07DC004,07,LGBM,tuned,0.02008927663582758,0.021331114211193738,"{""n_estimators"": 100, ""num_leaves"": 15, ""max_depth"": 5, ""learning_rate"": 0.1, ""min_child_samples"": 20, ""subsample"": 1.0, ""subsample_freq"": 1, ""best_iteration"": 17}"
07DC004,07,LSTM,default,0.020381995974751103,0.022935319933813165,null
07DC004,07,LSTM,level,0.09339524278760383,0.034096486750347675,null
07DC004,07,LSTM,tuned,0.019859428032779618,0.02247440702202433,"{""units"": 100, ""epochs"": 30, ""learning_rate"": 0.005, ""batch_size"": 32, ""epochs_run"": 13}"
07DC004,07,Persistence,default,0.020059654622892747,,null
07DC004,07,RF,default,0.02152930270286982,0.02492213813212627,null
07DC004,07,RF,level,0.06022877625972021,0.023620100818884576,null
07DC004,07,RF,tuned,0.02063471938054405,0.021551728667020056,"{""n_estimators"": 100, ""max_depth"": 20, ""min_samples_leaf"": 10, ""max_features"": 1.0}"
07DC004,07,XGB,default,0.020371883152766473,0.022798837052622273,null
07DC004,07,XGB,level,0.15380407064577875,0.025835371672079836,null
07DC004,07,XGB,tuned,0.019569059635259234,0.021301518220703988,"{""n_estimators"": 1000, ""max_depth"": 9, ""learning_rate"": 0.05, ""subsample"": 1.0, ""colsample_bytree"": 0.7, ""min_child_weight"": 5, ""best_iteration"": 18}"
07EF003,07,LGBM,default,0.026168605239954852,0.024747160246185583,null
07EF003,07,LGBM,level,0.04325608433210365,0.03852800404164256,null
07EF003,07,LGBM,tuned,0.026238248161731863,0.024616713436807516,"{""n_estimators"": 1000, ""num_leaves"": 15, ""max_depth"": 5, ""learning_rate"": 0.01, ""min_child_samples"": 20, ""subsample"": 0.7, ""subsample_freq"": 1, ""best_iteration"": 408}"
07EF003,07,LSTM,default,0.02688609409310139,0.02526873872179682,null
07EF003,07,LSTM,level,0.10530591342884396,0.090740033823045,null
07EF003,07,LSTM,tuned,0.026508496581016432,0.024867547712260775,"{""units"": 25, ""epochs"": 60, ""learning_rate"": 0.001, ""batch_size"": 32, ""epochs_run"": 43}"
07EF003,07,Persistence,default,0.09372766051465138,,null
07EF003,07,RF,default,0.02700632044789374,0.02538146940535492,null
07EF003,07,RF,level,0.03268425972197199,0.031180666782415954,null
07EF003,07,RF,tuned,0.02628056196949986,0.024754637934287674,"{""n_estimators"": 300, ""max_depth"": 10, ""min_samples_leaf"": 10, ""max_features"": 0.5}"
07EF003,07,XGB,default,0.026339848866975102,0.024674483735139318,null
07EF003,07,XGB,level,0.041592499222557505,0.038500157389966747,null
07EF003,07,XGB,tuned,0.026265467002464106,0.024644045791937335,"{""n_estimators"": 1000, ""max_depth"": 5, ""learning_rate"": 0.05, ""subsample"": 0.7, ""colsample_bytree"": 1.0, ""min_child_weight"": 5, ""best_iteration"": 82}"
07GB003,07,LGBM,default,0.12831535730611016,0.09783565993792459,null
07GB003,07,LGBM,level,0.1489648763737287,0.09726410660028505,null
07GB003,07,LGBM,tuned,0.1267103039177051,0.0927266647247105,"{""n_estimators"": 100, ""num_leaves"": 31, ""max_depth"": -1, ""learning_rate"": 0.05, ""min_child_samples"": 10, ""subsample"": 0.7, ""subsample_freq"": 1, ""best_iteration"": 98}"
07GB003,07,LSTM,default,0.12701602083988092,0.09880492970319195,null
07GB003,07,LSTM,level,0.1492231632402065,0.13389316184659772,null
07GB003,07,LSTM,tuned,0.13149090270520514,0.09314294729367491,"{""units"": 50, ""epochs"": 60, ""learning_rate"": 0.005, ""batch_size"": 128, ""epochs_run"": 26}"
07GB003,07,Persistence,default,0.13354180923896014,,null
07GB003,07,RF,default,0.1320520961634729,0.10043017169771937,null
07GB003,07,RF,level,0.15146731537908822,0.09746636068055622,null
07GB003,07,RF,tuned,0.13303103924319382,0.0977604864777233,"{""n_estimators"": 300, ""max_depth"": null, ""min_samples_leaf"": 1, ""max_features"": 0.5}"
07GB003,07,XGB,default,0.1257783073456355,0.10257494971915866,null
07GB003,07,XGB,level,0.1464174640782993,0.10496884519367872,null
07GB003,07,XGB,tuned,0.12631776818451698,0.09705091531891152,"{""n_estimators"": 1000, ""max_depth"": 9, ""learning_rate"": 0.3, ""subsample"": 0.7, ""colsample_bytree"": 1.0, ""min_child_weight"": 5, ""best_iteration"": 4}"
07KF003,07,LGBM,default,0.060703189942703066,0.061563797906648086,null
07KF003,07,LGBM,level,71.72089912857587,2.8174160775537684,null
07KF003,07,LGBM,tuned,0.05155895887536638,0.05718950095898814,"{""n_estimators"": 300, ""num_leaves"": 31, ""max_depth"": -1, ""learning_rate"": 0.01, ""min_child_samples"": 20, ""subsample"": 0.7, ""subsample_freq"": 1, ""best_iteration"": 3}"
07KF003,07,LSTM,default,0.0776534218996464,0.08209785632305092,null
07KF003,07,LSTM,level,0.21024472262579258,0.25196898925960415,null
07KF003,07,LSTM,tuned,0.049028835348403424,0.0552786760653239,"{""units"": 100, ""epochs"": 10, ""learning_rate"": 0.005, ""batch_size"": 32, ""epochs_run"": 6}"
07KF003,07,Persistence,default,0.04923063183201894,,null
07KF003,07,RF,default,0.06852347495115217,0.07331006774056187,null
07KF003,07,RF,level,0.26851994934532103,0.08062251956571684,null
07KF003,07,RF,tuned,0.09155918241925981,0.09911780677475246,"{""n_estimators"": 100, ""max_depth"": 10, ""min_samples_leaf"": 10, ""max_features"": ""sqrt""}"
07KF003,07,XGB,default,0.0456963062586079,0.052350927012968534,null
07KF003,07,XGB,level,10.689827212975164,0.2242615327225087,null
07KF003,07,XGB,tuned,0.04632523743509846,0.052399827254198075,"{""n_estimators"": 1000, ""max_depth"": 7, ""learning_rate"": 0.1, ""subsample"": 1.0, ""colsample_bytree"": 1.0, ""min_child_weight"": 1, ""best_iteration"": 16}"
07OB003,07,LGBM,default,0.05027220917763378,0.048247487170892,null
07OB003,07,LGBM,level,0.6358068749650818,0.10766586421700164,null
07OB003,07,LGBM,tuned,0.05244891485102837,0.044855469445376855,"{""n_estimators"": 300, ""num_leaves"": 63, ""max_depth"": 5, ""learning_rate"": 0.3, ""min_child_samples"": 50, ""subsample"": 0.7, ""subsample_freq"": 1, ""best_iteration"": 27}"
07OB003,07,LSTM,default,0.052834753035388975,0.0532023494353969,null
07OB003,07,LSTM,level,0.30989107478327316,0.2462102785647119,null
07OB003,07,LSTM,tuned,0.05202216884554955,0.044702504335332696,"{""units"": 50, ""epochs"": 60, ""learning_rate"": 0.005, ""batch_size"": 32, ""epochs_run"": 35}"
07OB003,07,Persistence,default,0.09500808855923662,,null
07OB003,07,RF,default,0.057461527615497304,0.0619810809137477,null
07OB003,07,RF,level,0.5557294770832227,0.09997551116066702,null
07OB003,07,RF,tuned,0.04987370768104207,0.05036982214728841,"{""n_estimators"": 500, ""max_depth"": 20, ""min_samples_leaf"": 10, ""max_features"": 0.5}"
07OB003,07,XGB,default,0.0532198573714943,0.05588561300644964,null
07OB003,07,XGB,level,0.5996563471328017,0.1006310434798008,null
07OB003,07,XGB,tuned,0.049647236052988944,0.04531571469338492,"{""n_estimators"": 1000, ""max_depth"": 7, ""learning_rate"": 0.05, ""subsample"": 1.0, ""colsample_bytree"": 0.7, ""min_child_weight"": 5, ""best_iteration"": 87}"
07QC008,07,LGBM,default,0.00226846001854705,0.0035762706297074055,null
07QC008,07,LGBM,level,0.018153577648702166,0.005291842368256823,null
07QC008,07,LGBM,tuned,0.0022614572004700973,0.0032127367482094496,"{""n_estimators"": 300, ""num_leaves"": 63, ""max_depth"": 5, ""learning_rate"": 0.3, ""min_child_samples"": 10, ""subsample"": 1.0, ""subsample_freq"": 1, ""best_iteration"": 32}"
07QC008,07,LSTM,default,0.0022287484065843135,0.0033497034295696384,null
07QC008,07,LSTM,level,0.006216153572204816,0.015080169972071632,null
07QC008,07,LSTM,tuned,0.0021939273706750484,0.0031941273801538617,"{""units"": 50, ""epochs"": 30, ""learning_rate"": 0.005, ""batch_size"": 32, ""epochs_run"": 15}"
07QC008,07,Persistence,default,0.002569640721018116,,null
07QC008,07,RF,default,0.002324414836532702,0.003681345497867948,null
07QC008,07,RF,level,0.01600821361218764,0.006019420907464788,null
07QC008,07,RF,tuned,0.002310005776907365,0.003484310544413671,"{""n_estimators"": 500, ""max_depth"": null, ""min_samples_leaf"": 10, ""max_features"": 1.0}"
07QC008,07,XGB,default,0.0021540421277764176,0.003519060362982178,null
07QC008,07,XGB,level,0.01862735070931498,0.008781997048933579,null
07QC008,07,XGB,tuned,0.002124879315060037,0.003445687357716477,"{""n_estimators"": 100, ""max_depth"": 3, ""learning_rate"": 0.1, ""subsample"": 1.0, ""colsample_bytree"": 1.0, ""min_child_weight"": 5, ""best_iteration"": 99}"
07SA002,07,LGBM,default,0.003691971237000021,0.0074336936723757826,null
07SA002,07,LGBM,level,0.004409778321804027,0.04337128299733676,null
07SA002,07,LGBM,tuned,0.0037088195830461764,0.006944923296552795,"{""n_estimators"": 100, ""num_leaves"": 31, ""max_depth"": -1, ""learning_rate"": 0.3, ""min_child_samples"": 10, ""subsample"": 0.7, ""subsample_freq"": 1, ""best_iteration"": 34}"
07SA002,07,LSTM,default,0.0038783980445893183,0.006647735816840565,null
07SA002,07,LSTM,level,0.013901304045163293,0.02668351879759114,null
07SA002,07,LSTM,tuned,0.003751092045730651,0.006192147077973835,"{""units"": 100, ""epochs"": 30, ""learning_rate"": 0.001, ""batch_size"": 128, ""epochs_run"": 30}"
07SA002,07,Persistence,default,0.00552512227562456,,null
07SA002,07,RF,default,0.0038771755168947567,0.007104731199184849,null
07SA002,07,RF,level,0.0043007231162281055,0.02128064435621737,null
07SA002,07,RF,tuned,0.003702467775990842,0.006929618157065604,"{""n_estimators"": 100, ""max_depth"": null, ""min_samples_leaf"": 5, ""max_features"": ""sqrt""}"
07SA002,07,XGB,default,0.0036927907946881972,0.006853401880479257,null
07SA002,07,XGB,level,0.004429842015577472,0.032548221002238045,null
07SA002,07,XGB,tuned,0.0037372856906782497,0.006737084930932728,"{""n_estimators"": 100, ""max_depth"": 3, ""learning_rate"": 0.1, ""subsample"": 0.7, ""colsample_bytree"": 0.7, ""min_child_weight"": 5, ""best_iteration"": 83}"
08HB034,08,LGBM,default,0.21645029791268405,0.17949246797522747,null
08HB034,08,LGBM,level,0.22574412171098387,0.1988243677444302,null
08HB034,08,LGBM,tuned,0.22656215698028637,0.17803357913797618,"{""n_estimators"": 300, ""num_leaves"": 15, ""max_depth"": -1, ""learning_rate"": 0.05, ""min_child_samples"": 50, ""subsample"": 0.7, ""subsample_freq"": 1, ""best_iteration"": 53}"
08HB034,08,LSTM,default,0.22208324100386737,0.18404011847264712,null
08HB034,08,LSTM,level,0.22852049141841235,0.20255219469106248,null
08HB034,08,LSTM,tuned,0.2249861363065193,0.1767641339538537,"{""units"": 50, ""epochs"": 60, ""learning_rate"": 0.005, ""batch_size"": 32, ""epochs_run"": 10}"
08HB034,08,Persistence,default,0.25515844673687854,,null
08HB034,08,RF,default,0.20646943584037283,0.19491506650377424,null
08HB034,08,RF,level,0.2205139162416633,0.19717156815607395,null
08HB034,08,RF,tuned,0.2142965846393312,0.17998768334929585,"{""n_estimators"": 100, ""max_depth"": 20, ""min_samples_leaf"": 10, ""max_features"": 0.5}"
08HB034,08,XGB,default,0.2126450620272069,0.18314950778435754,null
08HB034,08,XGB,level,0.2341803360977023,0.19185227740924407,null
08HB034,08,XGB,tuned,0.21222197414928512,0.1765897281689594,"{""n_estimators"": 300, ""max_depth"": 5, ""learning_rate"": 0.3, ""subsample"": 0.7, ""colsample_bytree"": 1.0, ""min_child_weight"": 5, ""best_iteration"": 4}"
08HB074,08,LGBM,default,0.10512314766476712,0.07888992502705747,null
08HB074,08,LGBM,level,0.22120914843442135,0.08122235157511405,null
08HB074,08,LGBM,tuned,0.1042148560357607,0.07665358582565057,"{""n_estimators"": 300, ""num_leaves"": 15, ""max_depth"": -1, ""learning_rate"": 0.1, ""min_child_samples"": 50, ""subsample"": 1.0, ""subsample_freq"": 1, ""best_iteration"": 20}"
08HB074,08,LSTM,default,0.10380081689679442,0.07972739763096341,null
08HB074,08,LSTM,level,0.16071507396768178,0.13548291493921819,null
08HB074,08,LSTM,tuned,0.1075170693746208,0.07641253205712013,"{""units"": 100, ""epochs"": 60, ""learning_rate"": 0.001, ""batch_size"": 32, ""epochs_run"": 46}"
08HB074,08,Persistence,default,0.11065582826388821,,null
08HB074,08,RF,default,0.10433067556436913,0.08564784937019314,null
08HB074,08,RF,level,0.10646554323403758,0.0833933527274713,null
08HB074,08,RF,tuned,0.10054103704598318,0.0779883451670613,"{""n_estimators"": 300, ""max_depth"": null, ""min_samples_leaf"": 10, ""max_features"": 0.5}"
08HB074,08,XGB,default,0.11031298618013562,0.07933860143089771,null
08HB074,08,XGB,level,0.19893018929244816,0.07952050186182942,null
08HB074,08,XGB,tuned,0.1030346641334875,0.07676203340549054,"{""n_estimators"": 100, ""max_depth"": 3, ""learning_rate"": 0.3, ""subsample"": 0.7, ""colsample_bytree"": 0.7, ""min_child_weight"": 5, ""best_iteration"": 11}"
08LG065,08,LGBM,default,0.02319027260238875,0.03753772488274142,null
08LG065,08,LGBM,level,0.02418229912669385,0.03998648386224419,null
08LG065,08,LGBM,tuned,0.023299741643841097,0.03671379654372797,"{""n_estimators"": 1000, ""num_leaves"": 31, ""max_depth"": -1, ""learning_rate"": 0.3, ""min_child_samples"": 50, ""subsample"": 1.0, ""subsample_freq"": 1, ""best_iteration"": 41}"
08LG065,08,LSTM,default,0.02390286493692566,0.03900217030025566,null
08LG065,08,LSTM,level,0.038262527822732276,0.06271847895894153,null
08LG065,08,LSTM,tuned,0.024152232412359056,0.03833011788029349,"{""units"": 25, ""epochs"": 30, ""learning_rate"": 0.005, ""batch_size"": 32, ""epochs_run"": 11}"
08LG065,08,Persistence,default,0.028257304698382047,,null
08LG065,08,RF,default,0.02260902987021947,0.03818236542263845,null
08LG065,08,RF,level,0.022397576870666625,0.04231231561106871,null
08LG065,08,RF,tuned,0.021994563999835227,0.037080789638228,"{""n_estimators"": 100, ""max_depth"": 10, ""min_samples_leaf"": 1, ""max_features"": 0.5}"
08LG065,08,XGB,default,0.02079493869127842,0.03792750281559273,null
08LG065,08,XGB,level,0.023693324857850723,0.040425196607422526,null
08LG065,08,XGB,tuned,0.021460873034430235,0.036221464864894685,"{""n_estimators"": 100, ""max_depth"": 5, ""learning_rate"": 0.3, ""subsample"": 0.7, ""colsample_bytree"": 0.7, ""min_child_weight"": 5, ""best_iteration"": 23}"
08MA006,08,LGBM,default,0.024760490656176116,0.029000375159202684,null
08MA006,08,LGBM,level,0.02421464881286062,0.03166995534415268,null
08MA006,08,LGBM,tuned,0.024724030638369553,0.028776870307084135,"{""n_estimators"": 1000, ""num_leaves"": 63, ""max_depth"": 5, ""learning_rate"": 0.3, ""min_child_samples"": 20, ""subsample"": 1.0, ""subsample_freq"": 1, ""best_iteration"": 10}"
08MA006,08,LSTM,default,0.023791366880068908,0.029146882873983416,null
08MA006,08,LSTM,level,0.028729301714757807,0.04148075783338332,null
08MA006,08,LSTM,tuned,0.02401991148123698,0.028351301167048818,"{""units"": 100, ""epochs"": 60, ""learning_rate"": 0.005, ""batch_size"": 128, ""epochs_run"": 20}"
08MA006,08,Persistence,default,0.02487151314051112,,null
08MA006,08,RF,default,0.025846058608875122,0.031095647473678777,null
08MA006,08,RF,level,0.02649066839004166,0.03149783455293791,null
08MA006,08,RF,tuned,0.024156524917610285,0.029554859680386344,"{""n_estimators"": 500, ""max_depth"": null, ""min_samples_leaf"": 10, ""max_features"": 0.5}"
08MA006,08,XGB,default,0.024653442934225733,0.028948239855754662,null
08MA006,08,XGB,level,0.025343229695037297,0.03163131669383672,null
08MA006,08,XGB,tuned,0.02478091468864704,0.0279901538195157,"{""n_estimators"": 1000, ""max_depth"": 5, ""learning_rate"": 0.3, ""subsample"": 0.7, ""colsample_bytree"": 1.0, ""min_child_weight"": 1, ""best_iteration"": 7}"
08MC039,08,LGBM,default,0.01225862635542956,0.014973901533899343,null
08MC039,08,LGBM,level,0.015144951059931688,0.04706850904337484,null
08MC039,08,LGBM,tuned,0.011847404521388383,0.014599611231357452,"{""n_estimators"": 1000, ""num_leaves"": 31, ""max_depth"": -1, ""learning_rate"": 0.05, ""min_child_samples"": 10, ""subsample"": 0.7, ""subsample_freq"": 1, ""best_iteration"": 28}"
08MC039,08,LSTM,default,0.011954477230134248,0.01555733396591739,null
08MC039,08,LSTM,level,0.03481953182335662,0.03358557967262372,null
08MC039,08,LSTM,tuned,0.012375852088486143,0.014757768480033436,"{""units"": 25, ""epochs"": 60, ""learning_rate"": 0.001, ""batch_size"": 32, ""epochs_run"": 8}"
08MC039,08,Persistence,default,0.014419567019972499,,null
08MC039,08,RF,default,0.01197123234276021,0.01644097108832359,null
08MC039,08,RF,level,0.015079164991730374,0.05157511854819983,null
08MC039,08,RF,tuned,0.011632570367949674,0.014969247912364805,"{""n_estimators"": 500, ""max_depth"": 20, ""min_samples_leaf"": 5, ""max_features"": ""sqrt""}"
08MC039,08,XGB,default,0.012745013234022124,0.015082379366750012,null
08MC039,08,XGB,level,0.014508862350105555,0.05289194678377852,null
08MC039,08,XGB,tuned,0.012506258752665478,0.014727886904070784,"{""n_estimators"": 100, ""max_depth"": 9, ""learning_rate"": 0.3, ""subsample"": 0.7, ""colsample_bytree"": 1.0, ""min_child_weight"": 1, ""best_iteration"": 1}"
08MH035,08,LGBM,default,0.0871952167754132,0.08152059154327575,null
08MH035,08,LGBM,level,0.09855855079973774,0.09871138530033868,null
08MH035,08,LGBM,tuned,0.08926830049414998,0.07674878382209331,"{""n_estimators"": 100, ""num_leaves"": 15, ""max_depth"": 5, ""learning_rate"": 0.3, ""min_child_samples"": 10, ""subsample"": 0.7, ""subsample_freq"": 1, ""best_iteration"": 9}"
08MH035,08,LSTM,default,0.08747157247803458,0.08230340998083062,null
08MH035,08,LSTM,level,0.15455541177169532,0.1716509440133318,null
08MH035,08,LSTM,tuned,0.08763558618544269,0.08056779841093488,"{""units"": 50, ""epochs"": 60, ""learning_rate"": 0.005, ""batch_size"": 32, ""epochs_run"": 10}"
08MH035,08,Persistence,default,0.09170266908913989,,null
08MH035,08,RF,default,0.08793812030246793,0.08081300016382753,null
08MH035,08,RF,level,0.09596106052638957,0.09151522349926915,null
08MH035,08,RF,tuned,0.08574069176689257,0.07958586667907866,"{""n_estimators"": 500, ""max_depth"": 10, ""min_samples_leaf"": 1, ""max_features"": 1.0}"
08MH035,08,XGB,default,0.08630037241497103,0.08071461307925784,null
08MH035,08,XGB,level,0.0933756290831462,0.09233986185121472,null
08MH035,08,XGB,tuned,0.0884086760076887,0.07785828923666828,"{""n_estimators"": 1000, ""max_depth"": 9, ""learning_rate"": 0.05, ""subsample"": 0.7, ""colsample_bytree"": 1.0, ""min_child_weight"": 1, ""best_iteration"": 63}"
08MH053,08,LGBM,default,0.07166983314845113,0.0794674043156979,null
08MH053,08,LGBM,level,0.07315933626925054,0.07938938970107562,null
08MH053,08,LGBM,tuned,0.07098749390189837,0.07820747936457376,"{""n_estimators"": 100, ""num_leaves"": 15, ""max_depth"": 5, ""learning_rate"": 0.1, ""min_child_samples"": 10, ""subsample"": 0.7, ""subsample_freq"": 1, ""best_iteration"": 28}"
08MH053,08,LSTM,default,0.07037865054527419,0.08203598870009199,null
08MH053,08,LSTM,level,0.10182690625301172,0.13021436628970734,null
08MH053,08,LSTM,tuned,0.07038990267252244,0.08083019711370694,"{""units"": 100, ""epochs"": 60, ""learning_rate"": 0.001, ""batch_size"": 128, ""epochs_run"": 45}"
08MH053,08,Persistence,default,0.07045947779891579,,null
08MH053,08,RF,default,0.07274460298782634,0.07873001778306436,null
08MH053,08,RF,level,0.07353234566545756,0.0829418362967931,null
08MH053,08,RF,tuned,0.07285138135362969,0.07770873279290325,"{""n_estimators"": 300, ""max_depth"": null, ""min_samples_leaf"": 1, ""max_features"": 1.0}"
08MH053,08,XGB,default,0.07009798107754121,0.07699795140845132,null
08MH053,08,XGB,level,0.07001528213872961,0.0801329988801838,null
08MH053,08,XGB,tuned,0.07038515215986255,0.07561420118236432,"{""n_estimators"": 300, ""max_depth"": 9, ""learning_rate"": 0.3, ""subsample"": 1.0, ""colsample_bytree"": 1.0, ""min_child_weight"": 1, ""best_iteration"": 3}"
08MH074,08,LGBM,default,0.03111796781849836,0.11200773622741995,null
08MH074,08,LGBM,level,0.04927994894740777,0.1342319052525377,null
08MH074,08,LGBM,tuned,0.037001647970146614,0.10677285330048228,"{""n_estimators"": 100, ""num_leaves"": 15, ""max_depth"": 5, ""learning_rate"": 0.3, ""min_child_samples"": 10, ""subsample"": 0.7, ""subsample_freq"": 1, ""best_iteration"": 13}"
08MH074,08,LSTM,default,0.05437605494275805,0.11513046953877018,null
08MH074,08,LSTM,level,0.18485397583040986,0.3275326884873162,null
08MH074,08,LSTM,tuned,0.03036296051070498,0.0606245316923126,"{""units"": 100, ""epochs"": 10, ""learning_rate"": 0.005, ""batch_size"": 32, ""epochs_run"": 10}"
08MH074,08,Persistence,default,0.08673329562648134,,null
08MH074,08,RF,default,0.029426691986989804,0.0877835399321699,null
08MH074,08,RF,level,0.06169338545933396,0.12347396470035102,null
08MH074,08,RF,tuned,0.028529433974877907,0.0857631965302536,"{""n_estimators"": 300, ""max_depth"": null, ""min_samples_leaf"": 1, ""max_features"": 1.0}"
08MH074,08,XGB,default,0.02838311791099288,0.09705531147375093,null
08MH074,08,XGB,level,0.05536526396940996,0.10843767857793314,null
08MH074,08,XGB,tuned,0.03467304833860407,0.09714224074990459,"{""n_estimators"": 1000, ""max_depth"": 9, ""learning_rate"": 0.05, ""subsample"": 0.7, ""colsample_bytree"": 1.0, ""min_child_weight"": 1, ""best_iteration"": 110}"
08NE105,08,LGBM,default,0.3708824839268595,0.27197196977543103,null
08NE105,08,LGBM,level,0.36791627982695024,0.27961091058639065,null
08NE105,08,LGBM,tuned,0.3664669195859258,0.2712290034674061,"{""n_estimators"": 300, ""num_leaves"": 63, ""max_depth"": 10, ""learning_rate"": 0.05, ""min_child_samples"": 10, ""subsample"": 0.7, ""subsample_freq"": 1, ""best_iteration"": 18}"
08NE105,08,LSTM,default,0.4231334892456533,0.29058907138502954,null
08NE105,08,LSTM,level,0.36010251311811564,0.28099474738162905,null
08NE105,08,LSTM,tuned,0.4026666466063569,0.27911824130634977,"{""units"": 100, ""epochs"": 30, ""learning_rate"": 0.005, ""batch_size"": 32, ""epochs_run"": 15}"
08NE105,08,Persistence,default,0.3685503170794135,,null
08NE105,08,RF,default,0.40821983876447554,0.28743070039629337,null
08NE105,08,RF,level,0.3826851482876137,0.29245244025476613,null
08NE105,08,RF,tuned,0.3769481161186286,0.27776847656521797,"{""n_estimators"": 500, ""max_depth"": 10, ""min_samples_leaf"": 10, ""max_features"": ""sqrt""}"
08NE105,08,XGB,default,0.3708777194018672,0.2722137634102039,null
08NE105,08,XGB,level,0.3665733183985359,0.2813934456088953,null
08NE105,08,XGB,tuned,0.36686724948267246,0.2715916897088498,"{""n_estimators"": 1000, ""max_depth"": 9, ""learning_rate"": 0.01, ""subsample"": 0.7, ""colsample_bytree"": 1.0, ""min_child_weight"": 5, ""best_iteration"": 104}"
08NH007,08,LGBM,default,0.034562558689148294,0.03197262546952318,null
08NH007,08,LGBM,level,0.05310503740326323,0.035389690411403864,null
08NH007,08,LGBM,tuned,0.03384444496311071,0.0316149244961844,"{""n_estimators"": 300, ""num_leaves"": 15, ""max_depth"": 5, ""learning_rate"": 0.3, ""min_child_samples"": 10, ""subsample"": 1.0, ""subsample_freq"": 1, ""best_iteration"": 7}"
08NH007,08,LSTM,default,0.03246892194423762,0.032325468652623715,null
08NH007,08,LSTM,level,0.06381356223610395,0.05649857597535548,null
08NH007,08,LSTM,tuned,0.0336059243751147,0.031102778187556746,"{""units"": 100, ""epochs"": 30, ""learning_rate"": 0.001, ""batch_size"": 128, ""epochs_run"": 22}"
08NH007,08,Persistence,default,0.03714577574955794,,null
08NH007,08,RF,default,0.03548092805194358,0.033381896430998745,null
08NH007,08,RF,level,0.049870884834882584,0.03873467062820853,null
08NH007,08,RF,tuned,0.034020340390277085,0.03226534248399488,"{""n_estimators"": 500, ""max_depth"": 10, ""min_samples_leaf"": 5, ""max_features"": 0.5}"
08NH007,08,XGB,default,0.03446452259928337,0.03141023057655746,null
08NH007,08,XGB,level,0.053522939667307645,0.03576383806181857,null
08NH007,08,XGB,tuned,0.03530188875912301,0.031295228091933,"{""n_estimators"": 1000, ""max_depth"": 5, ""learning_rate"": 0.05, ""subsample"": 0.7, ""colsample_bytree"": 0.7, ""min_child_weight"": 5, ""best_iteration"": 82}"
08NM066,08,LGBM,default,0.005861482421677142,0.006350594946062678,null
08NM066,08,LGBM,level,0.022482306737320674,0.015266043102709136,null
08NM066,08,LGBM,tuned,0.005732110642665671,0.006272363418821887,"{""n_estimators"": 100, ""num_leaves"": 31, ""max_depth"": -1, ""learning_rate"": 0.01, ""min_child_samples"": 10, ""subsample"": 0.7, ""subsample_freq"": 1, ""best_iteration"": 37}"
08NM066,08,LSTM,default,0.005276642669659825,0.006456416523243883,null
08NM066,08,LSTM,level,0.01464991219953009,0.012947430301090187,null
08NM066,08,LSTM,tuned,0.005429571435875541,0.006314393101377021,"{""units"": 100, ""epochs"": 30, ""learning_rate"": 0.001, ""batch_size"": 128, ""epochs_run"": 7}"
08NM066,08,Persistence,default,0.005981291569319232,,null
08NM066,08,RF,default,0.010807315390373575,0.024891961276699053,null
08NM066,08,RF,level,0.01602872116842799,0.012725832709866495,null
08NM066,08,RF,tuned,0.006057834353578616,0.006665592483191722,"{""n_estimators"": 100, ""max_depth"": null, ""min_samples_leaf"": 10, ""max_features"": ""sqrt""}"
08NM066,08,XGB,default,0.005923235333988531,0.006429450486248668,null
08NM066,08,XGB,level,0.014342848671568023,0.015281718657915519,null
08NM066,08,XGB,tuned,0.005661476575907666,0.00626656610815837,"{""n_estimators"": 1000, ""max_depth"": 7, ""learning_rate"": 0.1, ""subsample"": 0.7, ""colsample_bytree"": 1.0, ""min_child_weight"": 5, ""best_iteration"": 2}"
08NM134,08,LGBM,default,0.015007335416749827,0.013290795258022358,null
08NM134,08,LGBM,level,0.016379114665365655,0.013470543689420576,null
08NM134,08,LGBM,tuned,0.015196880477605455,0.012880596269158478,"{""n_estimators"": 1000, ""num_leaves"": 15, ""max_depth"": -1, ""learning_rate"": 0.05, ""min_child_samples"": 10, ""subsample"": 1.0, ""subsample_freq"": 1, ""best_iteration"": 35}"
08NM134,08,LSTM,default,0.015036804569878102,0.01367570301408404,null
08NM134,08,LSTM,level,0.02000267790450491,0.01526925045788391,null
08NM134,08,LSTM,tuned,0.01595697946620858,0.012818077522985399,"{""units"": 25, ""epochs"": 30, ""learning_rate"": 0.005, ""batch_size"": 32, ""epochs_run"": 26}"
08NM134,08,Persistence,default,0.01560630210272427,,null
08NM134,08,RF,default,0.016949911082164936,0.014082535408319004,null
08NM134,08,RF,level,0.017586559899043005,0.013192447070530088,null
08NM134,08,RF,tuned,0.015959127107757595,0.012819242555065951,"{""n_estimators"": 500, ""max_depth"": 10, ""min_samples_leaf"": 5, ""max_features"": 1.0}"
08NM134,08,XGB,default,0.016904534108726693,0.012177713863070354,null
08NM134,08,XGB,level,0.01681148911013377,0.012999225238428797,null
08NM134,08,XGB,tuned,0.01698884136370213,0.011709115548703913,"{""n_estimators"": 300, ""max_depth"": 3, ""learning_rate"": 0.3, ""subsample"": 1.0, ""colsample_bytree"": 1.0, ""min_child_weight"": 5, ""best_iteration"": 26}"
08NM142,08,LGBM,default,0.049817541939028445,0.0637470313008675,null
08NM142,08,LGBM,level,1.450482707055416,0.497143212935424,null
08NM142,08,LGBM,tuned,0.04970635505855831,0.06335440291703404,"{""n_estimators"": 1000, ""num_leaves"": 31, ""max_depth"": 5, ""learning_rate"": 0.3, ""min_child_samples"": 20, ""subsample"": 0.7, ""subsample_freq"": 1, ""best_iteration"": 19}"
08NM142,08,LSTM,default,0.049158097452272814,0.06390482727686742,null
08NM142,08,LSTM,level,0.38944354007116494,0.1625135106364807,null
08NM142,08,LSTM,tuned,0.04921148460787713,0.06075329991409682,"{""units"": 50, ""epochs"": 30, ""learning_rate"": 0.005, ""batch_size"": 128, ""epochs_run"": 27}"
08NM142,08,Persistence,default,0.05095384094266138,,null
08NM142,08,RF,default,0.052295093897752894,0.059421387035339245,null
08NM142,08,RF,level,1.2791857541946008,0.42115773647722976,null
08NM142,08,RF,tuned,0.05200836587993565,0.05963305750984728,"{""n_estimators"": 300, ""max_depth"": null, ""min_samples_leaf"": 1, ""max_features"": 1.0}"
08NM142,08,XGB,default,0.05066535812410071,0.059447087905623225,null
08NM142,08,XGB,level,1.4620217370423187,0.5059132945483191,null
08NM142,08,XGB,tuned,0.05118285673727471,0.05923525193169085,"{""n_estimators"": 300, ""max_depth"": 9, ""learning_rate"": 0.1, ""subsample"": 1.0, ""colsample_bytree"": 0.7, ""min_child_weight"": 1, ""best_iteration"": 39}"
08NN026,08,LGBM,default,0.034991987552837764,0.04818152477008662,null
08NN026,08,LGBM,level,0.04192276687136078,0.05524591183851328,null
08NN026,08,LGBM,tuned,0.03387286635723302,0.04750598647329088,"{""n_estimators"": 300, ""num_leaves"": 31, ""max_depth"": -1, ""learning_rate"": 0.1, ""min_child_samples"": 20, ""subsample"": 1.0, ""subsample_freq"": 1, ""best_iteration"": 47}"
08NN026,08,LSTM,default,0.03453728033320422,0.04988735789922745,null
08NN026,08,LSTM,level,0.06840291353501518,0.0845285636688387,null
08NN026,08,LSTM,tuned,0.03451931615807265,0.047277801039366484,"{""units"": 25, ""epochs"": 60, ""learning_rate"": 0.005, ""batch_size"": 128, ""epochs_run"": 21}"
08NN026,08,Persistence,default,0.040787449463717075,,null
08NN026,08,RF,default,0.03114819736015103,0.05038028361932299,null
08NN026,08,RF,level,0.03909558531251673,0.05738942059837633,null
08NN026,08,RF,tuned,0.03225283370116118,0.04830508897189206,"{""n_estimators"": 500, ""max_depth"": null, ""min_samples_leaf"": 10, ""max_features"": 1.0}"
08NN026,08,XGB,default,0.03102126919978799,0.05018191929567369,null
08NN026,08,XGB,level,0.041609033111619204,0.05706014887880993,null
08NN026,08,XGB,tuned,0.03802009308458236,0.047892797050373914,"{""n_estimators"": 300, ""max_depth"": 3, ""learning_rate"": 0.3, ""subsample"": 0.7, ""colsample_bytree"": 1.0, ""min_child_weight"": 5, ""best_iteration"": 14}"
09AA001,09,LGBM,default,0.005257018908998863,0.00448171881356156,null
09AA001,09,LGBM,level,0.008923942112220772,0.006670220075350812,null
09AA001,09,LGBM,tuned,0.005192514418810589,0.004434323839032959,"{""n_estimators"": 1000, ""num_leaves"": 31, ""max_depth"": 10, ""learning_rate"": 0.05, ""min_child_samples"": 50, ""subsample"": 0.7, ""subsample_freq"": 1, ""best_iteration"": 91}"
09AA001,09,LSTM,default,0.005357274393261948,0.004568549960495157,null
09AA001,09,LSTM,level,0.013072776358105699,0.01076445984247159,null
09AA001,09,LSTM,tuned,0.005119693109383288,0.00438741158000216,"{""units"": 50, ""epochs"": 60, ""learning_rate"": 0.005, ""batch_size"": 128, ""epochs_run"": 31}"
09AA001,09,Persistence,default,0.015231836424556302,,null
09AA001,09,RF,default,0.005385715225849414,0.004629609831074957,null
09AA001,09,RF,level,0.007144885994490221,0.0054339895318316015,null
09AA001,09,RF,tuned,0.005173890050834264,0.004456084622276142,"{""n_estimators"": 300, ""max_depth"": 10, ""min_samples_leaf"": 5, ""max_features"": 0.5}"
09AA001,09,XGB,default,0.005179970413983472,0.0044911801201798,null
09AA001,09,XGB,level,0.00970909135271693,0.0066688939831939294,null
09AA001,09,XGB,tuned,0.005182203913105487,0.0044510537984617056,"{""n_estimators"": 1000, ""max_depth"": 7, ""learning_rate"": 0.01, ""subsample"": 0.7, ""colsample_bytree"": 1.0, ""min_child_weight"": 1, ""best_iteration"": 441}"
09AA016,09,LGBM,default,0.024477237607715502,0.03259775336610234,null
09AA016,09,LGBM,level,0.027871401759453393,0.036283025563374156,null
09AA016,09,LGBM,tuned,0.024288382719451013,0.03267700043342983,"{""n_estimators"": 1000, ""num_leaves"": 63, ""max_depth"": 10, ""learning_rate"": 0.05, ""min_child_samples"": 10, ""subsample"": 0.7, ""subsample_freq"": 1, ""best_iteration"": 84}"
09AA016,09,LSTM,default,0.023655350676778958,0.030561917298208657,null
09AA016,09,LSTM,level,0.04419897331567289,0.061166751912375916,null
09AA016,09,LSTM,tuned,0.02378075184154043,0.029396059686857844,"{""units"": 100, ""epochs"": 60, ""learning_rate"": 0.001, ""batch_size"": 128, ""epochs_run"": 23}"
09AA016,09,Persistence,default,0.03621083548581598,,null
09AA016,09,RF,default,0.024506920907092278,0.03356615738561262,null
09AA016,09,RF,level,0.0272458098128963,0.03815035237355852,null
09AA016,09,RF,tuned,0.024170855641992107,0.03241520336091189,"{""n_estimators"": 100, ""max_depth"": null, ""min_samples_leaf"": 5, ""max_features"": 1.0}"
09AA016,09,XGB,default,0.023866376902963577,0.033853489335123416,null
09AA016,09,XGB,level,0.028446775493760887,0.036979442870683124,null
09AA016,09,XGB,tuned,0.024816488626903836,0.032687558794326124,"{""n_estimators"": 1000, ""max_depth"": 5, ""learning_rate"": 0.1, ""subsample"": 1.0, ""colsample_bytree"": 1.0, ""min_child_weight"": 5, ""best_iteration"": 85}"
09AC001,09,LGBM,default,0.045986347194268314,0.03437011398772418,null
09AC001,09,LGBM,level,0.05462473395746622,0.04034038498878571,null
09AC001,09,LGBM,tuned,0.04792134484331069,0.03278679767228963,"{""n_estimators"": 300, ""num_leaves"": 63, ""max_depth"": 10, ""learning_rate"": 0.3, ""min_child_samples"": 50, ""subsample"": 1.0, ""subsample_freq"": 1, ""best_iteration"": 65}"
09AC001,09,LSTM,default,0.04659074959808229,0.03550191343043647,null
09AC001,09,LSTM,level,0.10855440173781901,0.07755518954335797,null
09AC001,09,LSTM,tuned,0.04439910656931224,0.03308798514061545,"{""units"": 50, ""epochs"": 30, ""learning_rate"": 0.005, ""batch_size"": 32, ""epochs_run"": 19}"
09AC001,09,Persistence,default,0.054179707831814125,,null
09AC001,09,RF,default,0.05263920648378217,0.035996454909752375,null
09AC001,09,RF,level,0.057293501418702014,0.03797567646499509,null
09AC001,09,RF,tuned,0.04618709717533984,0.03425662995269238,"{""n_estimators"": 100, ""max_depth"": null, ""min_samples_leaf"": 5, ""max_features"": 0.5}"
09AC001,09,XGB,default,0.04838916036431272,0.03665736858276634,null
09AC001,09,XGB,level,0.051225588739209,0.03878543971995813,null
09AC001,09,XGB,tuned,0.05207352815868325,0.03490822807760797,"{""n_estimators"": 1000, ""max_depth"": 5, ""learning_rate"": 0.3, ""subsample"": 1.0, ""colsample_bytree"": 1.0, ""min_child_weight"": 5, ""best_iteration"": 5}"
09AE003,09,LGBM,default,0.05383613209609258,0.048607733794267846,null
09AE003,09,LGBM,level,0.06247017332035599,0.08282926258093033,null
09AE003,09,LGBM,tuned,0.053675638866869047,0.0476518041080054,"{""n_estimators"": 100, ""num_leaves"": 31, ""max_depth"": 5, ""learning_rate"": 0.1, ""min_child_samples"": 50, ""subsample"": 1.0, ""subsample_freq"": 1, ""best_iteration"": 24}"
09AE003,09,LSTM,default,0.054964234233862694,0.046645126593204654,null
09AE003,09,LSTM,level,0.09359454530149848,0.08552112170426834,null
09AE003,09,LSTM,tuned,0.054142845297424726,0.046274341926164454,"{""units"": 50, ""epochs"": 60, ""learning_rate"": 0.001, ""batch_size"": 128, ""epochs_run"": 32}"
09AE003,09,Persistence,default,0.06537456738774929,,null
09AE003,09,RF,default,0.05666951399361,0.052227592326276925,null
09AE003,09,RF,level,0.06320836452959808,0.07173366930265594,null
09AE003,09,RF,tuned,0.05390403714448321,0.04890355608681187,"{""n_estimators"": 300, ""max_depth"": 10, ""min_samples_leaf"": 10, ""max_features"": ""sqrt""}"
09AE003,09,XGB,default,0.05614758164407512,0.05070210823242138,null
09AE003,09,XGB,level,0.06353671289403683,0.09069326077781065,null
09AE003,09,XGB,tuned,0.0544973947978728,0.048686720283508914,"{""n_estimators"": 300, ""max_depth"": 3, ""learning_rate"": 0.3, ""subsample"": 0.7, ""colsample_bytree"": 1.0, ""min_child_weight"": 5, ""best_iteration"": 7}"
09AH005,09,LGBM,default,0.03481637337502456,0.08787761090478892,null
09AH005,09,LGBM,level,0.03973726460565983,0.08620067745531734,null
09AH005,09,LGBM,tuned,0.035268427276265356,0.08486606887577883,"{""n_estimators"": 300, ""num_leaves"": 63, ""max_depth"": -1, ""learning_rate"": 0.05, ""min_child_samples"": 50, ""subsample"": 1.0, ""subsample_freq"": 1, ""best_iteration"": 131}"
09AH005,09,LSTM,default,0.034356407220817516,0.0863870239703753,null
09AH005,09,LSTM,level,0.048108503745159896,0.11267345565557124,null
09AH005,09,LSTM,tuned,0.03495685626317645,0.08447382674966877,"{""units"": 50, ""epochs"": 60, ""learning_rate"": 0.005, ""batch_size"": 32, ""epochs_run"": 10}"
09AH005,09,Persistence,default,0.03557620927904866,,null
09AH005,09,RF,default,0.036783439546032165,0.09019552314687074,null
09AH005,09,RF,level,0.040334442360380696,0.08716541869191989,null
09AH005,09,RF,tuned,0.035193171987191456,0.0867332556922151,"{""n_estimators"": 500, ""max_depth"": 20, ""min_samples_leaf"": 1, ""max_features"": ""sqrt""}"
09AH005,09,XGB,default,0.03482785456901862,0.08902681941539238,null
09AH005,09,XGB,level,0.038202702304225226,0.09196502998868389,null
09AH005,09,XGB,tuned,0.034716030291615005,0.08630156146341776,"{""n_estimators"": 100, ""max_depth"": 3, ""learning_rate"": 0.3, ""subsample"": 0.7, ""colsample_bytree"": 0.7, ""min_child_weight"": 5, ""best_iteration"": 8}"
09BB001,09,LGBM,default,0.10690846736312748,0.05723451092784243,null
09BB001,09,LGBM,level,0.10363701874179307,0.06026845681376153,null
09BB001,09,LGBM,tuned,0.10710323230819735,0.055822539005654044,"{""n_estimators"": 1000, ""num_leaves"": 63, ""max_depth"": 5, ""learning_rate"": 0.3, ""min_child_samples"": 10, ""subsample"": 0.7, ""subsample_freq"": 1, ""best_iteration"": 5}"
09BB001,09,LSTM,default,0.1067142827661858,0.057645036932595185,null
09BB001,09,LSTM,level,0.1344386556113824,0.08324948744268276,null
09BB001,09,LSTM,tuned,0.10396304442665401,0.05368432308127832,"{""units"": 100, ""epochs"": 60, ""learning_rate"": 0.001, ""batch_size"": 32, ""epochs_run"": 33}"
09BB001,09,Persistence,default,0.11219698209264665,,null
09BB001,09,RF,default,0.09870769652778144,0.060388739882954685,null
09BB001,09,RF,level,0.1069819445691065,0.06099457539193566,null
09BB001,09,RF,tuned,0.10105006644634447,0.05678322209586244,"{""n_estimators"": 500, ""max_depth"": null, ""min_samples_leaf"": 1, ""max_features"": ""sqrt""}"
09BB001,09,XGB,default,0.11119671226192711,0.06095534134301994,null
09BB001,09,XGB,level,0.10678150755913773,0.060580769608021605,null
09BB001,09,XGB,tuned,0.10490791794523165,0.05693888265907542,"{""n_estimators"": 1000, ""max_depth"": 5, ""learning_rate"": 0.3, ""subsample"": 0.7, ""colsample_bytree"": 0.7, ""min_child_weight"": 5, ""best_iteration"": 5}"
09CA001,09,LGBM,default,0.010915292646864071,0.010970050452467637,null
09CA001,09,LGBM,level,0.09102374643567815,0.03894660828814964,null
09CA001,09,LGBM,tuned,0.010930529915477317,0.010979176708062815,"{""n_estimators"": 100, ""num_leaves"": 31, ""max_depth"": 10, ""learning_rate"": 0.1, ""min_child_samples"": 10, ""subsample"": 0.7, ""subsample_freq"": 1, ""best_iteration"": 30}"
09CA001,09,LSTM,default,0.010944928295099776,0.011174552131606098,null
09CA001,09,LSTM,level,0.016397966946073043,0.018160045128243544,null
09CA001,09,LSTM,tuned,0.010905815191266923,0.01109576195555682,"{""units"": 50, ""epochs"": 60, ""learning_rate"": 0.005, ""batch_size"": 128, ""epochs_run"": 20}"
09CA001,09,Persistence,default,0.011370085803323328,,null
09CA001,09,RF,default,0.011225492417797606,0.011417838049761446,null
09CA001,09,RF,level,0.08052992652038493,0.03232624189824707,null
09CA001,09,RF,tuned,0.01088644035885329,0.011011631389218533,"{""n_estimators"": 100, ""max_depth"": 20, ""min_samples_leaf"": 10, ""max_features"": 0.5}"
09CA001,09,XGB,default,0.010916113050591472,0.01106781519936539,null
09CA001,09,XGB,level,0.09090482699512177,0.03963507451795042,null
09CA001,09,XGB,tuned,0.010975949844838278,0.011025429021618452,"{""n_estimators"": 100, ""max_depth"": 3, ""learning_rate"": 0.1, ""subsample"": 1.0, ""colsample_bytree"": 0.7, ""min_child_weight"": 1, ""best_iteration"": 99}"
09DA001,09,LGBM,default,0.09060180788256676,0.04292844566699425,null
09DA001,09,LGBM,level,0.10002177701086332,0.04953971726317386,null
09DA001,09,LGBM,tuned,0.09345124324765554,0.042621164659989046,"{""n_estimators"": 1000, ""num_leaves"": 15, ""max_depth"": 5, ""learning_rate"": 0.1, ""min_child_samples"": 10, ""subsample"": 0.7, ""subsample_freq"": 1, ""best_iteration"": 45}"
09DA001,09,LSTM,default,0.08987077899275102,0.047058476818191385,null
09DA001,09,LSTM,level,0.14218922748596635,0.07773245894260708,null
09DA001,09,LSTM,tuned,0.0881799269628188,0.044486530049702246,"{""units"": 50, ""epochs"": 30, ""learning_rate"": 0.005, ""batch_size"": 128, ""epochs_run"": 19}"
09DA001,09,Persistence,default,0.09066970929260837,,null
09DA001,09,RF,default,0.09435404062517529,0.044321604213375325,null
09DA001,09,RF,level,0.09197875385067826,0.0489768359729686,null
09DA001,09,RF,tuned,0.08824995290533519,0.04361363647830255,"{""n_estimators"": 100, ""max_depth"": 20, ""min_samples_leaf"": 5, ""max_features"": 1.0}"
09DA001,09,XGB,default,0.09238556111397545,0.04480350901309245,null
09DA001,09,XGB,level,0.15236055863493386,0.045374360032773176,null
09DA001,09,XGB,tuned,0.09412248421884271,0.041312398129048744,"{""n_estimators"": 100, ""max_depth"": 9, ""learning_rate"": 0.3, ""subsample"": 1.0, ""colsample_bytree"": 1.0, ""min_child_weight"": 1, ""best_iteration"": 5}"
09DB001,09,LGBM,default,0.04632268526677271,0.04909013100164106,null
09DB001,09,LGBM,level,0.04850873641596251,0.05698218226883332,null
09DB001,09,LGBM,tuned,0.04475899770602925,0.04894940887083417,"{""n_estimators"": 1000, ""num_leaves"": 63, ""max_depth"": 10, ""learning_rate"": 0.1, ""min_child_samples"": 50, ""subsample"": 0.7, ""subsample_freq"": 1, ""best_iteration"": 40}"
09DB001,09,LSTM,default,0.046124361836017674,0.0505845045368317,null
09DB001,09,LSTM,level,0.06318692980332015,0.07472636407470168,null
09DB001,09,LSTM,tuned,0.046080010313560064,0.0500367864697021,"{""units"": 25, ""epochs"": 30, ""learning_rate"": 0.001, ""batch_size"": 128, ""epochs_run"": 30}"
09DB001,09,Persistence,default,0.049256133289841866,,null
09DB001,09,RF,default,0.04564965999438709,0.05057324762374879,null
09DB001,09,RF,level,0.048364166919355474,0.05221011053610005,null
09DB001,09,RF,tuned,0.04479390225509063,0.04930022667485757,"{""n_estimators"": 100, ""max_depth"": null, ""min_samples_leaf"": 5, ""max_features"": 0.5}"
09DB001,09,XGB,default,0.044664281499669764,0.05004285998835748,null
09DB001,09,XGB,level,0.058908696334849436,0.05604912310436732,null
09DB001,09,XGB,tuned,0.04422353274340564,0.048735553144834104,"{""n_estimators"": 100, ""max_depth"": 9, ""learning_rate"": 0.1, ""subsample"": 0.7, ""colsample_bytree"": 0.7, ""min_child_weight"": 1, ""best_iteration"": 20}"
09DC004,09,LGBM,default,0.04602730630513038,0.0431062732499421,null
09DC004,09,LGBM,level,0.050278312117108905,0.04663792163736147,null
09DC004,09,LGBM,tuned,0.04710623771501852,0.04210787842689066,"{""n_estimators"": 100, ""num_leaves"": 63, ""max_depth"": 10, ""learning_rate"": 0.3, ""min_child_samples"": 20, ""subsample"": 1.0, ""subsample_freq"": 1, ""best_iteration"": 12}"
09DC004,09,LSTM,default,0.04493973767092593,0.04439602715622434,null
09DC004,09,LSTM,level,0.13778962316536209,0.13387744412041608,null
09DC004,09,LSTM,tuned,0.04548649509720241,0.04404895498347888,"{""units"": 25, ""epochs"": 30, ""learning_rate"": 0.005, ""batch_size"": 128, ""epochs_run"": 11}"
09DC004,09,Persistence,default,0.056456078963803266,,null
09DC004,09,RF,default,0.048540383086612245,0.043731478744485255,null
09DC004,09,RF,level,0.050076024785764034,0.04558607402757625,null
09DC004,09,RF,tuned,0.04726464712689993,0.04257517659831296,"{""n_estimators"": 100, ""max_depth"": null, ""min_samples_leaf"": 5, ""max_features"": 1.0}"
09DC004,09,XGB,default,0.04901673279878898,0.04332159308789002,null
09DC004,09,XGB,level,0.0493294612567753,0.04667058323772205,null
09DC004,09,XGB,tuned,0.04694287010563416,0.04248148490032288,"{""n_estimators"": 100, ""max_depth"": 9, ""learning_rate"": 0.1, ""subsample"": 0.7, ""colsample_bytree"": 1.0, ""min_child_weight"": 5, ""best_iteration"": 25}"
09EA006,09,LGBM,default,0.08397900427339093,0.07976212244006906,null
09EA006,09,LGBM,level,0.1454217611478752,0.08119697030015295,null
09EA006,09,LGBM,tuned,0.08461317588752737,0.07167315504105926,"{""n_estimators"": 1000, ""num_leaves"": 15, ""max_depth"": 5, ""learning_rate"": 0.05, ""min_child_samples"": 20, ""subsample"": 0.7, ""subsample_freq"": 1, ""best_iteration"": 84}"
09EA006,09,LSTM,default,0.08818129485111793,0.0822361457496118,null
09EA006,09,LSTM,level,0.16267764708024593,0.13049047516870985,null
09EA006,09,LSTM,tuned,0.07798597119641765,0.07640769051375138,"{""units"": 100, ""epochs"": 30, ""learning_rate"": 0.005, ""batch_size"": 32, ""epochs_run"": 14}"
09EA006,09,Persistence,default,0.10044829095076521,,null
09EA006,09,RF,default,0.08259623988815698,0.07815810859409973,null
09EA006,09,RF,level,0.11741090980932532,0.08285885789223556,null
09EA006,09,RF,tuned,0.08505453732263839,0.07488720573624197,"{""n_estimators"": 100, ""max_depth"": 10, ""min_samples_leaf"": 10, ""max_features"": 0.5}"
09EA006,09,XGB,default,0.08277075069165656,0.07748082326489034,null
09EA006,09,XGB,level,0.17133773944637687,0.084886748888056,null
09EA006,09,XGB,tuned,0.08390638625749021,0.0748907530305113,"{""n_estimators"": 100, ""max_depth"": 7, ""learning_rate"": 0.05, ""subsample"": 0.7, ""colsample_bytree"": 0.7, ""min_child_weight"": 1, ""best_iteration"": 30}"
09EB004,09,LGBM,default,0.0645526536534525,0.0997535043892768,null
09EB004,09,LGBM,level,0.06282250986764686,0.11438244635807085,null
09EB004,09,LGBM,tuned,0.05922410347227068,0.09432875547766435,"{""n_estimators"": 100, ""num_leaves"": 15, ""max_depth"": 5, ""learning_rate"": 0.05, ""min_child_samples"": 50, ""subsample"": 0.7, ""subsample_freq"": 1, ""best_iteration"": 34}"
09EB004,09,LSTM,default,0.06676179916058468,0.09830075402083442,null
09EB004,09,LSTM,level,0.08501795656465261,0.15650081463244261,null
09EB004,09,LSTM,tuned,0.06357385375278111,0.09427799678230622,"{""units"": 100, ""epochs"": 10, ""learning_rate"": 0.005, ""batch_size"": 128, ""epochs_run"": 10}"
09EB004,09,Persistence,default,0.06689904059590883,,null
09EB004,09,RF,default,0.06290066840273,0.11039065089880784,null
09EB004,09,RF,level,0.06459003027257569,0.09901816561894579,null
09EB004,09,RF,tuned,0.06072393318024433,0.10357498522236265,"{""n_estimators"": 100, ""max_depth"": null, ""min_samples_leaf"": 10, ""max_features"": 0.5}"
09EB004,09,XGB,default,0.0656539255526924,0.10116213612934641,null
09EB004,09,XGB,level,0.06338171320193554,0.10373637208330194,null
09EB004,09,XGB,tuned,0.06427494741646245,0.09862723872332302,"{""n_estimators"": 1000, ""max_depth"": 3, ""learning_rate"": 0.3, ""subsample"": 1.0, ""colsample_bytree"": 1.0, ""min_child_weight"": 5, ""best_iteration"": 0}"
09FC001,09,LGBM,default,0.06533324475254289,0.04835885150240123,null
09FC001,09,LGBM,level,0.08138071523441641,0.11133763481634976,null
09FC001,09,LGBM,tuned,0.061894185013393846,0.04674095152870622,"{""n_estimators"": 1000, ""num_leaves"": 63, ""max_depth"": 10, ""learning_rate"": 0.05, ""min_child_samples"": 20, ""subsample"": 0.7, ""subsample_freq"": 1, ""best_iteration"": 17}"
09FC001,09,LSTM,default,0.05323462086702963,0.04522636174335018,null
09FC001,09,LSTM,level,0.10245974118567751,0.0818904701711897,null
09FC001,09,LSTM,tuned,0.05566291444303671,0.04467692186162629,"{""units"": 100, ""epochs"": 60, ""learning_rate"": 0.005, ""batch_size"": 128, ""epochs_run"": 8}"
09FC001,09,Persistence,default,0.08390444800693729,,null
09FC001,09,RF,default,0.0624491547928825,0.05898433584567218,null
09FC001,09,RF,level,0.07753803173169672,0.1045355622398763,null
09FC001,09,RF,tuned,0.057861311466240455,0.05511351580483828,"{""n_estimators"": 100, ""max_depth"": 10, ""min_samples_leaf"": 10, ""max_features"": ""sqrt""}"
09FC001,09,XGB,default,0.06339082224203024,0.0474269239733937,null
09FC001,09,XGB,level,0.08334291016644328,0.10969089392188659,null
09FC001,09,XGB,tuned,0.06708531082524519,0.04601325503628117,"{""n_estimators"": 300, ""max_depth"": 9, ""learning_rate"": 0.01, ""subsample"": 1.0, ""colsample_bytree"": 1.0, ""min_child_weight"": 1, ""best_iteration"": 106}"
09FD002,09,LGBM,default,0.1801455351125006,0.14765100404342263,null
09FD002,09,LGBM,level,0.1770419252845667,0.16745731950869017,null
09FD002,09,LGBM,tuned,0.180716957583156,0.13865071229555356,"{""n_estimators"": 1000, ""num_leaves"": 31, ""max_depth"": 10, ""learning_rate"": 0.01, ""min_child_samples"": 20, ""subsample"": 0.7, ""subsample_freq"": 1, ""best_iteration"": 130}"
09FD002,09,LSTM,default,0.19573262796813537,0.16069456391471726,null
09FD002,09,LSTM,level,0.20767374143557993,0.20096624961653467,null
09FD002,09,LSTM,tuned,0.18816422287192394,0.14111422828156459,"{""units"": 50, ""epochs"": 60, ""learning_rate"": 0.005, ""batch_size"": 128, ""epochs_run"": 11}"
09FD002,09,Persistence,default,0.2096354516362384,,null
09FD002,09,RF,default,0.22612545125316574,0.19707608098810825,null
09FD002,09,RF,level,0.17312034203219545,0.14926044636993577,null
09FD002,09,RF,tuned,0.18977323614824493,0.1657509446171783,"{""n_estimators"": 500, ""max_depth"": 20, ""min_samples_leaf"": 10, ""max_features"": ""sqrt""}"
09FD002,09,XGB,default,0.18464650466230043,0.15767335198934815,null
09FD002,09,XGB,level,0.1949666075986738,0.15394338297335344,null
09FD002,09,XGB,tuned,0.1903974136664974,0.1448049701472229,"{""n_estimators"": 1000, ""max_depth"": 9, ""learning_rate"": 0.3, ""subsample"": 1.0, ""colsample_bytree"": 0.7, ""min_child_weight"": 1, ""best_iteration"": 1}"
10BE009,10,LGBM,default,0.03185707510184872,0.041876777596896224,null
10BE009,10,LGBM,level,0.03233824368980195,0.052617243947940755,null
10BE009,10,LGBM,tuned,0.02877111202466278,0.04030569139895258,"{""n_estimators"": 300, ""num_leaves"": 31, ""max_depth"": 10, ""learning_rate"": 0.3, ""min_child_samples"": 10, ""subsample"": 0.7, ""subsample_freq"": 1, ""best_iteration"": 6}"
10BE009,10,LSTM,default,0.030797936794661477,0.04265151660614595,null
10BE009,10,LSTM,level,0.03580628159715103,0.051265748939061974,null
10BE009,10,LSTM,tuned,0.030557154354373967,0.04092365111065437,"{""units"": 100, ""epochs"": 60, ""learning_rate"": 0.005, ""batch_size"": 128, ""epochs_run"": 14}"
10BE009,10,Persistence,default,0.035345129472927866,,null
10BE009,10,RF,default,0.029122167688364443,0.03989063598072144,null
10BE009,10,RF,level,0.035265894693558675,0.04574915496277165,null
10BE009,10,RF,tuned,0.02884002945666889,0.039714745773935016,"{""n_estimators"": 100, ""max_depth"": 20, ""min_samples_leaf"": 1, ""max_features"": 1.0}"
10BE009,10,XGB,default,0.034238698787154076,0.04198660471765463,null
10BE009,10,XGB,level,0.03732961474810637,0.054097378813183924,null
10BE009,10,XGB,tuned,0.02986495984181013,0.03939263581369947,"{""n_estimators"": 300, ""max_depth"": 9, ""learning_rate"": 0.3, ""subsample"": 0.7, ""colsample_bytree"": 0.7, ""min_child_weight"": 5, ""best_iteration"": 3}"
10EC003,10,LGBM,default,0.03804198147546731,0.07964628831990118,null
10EC003,10,LGBM,level,0.16134471189293445,0.11634961803348383,null
10EC003,10,LGBM,tuned,0.03816421854126863,0.07762989799518162,"{""n_estimators"": 100, ""num_leaves"": 31, ""max_depth"": 5, ""learning_rate"": 0.1, ""min_child_samples"": 50, ""subsample"": 1.0, ""subsample_freq"": 1, ""best_iteration"": 1}"
10EC003,10,LSTM,default,0.039939358288962494,0.09011474855287858,null
10EC003,10,LSTM,level,0.25833762875927135,0.30346390201505724,null
10EC003,10,LSTM,tuned,0.039029079971713856,0.07627762801849207,"{""units"": 100, ""epochs"": 60, ""learning_rate"": 0.005, ""batch_size"": 128, ""epochs_run"": 14}"
10EC003,10,Persistence,default,0.03710959401208716,,null
10EC003,10,RF,default,0.03857449678554555,0.09055994182967189,null
10EC003,10,RF,level,0.0393159240864841,0.07463263383983575,null
10EC003,10,RF,tuned,0.0365359100208488,0.08223055795039595,"{""n_estimators"": 300, ""max_depth"": null, ""min_samples_leaf"": 10, ""max_features"": 0.5}"
10EC003,10,XGB,default,0.03803419135995648,0.07989605079610287,null
10EC003,10,XGB,level,0.054882836295478195,0.08098907564819188,null
10EC003,10,XGB,tuned,0.03560321031997824,0.07180454271663228,"{""n_estimators"": 300, ""max_depth"": 9, ""learning_rate"": 0.1, ""subsample"": 1.0, ""colsample_bytree"": 1.0, ""min_child_weight"": 1, ""best_iteration"": 12}"
10GD002,10,LGBM,default,0.10315816659050997,0.07721257720635402,null
10GD002,10,LGBM,level,0.10225742987441845,0.11192740688953022,null
10GD002,10,LGBM,tuned,0.10330695692659261,0.07512772596674369,"{""n_estimators"": 300, ""num_leaves"": 63, ""max_depth"": 10, ""learning_rate"": 0.05, ""min_child_samples"": 50, ""subsample"": 1.0, ""subsample_freq"": 1, ""best_iteration"": 2}"
10GD002,10,LSTM,default,0.10095564137821164,0.08897990999068735,null
10GD002,10,LSTM,level,0.12479865386788834,0.1379308243527573,null
10GD002,10,LSTM,tuned,0.10333756313458588,0.07546628426020811,"{""units"": 25, ""epochs"": 10, ""learning_rate"": 0.001, ""batch_size"": 128, ""epochs_run"": 6}"
10GD002,10,Persistence,default,0.10339487414760942,,null
10GD002,10,RF,default,0.0942652578236443,0.1014462316639878,null
10GD002,10,RF,level,0.1072584620611396,0.11818542942940036,null
10GD002,10,RF,tuned,0.0967115428534693,0.088612926293989,"{""n_estimators"": 300, ""max_depth"": 10, ""min_samples_leaf"": 5, ""max_features"": ""sqrt""}"
10GD002,10,XGB,default,0.10313116948517355,0.07533837441068797,null
10GD002,10,XGB,level,0.1024400616847735,0.13320679259508747,null
10GD002,10,XGB,tuned,0.09947103212365598,0.07336461314278639,"{""n_estimators"": 100, ""max_depth"": 5, ""learning_rate"": 0.1, ""subsample"": 0.7, ""colsample_bytree"": 0.7, ""min_child_weight"": 1, ""best_iteration"": 0}"
10HA004,10,LGBM,default,0.08953071814196667,0.09495990598364755,null
10HA004,10,LGBM,level,0.09758920092805959,0.09719277115673303,null
10HA004,10,LGBM,tuned,0.09014959351364649,0.09412011238391989,"{""n_estimators"": 1000, ""num_leaves"": 15, ""max_depth"": 5, ""learning_rate"": 0.3, ""min_child_samples"": 20, ""subsample"": 0.7, ""subsample_freq"": 1, ""best_iteration"": 15}"
10HA004,10,LSTM,default,0.09060423461149816,0.09466695115228879,null
10HA004,10,LSTM,level,0.12724123744038746,0.14331322569570518,null
10HA004,10,LSTM,tuned,0.09204560801188716,0.09270328660294165,"{""units"": 50, ""epochs"": 60, ""learning_rate"": 0.001, ""batch_size"": 32, ""epochs_run"": 31}"
10HA004,10,Persistence,default,0.0994040719679507,,null
10HA004,10,RF,default,0.09050660625038345,0.09875005213864597,null
10HA004,10,RF,level,0.09543032260739975,0.0994046501582879,null
10HA004,10,RF,tuned,0.09060342751405581,0.09642014840593392,"{""n_estimators"": 300, ""max_depth"": 10, ""min_samples_leaf"": 10, ""max_features"": 0.5}"
10HA004,10,XGB,default,0.09161323107401334,0.0968945448139378,null
10HA004,10,XGB,level,0.10520919934945962,0.10506673722784886,null
10HA004,10,XGB,tuned,0.08915338015291915,0.09337433031411724,"{""n_estimators"": 1000, ""max_depth"": 3, ""learning_rate"": 0.1, ""subsample"": 0.7, ""colsample_bytree"": 0.7, ""min_child_weight"": 1, ""best_iteration"": 44}"
10KA006,10,LGBM,default,0.020619410285653617,0.0387911477053245,null
10KA006,10,LGBM,level,0.03794703331111824,0.06918055657813889,null
10KA006,10,LGBM,tuned,0.02121746624143074,0.03798308970126735,"{""n_estimators"": 100, ""num_leaves"": 31, ""max_depth"": -1, ""learning_rate"": 0.05, ""min_child_samples"": 10, ""subsample"": 1.0, ""subsample_freq"": 1, ""best_iteration"": 79}"
10KA006,10,LSTM,default,0.023720576956741183,0.03971582427021363,null
10KA006,10,LSTM,level,0.06156634687953485,0.13034327381397914,null
10KA006,10,LSTM,tuned,0.021455803960466806,0.03442564859154973,"{""units"": 50, ""epochs"": 30, ""learning_rate"": 0.005, ""batch_size"": 128, ""epochs_run"": 30}"
10KA006,10,Persistence,default,0.026733502612701524,,null
10KA006,10,RF,default,0.02248321080679495,0.038961314192320205,null
10KA006,10,RF,level,0.03496007790271045,0.060817711803220854,null
10KA006,10,RF,tuned,0.022688697539223066,0.03801484625587741,"{""n_estimators"": 500, ""max_depth"": null, ""min_samples_leaf"": 1, ""max_features"": 0.5}"
10KA006,10,XGB,default,0.02098906929749564,0.04189875164553741,null
10KA006,10,XGB,level,0.0577005767134441,0.07032304066532201,null
10KA006,10,XGB,tuned,0.021748071232735276,0.04058081848406902,"{""n_estimators"": 1000, ""max_depth"": 9, ""learning_rate"": 0.05, ""subsample"": 0.7, ""colsample_bytree"": 1.0, ""min_child_weight"": 5, ""best_iteration"": 56}"
10KD009,10,LGBM,default,0.03411331658745368,0.023090143912036638,null
10KD009,10,LGBM,level,0.04047506375105089,0.027970188261782852,null
10KD009,10,LGBM,tuned,0.03278566589755228,0.022403392960362156,"{""n_estimators"": 100, ""num_leaves"": 15, ""max_depth"": 5, ""learning_rate"": 0.1, ""min_child_samples"": 50, ""subsample"": 1.0, ""subsample_freq"": 1, ""best_iteration"": 15}"
10KD009,10,LSTM,default,0.03338520339719098,0.02302384397422895,null
10KD009,10,LSTM,level,0.0665694115215585,0.04464318785835946,null
10KD009,10,LSTM,tuned,0.0319298517028051,0.022003824516958436,"{""units"": 50, ""epochs"": 60, ""learning_rate"": 0.005, ""batch_size"": 128, ""epochs_run"": 15}"
10KD009,10,Persistence,default,0.03794047793283327,,null
10KD009,10,RF,default,0.03337844166384627,0.023940356479173804,null
10KD009,10,RF,level,0.041292742939445085,0.03255536436574615,null
10KD009,10,RF,tuned,0.03360341116623419,0.022675561641614234,"{""n_estimators"": 100, ""max_depth"": 10, ""min_samples_leaf"": 10, ""max_features"": ""sqrt""}"
10KD009,10,XGB,default,0.03547564526970992,0.02332893911282925,null
10KD009,10,XGB,level,0.05058633956282303,0.03579576248363967,null
10KD009,10,XGB,tuned,0.03324308148821745,0.022015789507523344,"{""n_estimators"": 1000, ""max_depth"": 3, ""learning_rate"": 0.3, ""subsample"": 0.7, ""colsample_bytree"": 1.0, ""min_child_weight"": 5, ""best_iteration"": 4}"
10LC017,10,LGBM,default,0.03819225618431113,0.033659759961484584,null
10LC017,10,LGBM,level,0.10386149663929437,0.050157096707580555,null
10LC017,10,LGBM,tuned,0.0381626408249217,0.03420845515972461,"{""n_estimators"": 300, ""num_leaves"": 63, ""max_depth"": 10, ""learning_rate"": 0.05, ""min_child_samples"": 20, ""subsample"": 1.0, ""subsample_freq"": 1, ""best_iteration"": 9}"
10LC017,10,LSTM,default,0.03587784157302183,0.04212902995553569,null
10LC017,10,LSTM,level,0.06871939941695059,0.07565227322330581,null
10LC017,10,LSTM,tuned,0.03683857871719046,0.034587304901963815,"{""units"": 100, ""epochs"": 30, ""learning_rate"": 0.005, ""batch_size"": 32, ""epochs_run"": 10}"
10LC017,10,Persistence,default,0.03606057136079452,,null
10LC017,10,RF,default,0.043805095433389216,0.038397381057311795,null
10LC017,10,RF,level,0.04881026014352894,0.03696780071434019,null
10LC017,10,RF,tuned,0.04270509782505311,0.035526842012228464,"{""n_estimators"": 300, ""max_depth"": null, ""min_samples_leaf"": 1, ""max_features"": ""sqrt""}"
10LC017,10,XGB,default,0.0375076778953046,0.037881809140035,null
10LC017,10,XGB,level,0.21936707998467567,0.11783495909762572,null
10LC017,10,XGB,tuned,0.03587041817819481,0.03533583781191673,"{""n_estimators"": 100, ""max_depth"": 7, ""learning_rate"": 0.3, ""subsample"": 0.7, ""colsample_bytree"": 0.7, ""min_child_weight"": 5, ""best_iteration"": 0}"
10MC003,10,LGBM,default,0.06480780586961858,0.07764330725564263,null
10MC003,10,LGBM,level,0.07549270346067627,0.09343736905840605,null
10MC003,10,LGBM,tuned,0.06600928686580013,0.0761438065273297,"{""n_estimators"": 1000, ""num_leaves"": 15, ""max_depth"": 10, ""learning_rate"": 0.3, ""min_child_samples"": 20, ""subsample"": 0.7, ""subsample_freq"": 1, ""best_iteration"": 14}"
10MC003,10,LSTM,default,0.06511334381151677,0.07493633760949928,null
10MC003,10,LSTM,level,0.10331350928816758,0.13029496977940475,null
10MC003,10,LSTM,tuned,0.06304801224406645,0.07123451872728012,"{""units"": 100, ""epochs"": 60, ""learning_rate"": 0.001, ""batch_size"": 128, ""epochs_run"": 31}"
10MC003,10,Persistence,default,0.08110332037165506,,null
10MC003,10,RF,default,0.06769590635019462,0.08012086903891827,null
10MC003,10,RF,level,0.07676298426275507,0.09254817821905875,null
10MC003,10,RF,tuned,0.06618861431897734,0.07781120842906579,"{""n_estimators"": 100, ""max_depth"": null, ""min_samples_leaf"": 10, ""max_features"": 1.0}"
10MC003,10,XGB,default,0.06536325406595285,0.07982595258384612,null
10MC003,10,XGB,level,0.08017704186348333,0.09181722549767496,null
10MC003,10,XGB,tuned,0.06613543959394055,0.07730170098115266,"{""n_estimators"": 100, ""max_depth"": 7, ""learning_rate"": 0.3, ""subsample"": 0.7, ""colsample_bytree"": 1.0, ""min_child_weight"": 5, ""best_iteration"": 14}"
10PA001,10,LGBM,default,0.008501782469961623,0.02795489475275115,null
10PA001,10,LGBM,level,0.014625859054191585,0.04754571655998172,null
10PA001,10,LGBM,tuned,0.006770649156098935,0.0245686031160307,"{""n_estimators"": 300, ""num_leaves"": 15, ""max_depth"": 10, ""learning_rate"": 0.1, ""min_child_samples"": 50, ""subsample"": 0.7, ""subsample_freq"": 1, ""best_iteration"": 14}"
10PA001,10,LSTM,default,0.008095653974964442,0.027473227901136127,null
10PA001,10,LSTM,level,0.03932425857941919,0.12203603238216267,null
10PA001,10,LSTM,tuned,0.0077212594538208735,0.022708639924138335,"{""units"": 25, ""epochs"": 10, ""learning_rate"": 0.001, ""batch_size"": 128, ""epochs_run"": 6}"
10PA001,10,Persistence,default,0.008906872062750003,,null
10PA001,10,RF,default,0.006997636321156274,0.06390927136228171,null
10PA001,10,RF,level,0.01190181027057517,0.05075154725851126,null
10PA001,10,RF,tuned,0.007103568411100192,0.04211848818755585,"{""n_estimators"": 300, ""max_depth"": 20, ""min_samples_leaf"": 10, ""max_features"": ""sqrt""}"
10PA001,10,XGB,default,0.007635332277455631,0.01648350196252085,null
10PA001,10,XGB,level,0.013845654017064965,0.04535428795524844,null
10PA001,10,XGB,tuned,0.007010473723649553,0.01679614352004048,"{""n_estimators"": 300, ""max_depth"": 9, ""learning_rate"": 0.3, ""subsample"": 0.7, ""colsample_bytree"": 1.0, ""min_child_weight"": 1, ""best_iteration"": 9}"
10PB001,10,LGBM,default,0.011588810090791454,0.005531864882488567,null
10PB001,10,LGBM,level,0.01171705020547853,0.0072113658227919795,null
10PB001,10,LGBM,tuned,0.01150253884963052,0.005087063780129906,"{""n_estimators"": 300, ""num_leaves"": 63, ""max_depth"": 10, ""learning_rate"": 0.01, ""min_child_samples"": 50, ""subsample"": 1.0, ""subsample_freq"": 1, ""best_iteration"": 213}"
10PB001,10,LSTM,default,0.010908010023056981,0.004977013041940864,null
10PB001,10,LSTM,level,0.024336485200661544,0.039316762747258927,null
10PB001,10,LSTM,tuned,0.011636618039243478,0.0046388783402783245,"{""units"": 25, ""epochs"": 30, ""learning_rate"": 0.005, ""batch_size"": 32, ""epochs_run"": 25}"
10PB001,10,Persistence,default,0.010591947371112926,,null
10PB001,10,RF,default,0.01267110608285605,0.005401012786199959,null
10PB001,10,RF,level,0.013441102378008205,0.010600752640620261,null
10PB001,10,RF,tuned,0.011322259738548866,0.004868830701062511,"{""n_estimators"": 300, ""max_depth"": 10, ""min_samples_leaf"": 10, ""max_features"": ""sqrt""}"
10PB001,10,XGB,default,0.012018367589400539,0.004970152229402003,null
10PB001,10,XGB,level,0.011801061555959216,0.0090983849950612,null
10PB001,10,XGB,tuned,0.011642389114744649,0.004819290068167122,"{""n_estimators"": 100, ""max_depth"": 3, ""learning_rate"": 0.1, ""subsample"": 1.0, ""colsample_bytree"": 1.0, ""min_child_weight"": 5, ""best_iteration"": 99}"
10PB003,10,LGBM,default,0.008579483614001097,0.00821158749230613,null
10PB003,10,LGBM,level,0.012336105113514953,0.025925161563537462,null
10PB003,10,LGBM,tuned,0.00841234061056467,0.00815121253106641,"{""n_estimators"": 1000, ""num_leaves"": 31, ""max_depth"": 10, ""learning_rate"": 0.1, ""min_child_samples"": 10, ""subsample"": 0.7, ""subsample_freq"": 1, ""best_iteration"": 30}"
10PB003,10,LSTM,default,0.008477291159441817,0.007891467271981794,null
10PB003,10,LSTM,level,0.011877745835390965,0.022585550464002898,null
10PB003,10,LSTM,tuned,0.00825167461354874,0.00781748402249292,"{""units"": 100, ""epochs"": 60, ""learning_rate"": 0.005, ""batch_size"": 128, ""epochs_run"": 22}"
10PB003,10,Persistence,default,0.010655021219917168,,null
10PB003,10,RF,default,0.008769540359065043,0.008253700649320793,null
10PB003,10,RF,level,0.010674414307159413,0.023783458757703463,null
10PB003,10,RF,tuned,0.008528317363882324,0.007855508129589748,"{""n_estimators"": 500, ""max_depth"": 10, ""min_samples_leaf"": 10, ""max_features"": 1.0}"
10PB003,10,XGB,default,0.00856658770975883,0.008221528738673016,null
10PB003,10,XGB,level,0.01194095631237058,0.02878250036308348,null
10PB003,10,XGB,tuned,0.00851247040500396,0.008076397986258761,"{""n_estimators"": 100, ""max_depth"": 5, ""learning_rate"": 0.1, ""subsample"": 1.0, ""colsample_bytree"": 0.7, ""min_child_weight"": 5, ""best_iteration"": 33}"
10PC004,10,LGBM,default,0.1657084550831712,0.08156771704396304,null
10PC004,10,LGBM,level,0.1647275367419576,0.11609114084291577,null
10PC004,10,LGBM,tuned,0.16402536007517837,0.07761764685894984,"{""n_estimators"": 1000, ""num_leaves"": 31, ""max_depth"": 5, ""learning_rate"": 0.3, ""min_child_samples"": 50, ""subsample"": 0.7, ""subsample_freq"": 1, ""best_iteration"": 17}"
10PC004,10,LSTM,default,0.16852503931371435,0.07921076606392287,null
10PC004,10,LSTM,level,0.18178140318247107,0.13127356471575205,null
10PC004,10,LSTM,tuned,0.17791125494963245,0.0646807798932179,"{""units"": 25, ""epochs"": 30, ""learning_rate"": 0.005, ""batch_size"": 32, ""epochs_run"": 30}"
10PC004,10,Persistence,default,0.15489167802033527,,null
10PC004,10,RF,default,0.16960237095244626,0.0863185408740387,null
10PC004,10,RF,level,0.17566864622564446,0.10824709934624847,null
10PC004,10,RF,tuned,0.16389311893270225,0.077577940064526,"{""n_estimators"": 100, ""max_depth"": 10, ""min_samples_leaf"": 5, ""max_features"": ""sqrt""}"
10PC004,10,XGB,default,0.1716015595584647,0.08101089665699766,null
10PC004,10,XGB,level,0.16696776550939468,0.10902993217186449,null
10PC004,10,XGB,tuned,0.16289617139532062,0.07599793531043735,"{""n_estimators"": 100, ""max_depth"": 3, ""learning_rate"": 0.3, ""subsample"": 0.7, ""colsample_bytree"": 1.0, ""min_child_weight"": 5, ""best_iteration"": 4}"
10UG002,10,LGBM,default,0.10851969532950076,0.07462352700826042,null
10UG002,10,LGBM,level,0.1427160708863834,0.07217395333688803,null
10UG002,10,LGBM,tuned,0.10766438100931623,0.07423583404707436,"{""n_estimators"": 1000, ""num_leaves"": 15, ""max_depth"": -1, ""learning_rate"": 0.01, ""min_child_samples"": 10, ""subsample"": 1.0, ""subsample_freq"": 1, ""best_iteration"": 24}"
10UG002,10,LSTM,default,0.11471111566554844,0.08095547470640298,null
10UG002,10,LSTM,level,0.19691161147518702,0.11693629871161564,null
10UG002,10,LSTM,tuned,0.11192737004403482,0.07712584288940665,"{""units"": 100, ""epochs"": 60, ""learning_rate"": 0.001, ""batch_size"": 128, ""epochs_run"": 6}"
10UG002,10,Persistence,default,0.10987968483249708,,null
10UG002,10,RF,default,0.11116101258578576,0.07622362395207344,null
10UG002,10,RF,level,0.12149581637601772,0.08402647766262186,null
10UG002,10,RF,tuned,0.1105083797311765,0.07608367023091786,"{""n_estimators"": 100, ""max_depth"": 10, ""min_samples_leaf"": 1, ""max_features"": 1.0}"
10UG002,10,XGB,default,0.11675557359333621,0.07185428737828702,null
10UG002,10,XGB,level,0.12874688377642454,0.08282236719585927,null
10UG002,10,XGB,tuned,0.1071639222862736,0.06995533761798116,"{""n_estimators"": 1000, ""max_depth"": 5, ""learning_rate"": 0.1, ""subsample"": 0.7, ""colsample_bytree"": 1.0, ""min_child_weight"": 5, ""best_iteration"": 5}"
10UH005,10,LGBM,default,0.03068050793458568,0.028021371581853933,null
10UH005,10,LGBM,level,0.03879662101348889,0.03065115540491181,null
10UH005,10,LGBM,tuned,0.031455468156526396,0.026053563189530466,"{""n_estimators"": 100, ""num_leaves"": 15, ""max_depth"": -1, ""learning_rate"": 0.05, ""min_child_samples"": 10, ""subsample"": 1.0, ""subsample_freq"": 1, ""best_iteration"": 95}"
10UH005,10,LSTM,default,0.031432589914635455,0.03048063093632032,null
10UH005,10,LSTM,level,0.06140272044618732,0.05801492452330563,null
10UH005,10,LSTM,tuned,0.028604467332231747,0.026660752875275806,"{""units"": 25, ""epochs"": 60, ""learning_rate"": 0.005, ""batch_size"": 32, ""epochs_run"": 16}"
10UH005,10,Persistence,default,0.03975498731471862,,null
10UH005,10,RF,default,0.02956132416717066,0.02967826607415473,null
10UH005,10,RF,level,0.03664321954141933,0.029432345157111885,null
10UH005,10,RF,tuned,0.029112533581600535,0.027767851207232536,"{""n_estimators"": 500, ""max_depth"": 20, ""min_samples_leaf"": 5, ""max_features"": 1.0}"
10UH005,10,XGB,default,0.0297364960324474,0.029217645006583214,null
10UH005,10,XGB,level,0.03925260191460159,0.03427447983757166,null
10UH005,10,XGB,tuned,0.029706688612210527,0.028304531671968718,"{""n_estimators"": 1000, ""max_depth"": 5, ""learning_rate"": 0.01, ""subsample"": 0.7, ""colsample_bytree"": 1.0, ""min_child_weight"": 5, ""best_iteration"": 254}"
11AA028,11,LGBM,default,0.028519810871251768,0.016050238497058462,null
11AA028,11,LGBM,level,0.036613842537190994,0.01581602711228633,null
11AA028,11,LGBM,tuned,0.026101349442459156,0.014009958309232958,"{""n_estimators"": 300, ""num_leaves"": 31, ""max_depth"": 5, ""learning_rate"": 0.3, ""min_child_samples"": 50, ""subsample"": 0.7, ""subsample_freq"": 1, ""best_iteration"": 5}"
11AA028,11,LSTM,default,0.02533630950438145,0.014653934207846341,null
11AA028,11,LSTM,level,0.07085393297622802,0.041120193749704256,null
11AA028,11,LSTM,tuned,0.026229607965392764,0.013886997483549948,"{""units"": 25, ""epochs"": 30, ""learning_rate"": 0.001, ""batch_size"": 128, ""epochs_run"": 25}"
11AA028,11,Persistence,default,0.03163729393211339,,null
11AA028,11,RF,default,0.02721668108529597,0.01464555102539112,null
11AA028,11,RF,level,0.034460373654111066,0.016025423188052296,null
11AA028,11,RF,tuned,0.0246149232625546,0.014415604831814142,"{""n_estimators"": 100, ""max_depth"": 10, ""min_samples_leaf"": 5, ""max_features"": 0.5}"
11AA028,11,XGB,default,0.0282077002158974,0.015773568393867052,null
11AA028,11,XGB,level,0.03854885007448077,0.01833020879887525,null
11AA028,11,XGB,tuned,0.02697279733025825,0.013908243510065518,"{""n_estimators"": 100, ""max_depth"": 3, ""learning_rate"": 0.05, ""subsample"": 1.0, ""colsample_bytree"": 0.7, ""min_child_weight"": 5, ""best_iteration"": 29}"
11AA029,11,LGBM,default,0.027545765647316565,0.014254380804047334,null
11AA029,11,LGBM,level,0.029416701144586943,0.015411349322653966,null
11AA029,11,LGBM,tuned,0.028001087212526334,0.013939024637381248,"{""n_estimators"": 300, ""num_leaves"": 15, ""max_depth"": 5, ""learning_rate"": 0.1, ""min_child_samples"": 50, ""subsample"": 1.0, ""subsample_freq"": 1, ""best_iteration"": 36}"
11AA029,11,LSTM,default,0.028274127727963963,0.015007865668534948,null
11AA029,11,LSTM,level,0.08558594617177867,0.06079704777678453,null
11AA029,11,LSTM,tuned,0.026716569768510362,0.01389478853835044,"{""units"": 100, ""epochs"": 10, ""learning_rate"": 0.005, ""batch_size"": 32, ""epochs_run"": 10}"
11AA029,11,Persistence,default,0.034380022040321,,null
11AA029,11,RF,default,0.028641175448577253,0.016438771835285682,null
11AA029,11,RF,level,0.02853701242542773,0.01816252347184301,null
11AA029,11,RF,tuned,0.027827207710968853,0.014511199121188903,"{""n_estimators"": 300, ""max_depth"": null, ""min_samples_leaf"": 10, ""max_features"": 0.5}"
11AA029,11,XGB,default,0.03019087717500832,0.015666923953783298,null
11AA029,11,XGB,level,0.029542006985321913,0.016805444696786714,null
11AA029,11,XGB,tuned,0.029832285475750498,0.015279804510496299,"{""n_estimators"": 100, ""max_depth"": 7, ""learning_rate"": 0.1, ""subsample"": 0.7, ""colsample_bytree"": 0.7, ""min_child_weight"": 1, ""best_iteration"": 14}"
11AB001,11,LGBM,default,0.015193216126624285,0.062272868764645835,null
11AB001,11,LGBM,level,0.036949698184820995,0.08700671883854845,null
11AB001,11,LGBM,tuned,0.014269415881189837,0.062104204523367804,"{""n_estimators"": 100, ""num_leaves"": 31, ""max_depth"": -1, ""learning_rate"": 0.3, ""min_child_samples"": 50, ""subsample"": 1.0, ""subsample_freq"": 1, ""best_iteration"": 4}"
11AB001,11,LSTM,default,0.013271439706314243,0.06390457707434993,null
11AB001,11,LSTM,level,0.08561253227473979,0.13724954986964238,null
11AB001,11,LSTM,tuned,0.01317554246461237,0.06155627279436053,"{""units"": 100, ""epochs"": 30, ""learning_rate"": 0.005, ""batch_size"": 32, ""epochs_run"": 17}"
11AB001,11,Persistence,default,0.016858232410309218,,null
11AB001,11,RF,default,0.028285078334697997,0.09588391166092462,null
11AB001,11,RF,level,0.022506655515646918,0.07867321073592969,null
11AB001,11,RF,tuned,0.01688956698316117,0.06591577900124979,"{""n_estimators"": 500, ""max_depth"": 20, ""min_samples_leaf"": 10, ""max_features"": ""sqrt""}"
11AB001,11,XGB,default,0.013533858808860369,0.06747736825042037,null
11AB001,11,XGB,level,0.014258120962260487,0.08909101179875188,null
11AB001,11,XGB,tuned,0.014005034748313732,0.06626564402512951,"{""n_estimators"": 1000, ""max_depth"": 3, ""learning_rate"": 0.01, ""subsample"": 0.7, ""colsample_bytree"": 1.0, ""min_child_weight"": 1, ""best_iteration"": 34}"
11AB009,11,LGBM,default,0.01822734995100107,0.03993673288135977,null
11AB009,11,LGBM,level,0.07287356845010602,0.04400667280890529,null
11AB009,11,LGBM,tuned,0.017700199520328117,0.04027175355140057,"{""n_estimators"": 1000, ""num_leaves"": 63, ""max_depth"": 5, ""learning_rate"": 0.1, ""min_child_samples"": 50, ""subsample"": 1.0, ""subsample_freq"": 1, ""best_iteration"": 8}"
11AB009,11,LSTM,default,0.018770459641718074,0.04432016591437363,null
11AB009,11,LSTM,level,0.037122108200544054,0.04634425415742245,null
11AB009,11,LSTM,tuned,0.019633832717348462,0.04164964162563428,"{""units"": 25, ""epochs"": 60, ""learning_rate"": 0.001, ""batch_size"": 128, ""epochs_run"": 9}"
11AB009,11,Persistence,default,0.01944748365372873,,null
11AB009,11,RF,default,0.01952248181745294,0.05232935402187662,null
11AB009,11,RF,level,0.054504790845232166,0.04247747846499644,null
11AB009,11,RF,tuned,0.019244837147003105,0.043868620054660495,"{""n_estimators"": 100, ""max_depth"": 10, ""min_samples_leaf"": 10, ""max_features"": ""sqrt""}"
11AB009,11,XGB,default,0.019039614045045547,0.03977487075178583,null
11AB009,11,XGB,level,0.05842218035855357,0.04481005310517564,null
11AB009,11,XGB,tuned,0.017738079088278177,0.03963724125316324,"{""n_estimators"": 1000, ""max_depth"": 7, ""learning_rate"": 0.05, ""subsample"": 0.7, ""colsample_bytree"": 1.0, ""min_child_weight"": 1, ""best_iteration"": 6}"
11AB027,11,LGBM,default,0.03990406850238057,0.026269202021639175,null
11AB027,11,LGBM,level,0.04052958395649081,0.028403576389678806,null
11AB027,11,LGBM,tuned,0.03988658737647346,0.026270487234414535,"{""n_estimators"": 300, ""num_leaves"": 15, ""max_depth"": -1, ""learning_rate"": 0.05, ""min_child_samples"": 10, ""subsample"": 0.7, ""subsample_freq"": 1, ""best_iteration"": 28}"
11AB027,11,LSTM,default,0.038363183022415905,0.027824438596789153,null
11AB027,11,LSTM,level,0.06597461202179385,0.04514760425346009,null
11AB027,11,LSTM,tuned,0.03865255768244139,0.02704781653781634,"{""units"": 100, ""epochs"": 30, ""learning_rate"": 0.005, ""batch_size"": 32, ""epochs_run"": 13}"
11AB027,11,Persistence,default,0.03978670176532801,,null
11AB027,11,RF,default,0.04011204983857003,0.028436907221685917,null
11AB027,11,RF,level,0.04148032798201514,0.027742624985235807,null
11AB027,11,RF,tuned,0.03996454470669435,0.026467756776430443,"{""n_estimators"": 500, ""max_depth"": 10, ""min_samples_leaf"": 10, ""max_features"": 1.0}"
11AB027,11,XGB,default,0.039579981893952454,0.027414202940522717,null
11AB027,11,XGB,level,0.04129658109681057,0.028236701318852538,null
11AB027,11,XGB,tuned,0.04069228255621319,0.02641729936244431,"{""n_estimators"": 1000, ""max_depth"": 3, ""learning_rate"": 0.3, ""subsample"": 0.7, ""colsample_bytree"": 1.0, ""min_child_weight"": 5, ""best_iteration"": 9}"
11AB044,11,LGBM,default,0.07587622447059258,0.0644822224570729,null
11AB044,11,LGBM,level,0.08883185522906759,0.06648505098514186,null
11AB044,11,LGBM,tuned,0.07510432882944205,0.06300409375434933,"{""n_estimators"": 1000, ""num_leaves"": 31, ""max_depth"": 5, ""learning_rate"": 0.05, ""min_child_samples"": 10, ""subsample"": 1.0, ""subsample_freq"": 1, ""best_iteration"": 99}"
11AB044,11,LSTM,default,0.07579488665231689,0.06763687571267689,null
11AB044,11,LSTM,level,0.13702701840469436,0.10213825483778337,null
11AB044,11,LSTM,tuned,0.07279679185825323,0.05888682711894309,"{""units"": 50, ""epochs"": 30, ""learning_rate"": 0.005, ""batch_size"": 32, ""epochs_run"": 27}"
11AB044,11,Persistence,default,0.0827067339831156,,null
11AB044,11,RF,default,0.07454671686576633,0.06806672439755936,null
11AB044,11,RF,level,0.08336786133920858,0.068438685659374,null
11AB044,11,RF,tuned,0.07481288411538671,0.06520478731221988,"{""n_estimators"": 300, ""max_depth"": 10, ""min_samples_leaf"": 5, ""max_features"": 1.0}"
11AB044,11,XGB,default,0.07387127495357716,0.06395861999348265,null
11AB044,11,XGB,level,0.09928558282474394,0.06807130252600044,null
11AB044,11,XGB,tuned,0.07369112887163187,0.062119760399794055,"{""n_estimators"": 100, ""max_depth"": 7, ""learning_rate"": 0.1, ""subsample"": 0.7, ""colsample_bytree"": 0.7, ""min_child_weight"": 1, ""best_iteration"": 50}"
11AB084,11,LGBM,default,0.09689726276302207,0.06757652004838796,null
11AB084,11,LGBM,level,0.1026568216616269,0.09733245550955362,null
11AB084,11,LGBM,tuned,0.09318493262749489,0.06534451900651816,"{""n_estimators"": 100, ""num_leaves"": 63, ""max_depth"": 10, ""learning_rate"": 0.05, ""min_child_samples"": 20, ""subsample"": 0.7, ""subsample_freq"": 1, ""best_iteration"": 37}"
11AB084,11,LSTM,default,0.09464017113485283,0.06708939976217783,null
11AB084,11,LSTM,level,0.16820702603974635,0.11877742314080185,null
11AB084,11,LSTM,tuned,0.09435320345565762,0.06446085107774244,"{""units"": 25, ""epochs"": 30, ""learning_rate"": 0.005, ""batch_size"": 128, ""epochs_run"": 17}"
11AB084,11,Persistence,default,0.10791673232110424,,null
11AB084,11,RF,default,0.0945837686188605,0.08711293421871955,null
11AB084,11,RF,level,0.09382024293901148,0.08565795057022095,null
11AB084,11,RF,tuned,0.08932228864467297,0.06684445186017285,"{""n_estimators"": 300, ""max_depth"": null, ""min_samples_leaf"": 10, ""max_features"": ""sqrt""}"
11AB084,11,XGB,default,0.09233130508882136,0.07774460478020274,null
11AB084,11,XGB,level,0.11954869383492012,0.10574506639121006,null
11AB084,11,XGB,tuned,0.09689779406330117,0.06983994806429729,"{""n_estimators"": 300, ""max_depth"": 3, ""learning_rate"": 0.3, ""subsample"": 0.7, ""colsample_bytree"": 0.7, ""min_child_weight"": 1, ""best_iteration"": 1}"
11AB085,11,LGBM,default,0.006958709910422368,0.0063253108836957925,null
11AB085,11,LGBM,level,0.023258058330177772,0.05192453127332526,null
11AB085,11,LGBM,tuned,0.0066634444777190285,0.006210689338699084,"{""n_estimators"": 100, ""num_leaves"": 15, ""max_depth"": 5, ""learning_rate"": 0.01, ""min_child_samples"": 10, ""subsample"": 1.0, ""subsample_freq"": 1, ""best_iteration"": 99}"
11AB085,11,LSTM,default,0.007172160688128365,0.006561883030750045,null
11AB085,11,LSTM,level,0.026212328555199803,0.017195067856558006,null
11AB085,11,LSTM,tuned,0.006516842010410004,0.0060982232162963826,"{""units"": 100, ""epochs"": 60, ""learning_rate"": 0.005, ""batch_size"": 32, ""epochs_run"": 12}"
11AB085,11,Persistence,default,0.008495141012042098,,null
11AB085,11,RF,default,0.009696584998517992,0.008209085845023112,null
11AB085,11,RF,level,0.02231398710141222,0.04707330957590735,null
11AB085,11,RF,tuned,0.006556229853829775,0.006128064029020598,"{""n_estimators"": 300, ""max_depth"": 20, ""min_samples_leaf"": 5, ""max_features"": 1.0}"
11AB085,11,XGB,default,0.007654363731547794,0.006593889672259249,null
11AB085,11,XGB,level,0.023580338455608186,0.05486557159905978,null
11AB085,11,XGB,tuned,0.006552881637933293,0.005972112661274305,"{""n_estimators"": 1000, ""max_depth"": 3, ""learning_rate"": 0.1, ""subsample"": 1.0, ""colsample_bytree"": 1.0, ""min_child_weight"": 5, ""best_iteration"": 12}"
11AB089,11,LGBM,default,0.053256394441945874,0.030745104449441722,null
11AB089,11,LGBM,level,0.055565472891838844,0.048805213526523374,null
11AB089,11,LGBM,tuned,0.05813217041287345,0.02963094222535989,"{""n_estimators"": 300, ""num_leaves"": 31, ""max_depth"": 5, ""learning_rate"": 0.3, ""min_child_samples"": 10, ""subsample"": 1.0, ""subsample_freq"": 1, ""best_iteration"": 16}"
11AB089,11,LSTM,default,0.045255341173550075,0.031848178057484564,null
11AB089,11,LSTM,level,0.1337328393887216,0.10164325336123971,null
11AB089,11,LSTM,tuned,0.04045600012264954,0.029907877511826386,"{""units"": 50, ""epochs"": 60, ""learning_rate"": 0.005, ""batch_size"": 128, ""epochs_run"": 12}"
11AB089,11,Persistence,default,0.08377631723029695,,null
11AB089,11,RF,default,0.048594457526723055,0.03753337820105817,null
11AB089,11,RF,level,0.05337904237972486,0.04693868107249927,null
11AB089,11,RF,tuned,0.045398392062951286,0.03588633713928747,"{""n_estimators"": 300, ""max_depth"": null, ""min_samples_leaf"": 5, ""max_features"": 1.0}"
11AB089,11,XGB,default,0.055626313740837825,0.04483067904521518,null
11AB089,11,XGB,level,0.05628347637126012,0.04651250758656745,null
11AB089,11,XGB,tuned,0.05002996751166958,0.041250065422080213,"{""n_estimators"": 1000, ""max_depth"": 5, ""learning_rate"": 0.3, ""subsample"": 0.7, ""colsample_bytree"": 0.7, ""min_child_weight"": 1, ""best_iteration"": 4}"
11AB095,11,LGBM,default,0.014637901534177974,0.014770041542853602,null
11AB095,11,LGBM,level,0.04364998806787466,0.04045934489337838,null
11AB095,11,LGBM,tuned,0.014637830788062176,0.013134130494814801,"{""n_estimators"": 300, ""num_leaves"": 31, ""max_depth"": 5, ""learning_rate"": 0.3, ""min_child_samples"": 20, ""subsample"": 0.7, ""subsample_freq"": 1, ""best_iteration"": 6}"
11AB095,11,LSTM,default,0.01501734505492839,0.015038646142563769,null
11AB095,11,LSTM,level,0.06706558363354377,0.06760607757238066,null
11AB095,11,LSTM,tuned,0.013366724620917004,0.013023432728091531,"{""units"": 100, ""epochs"": 60, ""learning_rate"": 0.005, ""batch_size"": 32, ""epochs_run"": 18}"
11AB095,11,Persistence,default,0.019849112351602458,,null
11AB095,11,RF,default,0.017253630751387514,0.01611958866867868,null
11AB095,11,RF,level,0.022383935514957924,0.02403624199730696,null
11AB095,11,RF,tuned,0.01680421508349011,0.015977328862288916,"{""n_estimators"": 100, ""max_depth"": null, ""min_samples_leaf"": 5, ""max_features"": 1.0}"
11AB095,11,XGB,default,0.017046340900317983,0.014971759692650955,null
11AB095,11,XGB,level,0.03945916816743314,0.0365661783994189,null
11AB095,11,XGB,tuned,0.014634609612597566,0.013358934163183154,"{""n_estimators"": 1000, ""max_depth"": 3, ""learning_rate"": 0.3, ""subsample"": 0.7, ""colsample_bytree"": 0.7, ""min_child_weight"": 5, ""best_iteration"": 6}"
11AB104,11,LGBM,default,0.04195952010210018,0.0642761223579637,null
11AB104,11,LGBM,level,0.0549006121857808,0.07251445404475834,null
11AB104,11,LGBM,tuned,0.040485760994480834,0.059583029498234207,"{""n_estimators"": 100, ""num_leaves"": 63, ""max_depth"": -1, ""learning_rate"": 0.3, ""min_child_samples"": 50, ""subsample"": 0.7, ""subsample_freq"": 1, ""best_iteration"": 7}"
11AB104,11,LSTM,default,0.03592722475005105,0.058416490732440846,null
11AB104,11,LSTM,level,0.271867127825694,0.2942327822968889,null
11AB104,11,LSTM,tuned,0.036840614414966666,0.056750353746870305,"{""units"": 100, ""epochs"": 60, ""learning_rate"": 0.001, ""batch_size"": 128, ""epochs_run"": 27}"
11AB104,11,Persistence,default,0.06575555630126505,,null
11AB104,11,RF,default,0.03896434810510351,0.059586036219693515,null
11AB104,11,RF,level,0.04402016390586267,0.06445730164765051,null
11AB104,11,RF,tuned,0.03631954862965672,0.05658949338985544,"{""n_estimators"": 300, ""max_depth"": null, ""min_samples_leaf"": 5, ""max_features"": 1.0}"
11AB104,11,XGB,default,0.04454199418083527,0.05691035156858106,null
11AB104,11,XGB,level,0.05065210814688021,0.06577172115083385,null
11AB104,11,XGB,tuned,0.0402275854953961,0.055684420193463355,"{""n_estimators"": 100, ""max_depth"": 9, ""learning_rate"": 0.3, ""subsample"": 1.0, ""colsample_bytree"": 0.7, ""min_child_weight"": 5, ""best_iteration"": 6}"
11AC017,11,LGBM,default,0.040578655695248045,0.020303668116595546,null
11AC017,11,LGBM,level,0.03823634902874568,0.023513403821549636,null
11AC017,11,LGBM,tuned,0.04084921121166937,0.01743639493640461,"{""n_estimators"": 1000, ""num_leaves"": 63, ""max_depth"": -1, ""learning_rate"": 0.3, ""min_child_samples"": 10, ""subsample"": 1.0, ""subsample_freq"": 1, ""best_iteration"": 3}"
11AC017,11,LSTM,default,0.038181694758239904,0.021115232778250895,null
11AC017,11,LSTM,level,0.04900904213878704,0.029591344010644425,null
11AC017,11,LSTM,tuned,0.036579449918196616,0.02044272831785708,"{""units"": 50, ""epochs"": 60, ""learning_rate"": 0.005, ""batch_size"": 128, ""epochs_run"": 26}"
11AC017,11,Persistence,default,0.041577976441858976,,null
11AC017,11,RF,default,0.04131286625026619,0.018895463857827505,null
11AC017,11,RF,level,0.03808136144739524,0.02168199372490395,null
11AC017,11,RF,tuned,0.04006191425269881,0.01829186049071,"{""n_estimators"": 300, ""max_depth"": 10, ""min_samples_leaf"": 1, ""max_features"": 1.0}"
11AC017,11,XGB,default,0.03918173293245827,0.01856435917816573,null
11AC017,11,XGB,level,0.036068045654626145,0.022293905569752352,null
11AC017,11,XGB,tuned,0.04224252470058912,0.015591164578608431,"{""n_estimators"": 300, ""max_depth"": 9, ""learning_rate"": 0.3, ""subsample"": 1.0, ""colsample_bytree"": 0.7, ""min_child_weight"": 5, ""best_iteration"": 9}"
11AE010,11,LGBM,default,0.032905298194498875,0.0066971569205059684,null
11AE010,11,LGBM,level,0.034871238457053436,0.008719617675170469,null
11AE010,11,LGBM,tuned,0.03265135633254243,0.006560493595933354,"{""n_estimators"": 100, ""num_leaves"": 15, ""max_depth"": 10, ""learning_rate"": 0.1, ""min_child_samples"": 50, ""subsample"": 1.0, ""subsample_freq"": 1, ""best_iteration"": 2}"
11AE010,11,LSTM,default,0.03326343375967533,0.008283985699321211,null
11AE010,11,LSTM,level,0.03770911907960158,0.00793592219672405,null
11AE010,11,LSTM,tuned,0.03316564143363936,0.006749524790265975,"{""units"": 100, ""epochs"": 60, ""learning_rate"": 0.005, ""batch_size"": 32, ""epochs_run"": 6}"
11AE010,11,Persistence,default,0.033679531479935486,,null
11AE010,11,RF,default,0.035140650904822844,0.008509071215213678,null
11AE010,11,RF,level,0.03255836626981294,0.010033547793942733,null
11AE010,11,RF,tuned,0.03132227796630661,0.007332461433100475,"{""n_estimators"": 100, ""max_depth"": 10, ""min_samples_leaf"": 10, ""max_features"": ""sqrt""}"
11AE010,11,XGB,default,0.03411261404641596,0.006698210529893525,null
11AE010,11,XGB,level,0.042311190604143865,0.007391629172384346,null
11AE010,11,XGB,tuned,0.03478353325415797,0.006561528775346428,"{""n_estimators"": 100, ""max_depth"": 9, ""learning_rate"": 0.01, ""subsample"": 1.0, ""colsample_bytree"": 1.0, ""min_child_weight"": 1, ""best_iteration"": 30}"
11AE015,11,LGBM,default,0.036780223510888506,0.010487598147336342,null
11AE015,11,LGBM,level,0.07009132344705123,0.014349560318072007,null
11AE015,11,LGBM,tuned,0.03574406923114017,0.009376081156091016,"{""n_estimators"": 300, ""num_leaves"": 63, ""max_depth"": -1, ""learning_rate"": 0.05, ""min_child_samples"": 20, ""subsample"": 0.7, ""subsample_freq"": 1, ""best_iteration"": 14}"
11AE015,11,LSTM,default,0.036860272873601614,0.010855033747838855,null
11AE015,11,LSTM,level,0.059863377121630236,0.01949493192983803,null
11AE015,11,LSTM,tuned,0.03553992642257182,0.009409131270487718,"{""units"": 100, ""epochs"": 60, ""learning_rate"": 0.005, ""batch_size"": 32, ""epochs_run"": 15}"
11AE015,11,Persistence,default,0.039503995450658615,,null
11AE015,11,RF,default,0.04706367961569611,0.011674945002043736,null
11AE015,11,RF,level,0.054810453606763114,0.030054644352213614,null
11AE015,11,RF,tuned,0.038936722739074454,0.010868909428496328,"{""n_estimators"": 300, ""max_depth"": 20, ""min_samples_leaf"": 1, ""max_features"": ""sqrt""}"
11AE015,11,XGB,default,0.03643991546867741,0.01076481909209277,null
11AE015,11,XGB,level,0.10250507725171194,0.028969691073528564,null
11AE015,11,XGB,tuned,0.03682292095745043,0.009985041456272077,"{""n_estimators"": 300, ""max_depth"": 9, ""learning_rate"": 0.1, ""subsample"": 0.7, ""colsample_bytree"": 0.7, ""min_child_weight"": 1, ""best_iteration"": 10}"
