Station_id,included,reason,n_days_span,n_obs,n_gaps,n_gaps_filled,n_days_filled,n_days_unfilled,n_segments,max_gap,basin,basin_name
01AD003,True,,4748.0,4734,1.0,1.0,14.0,0.0,1.0,14.0,01,Maritime Provinces
01AD004,True,,16071.0,13130,55.0,41.0,186.0,2755.0,15.0,2365.0,01,Maritime Provinces
01AD005,True,,3165.0,3164,1.0,1.0,1.0,0.0,1.0,1.0,01,Maritime Provinces
01AD008,True,,912.0,843,5.0,3.0,22.0,47.0,3.0,24.0,01,Maritime Provinces
01AD009,True,,3375.0,2547,28.0,9.0,55.0,773.0,20.0,91.0,01,Maritime Provinces
01AD014,True,,5156.0,2969,25.0,7.0,30.0,2157.0,19.0,452.0,01,Maritime Provinces
01AF002,True,,4748.0,4716,2.0,1.0,1.0,31.0,2.0,31.0,01,Maritime Provinces
01AF007,True,,4748.0,4728,3.0,3.0,20.0,0.0,1.0,8.0,01,Maritime Provinces
01AF008,True,,593.0,250,10.0,3.0,23.0,320.0,8.0,168.0,01,Maritime Provinces
01AF009,True,,4748.0,4748,0.0,0.0,0.0,0.0,1.0,0.0,01,Maritime Provinces
01AG003,True,,4748.0,4685,12.0,11.0,48.0,15.0,2.0,15.0,01,Maritime Provinces
01AH002,True,,4748.0,4653,23.0,22.0,74.0,21.0,2.0,21.0,01,Maritime Provinces
01AH003,True,,455.0,455,0.0,0.0,0.0,0.0,1.0,0.0,01,Maritime Provinces
01AJ002,True,,1896.0,1408,13.0,12.0,47.0,441.0,2.0,441.0,01,Maritime Provinces
01AJ003,True,,4748.0,4698,18.0,17.0,35.0,15.0,2.0,15.0,01,Maritime Provinces
01AJ004,True,,4748.0,4592,20.0,17.0,100.0,56.0,4.0,21.0,01,Maritime Provinces
01AJ005,True,,3477.0,3227,17.0,12.0,89.0,161.0,6.0,40.0,01,Maritime Provinces
01AJ008,True,,7325.0,6977,30.0,19.0,120.0,228.0,12.0,41.0,01,Maritime Provinces
01AJ009,True,,5569.0,5093,24.0,11.0,77.0,399.0,14.0,68.0,01,Maritime Provinces
01AJ010,True,,4748.0,4743,5.0,5.0,5.0,0.0,1.0,1.0,01,Maritime Provinces
01AK001,True,,4748.0,4741,2.0,2.0,7.0,0.0,1.0,6.0,01,Maritime Provinces
01AK003,True,,13077.0,12908,23.0,19.0,97.0,72.0,5.0,20.0,01,Maritime Provinces
01AK004,True,,2287.0,2177,22.0,20.0,71.0,39.0,3.0,23.0,01,Maritime Provinces
01AK006,True,,4748.0,4676,14.0,13.0,57.0,15.0,2.0,15.0,01,Maritime Provinces
01AK007,True,,4748.0,4698,28.0,28.0,50.0,0.0,1.0,5.0,01,Maritime Provinces
01AK009,True,,4739.0,4558,32.0,27.0,68.0,113.0,6.0,28.0,01,Maritime Provinces
01AL002,True,,4748.0,4594,10.0,9.0,30.0,124.0,2.0,124.0,01,Maritime Provinces
01AL004,True,,4748.0,4745,1.0,1.0,3.0,0.0,1.0,3.0,01,Maritime Provinces
01AL008,True,,435.0,318,4.0,1.0,6.0,111.0,4.0,58.0,01,Maritime Provinces
01AM001,True,,4748.0,4715,14.0,14.0,33.0,0.0,1.0,6.0,01,Maritime Provinces
01AN002,True,,4748.0,4673,17.0,17.0,75.0,0.0,1.0,11.0,01,Maritime Provinces
01AO001,True,,11308.0,6637,75.0,70.0,130.0,4541.0,6.0,4180.0,01,Maritime Provinces
01AO002,True,,21456.0,20264,120.0,96.0,507.0,685.0,25.0,77.0,01,Maritime Provinces
01AO003,True,,21454.0,20967,32.0,20.0,88.0,399.0,13.0,61.0,01,Maritime Provinces
01AO004,True,,21125.0,20412,63.0,46.0,234.0,479.0,18.0,74.0,01,Maritime Provinces
01AO010,True,,12630.0,11110,45.0,20.0,76.0,1444.0,26.0,172.0,01,Maritime Provinces
01AO011,True,,10951.0,10710,32.0,29.0,92.0,149.0,4.0,103.0,01,Maritime Provinces
01AO012,True,,10951.0,9512,131.0,110.0,643.0,796.0,22.0,124.0,01,Maritime Provinces
01AP002,True,,4748.0,4699,12.0,11.0,32.0,17.0,2.0,17.0,01,Maritime Provinces
01AP003,True,,36890.0,35839,218.0,201.0,601.0,450.0,18.0,49.0,01,Maritime Provinces
01AP004,True,,4748.0,4721,7.0,7.0,27.0,0.0,1.0,7.0,01,Maritime Provinces
01AP005,True,,21053.0,19974,84.0,60.0,371.0,708.0,25.0,52.0,01,Maritime Provinces
01AP006,True,,4748.0,4658,33.0,32.0,69.0,21.0,2.0,21.0,01,Maritime Provinces
01AP010,True,,1022.0,980,2.0,1.0,9.0,33.0,2.0,33.0,01,Maritime Provinces
01AQ001,True,,4748.0,4640,6.0,5.0,43.0,65.0,2.0,65.0,01,Maritime Provinces
01AQ002,True,,4748.0,4705,11.0,10.0,28.0,15.0,2.0,15.0,01,Maritime Provinces
01AQ007,True,,16436.0,15682,12.0,5.0,46.0,708.0,8.0,365.0,01,Maritime Provinces
01AQ009,True,,2930.0,1606,11.0,2.0,9.0,1315.0,10.0,184.0,01,Maritime Provinces
01AR006,True,,4748.0,4704,3.0,1.0,8.0,36.0,3.0,20.0,01,Maritime Provinces
01AR009,True,,20088.0,20051,9.0,9.0,37.0,0.0,1.0,14.0,01,Maritime Provinces
01AR010,True,,20801.0,20284,9.0,8.0,58.0,459.0,2.0,459.0,01,Maritime Provinces
01AR011,True,,4748.0,4748,0.0,0.0,0.0,0.0,1.0,0.0,01,Maritime Provinces
01AR013,True,,16004.0,15975,3.0,2.0,7.0,22.0,2.0,22.0,01,Maritime Provinces
01AR014,True,,6068.0,5593,36.0,29.0,132.0,343.0,8.0,131.0,01,Maritime Provinces
01BC001,True,,4748.0,4701,4.0,3.0,21.0,26.0,2.0,26.0,01,Maritime Provinces
01BD004,True,,6305.0,5627,12.0,3.0,27.0,651.0,10.0,147.0,01,Maritime Provinces
01BD005,True,,129.0,129,0.0,0.0,0.0,0.0,1.0,0.0,01,Maritime Provinces
01BD008,True,,14610.0,14363,24.0,18.0,24.0,223.0,7.0,54.0,01,Maritime Provinces
01BE001,True,,4748.0,4695,5.0,4.0,6.0,47.0,2.0,47.0,01,Maritime Provinces
01BF002,True,,1267.0,966,7.0,1.0,7.0,294.0,7.0,101.0,01,Maritime Provinces
01BF003,True,,1326.0,1017,7.0,0.0,0.0,309.0,8.0,92.0,01,Maritime Provinces
01BG007,True,,115.0,101,4.0,4.0,14.0,0.0,1.0,5.0,01,Maritime Provinces
01BG010,True,,1921.0,554,11.0,8.0,18.0,1349.0,4.0,663.0,01,Maritime Provinces
01BH005,True,,8100.0,6884,59.0,54.0,77.0,1139.0,6.0,608.0,01,Maritime Provinces
01BH010,True,,8099.0,7732,175.0,173.0,224.0,143.0,3.0,93.0,01,Maritime Provinces
01BJ003,True,,4748.0,4710,21.0,21.0,38.0,0.0,1.0,5.0,01,Maritime Provinces
01BJ007,True,,4748.0,4643,7.0,4.0,28.0,77.0,4.0,43.0,01,Maritime Provinces
01BJ010,True,,4748.0,4683,27.0,27.0,65.0,0.0,1.0,7.0,01,Maritime Provinces
01BJ012,True,,4748.0,4666,28.0,27.0,44.0,38.0,2.0,38.0,01,Maritime Provinces
01BL002,True,,4748.0,4726,4.0,4.0,22.0,0.0,1.0,13.0,01,Maritime Provinces
01BL003,True,,4735.0,4656,5.0,3.0,21.0,58.0,3.0,34.0,01,Maritime Provinces
01BO001,True,,4748.0,4675,6.0,3.0,14.0,59.0,4.0,25.0,01,Maritime Provinces
01BP001,True,,4748.0,4658,4.0,2.0,4.0,86.0,3.0,44.0,01,Maritime Provinces
01BP002,True,,4748.0,4662,4.0,2.0,13.0,73.0,3.0,38.0,01,Maritime Provinces
01BQ001,True,,4748.0,4647,32.0,31.0,79.0,22.0,2.0,22.0,01,Maritime Provinces
01BS001,True,,4748.0,4429,71.0,67.0,224.0,95.0,5.0,46.0,01,Maritime Provinces
01BU002,True,,4745.0,4683,5.0,4.0,28.0,34.0,2.0,34.0,01,Maritime Provinces
01BU009,True,,4383.0,4326,16.0,16.0,57.0,0.0,1.0,10.0,01,Maritime Provinces
01BU013,True,,1980.0,1970,2.0,2.0,10.0,0.0,1.0,9.0,01,Maritime Provinces
01BU014,True,,568.0,517,13.0,12.0,22.0,29.0,2.0,29.0,01,Maritime Provinces
01BU015,True,,496.0,472,10.0,10.0,24.0,0.0,1.0,10.0,01,Maritime Provinces
01BV004,True,,4738.0,4058,16.0,10.0,33.0,647.0,7.0,140.0,01,Maritime Provinces
01BV006,True,,4748.0,4610,24.0,22.0,76.0,62.0,3.0,45.0,01,Maritime Provinces
01CA003,True,,4748.0,4724,2.0,1.0,5.0,19.0,2.0,19.0,01,Maritime Provinces
01CB002,True,,4748.0,4675,6.0,4.0,24.0,49.0,3.0,29.0,01,Maritime Provinces
01CB004,True,,4748.0,4529,23.0,17.0,90.0,129.0,7.0,25.0,01,Maritime Provinces
01CB018,True,,2019.0,1875,12.0,9.0,29.0,115.0,4.0,49.0,01,Maritime Provinces
01CC002,True,,4383.0,4342,8.0,7.0,15.0,26.0,2.0,26.0,01,Maritime Provinces
01CC005,True,,4748.0,4595,9.0,6.0,41.0,112.0,4.0,49.0,01,Maritime Provinces
01CC010,True,,4748.0,4595,15.0,10.0,40.0,113.0,6.0,28.0,01,Maritime Provinces
01CC011,True,,2655.0,2588,4.0,3.0,16.0,51.0,2.0,51.0,01,Maritime Provinces
01CD005,True,,4748.0,4536,44.0,41.0,144.0,68.0,4.0,31.0,01,Maritime Provinces
01DC005,True,,4383.0,4243,38.0,38.0,140.0,0.0,1.0,13.0,01,Maritime Provinces
01DC007,True,,4748.0,4539,3.0,2.0,12.0,197.0,2.0,197.0,01,Maritime Provinces
01DD002,True,,4377.0,4181,46.0,44.0,148.0,48.0,3.0,25.0,01,Maritime Provinces
01DD005,True,,4383.0,4264,20.0,19.0,76.0,43.0,2.0,43.0,01,Maritime Provinces
01DG003,True,,4748.0,4638,16.0,14.0,60.0,50.0,3.0,33.0,01,Maritime Provinces
01DG043,True,,4071.0,4027,19.0,19.0,44.0,0.0,1.0,13.0,01,Maritime Provinces
01DH002,True,,2644.0,2563,10.0,8.0,32.0,49.0,3.0,32.0,01,Maritime Provinces
01DH004,True,,2590.0,2580,6.0,6.0,10.0,0.0,1.0,3.0,01,Maritime Provinces
01DH006,True,,2645.0,2619,13.0,13.0,26.0,0.0,1.0,6.0,01,Maritime Provinces
01DJ005,True,,4748.0,4710,10.0,10.0,38.0,0.0,1.0,11.0,01,Maritime Provinces
01DL001,True,,4383.0,4108,20.0,18.0,40.0,235.0,3.0,218.0,01,Maritime Provinces
01DP004,True,,4383.0,4370,6.0,6.0,13.0,0.0,1.0,5.0,01,Maritime Provinces
01DR001,True,,4748.0,4603,21.0,19.0,67.0,78.0,3.0,42.0,01,Maritime Provinces
01EA003,True,,4748.0,4522,6.0,5.0,20.0,206.0,2.0,206.0,01,Maritime Provinces
01EC001,True,,4748.0,4635,10.0,7.0,39.0,74.0,4.0,40.0,01,Maritime Provinces
01ED005,True,,4728.0,4603,23.0,21.0,92.0,33.0,3.0,18.0,01,Maritime Provinces
01ED006,True,,9612.0,9456,9.0,4.0,36.0,120.0,6.0,30.0,01,Maritime Provinces
01ED007,True,,4383.0,4223,37.0,34.0,107.0,53.0,4.0,19.0,01,Maritime Provinces
01ED013,True,,4342.0,4266,11.0,9.0,44.0,32.0,3.0,17.0,01,Maritime Provinces
01EE005,True,,4748.0,4621,18.0,16.0,74.0,53.0,3.0,31.0,01,Maritime Provinces
01EF001,True,,4748.0,4685,10.0,9.0,48.0,15.0,2.0,15.0,01,Maritime Provinces
01EJ001,True,,4383.0,4374,3.0,3.0,9.0,0.0,1.0,7.0,01,Maritime Provinces
01EJ004,True,,4383.0,4335,18.0,18.0,48.0,0.0,1.0,10.0,01,Maritime Provinces
01EO001,True,,4018.0,3968,16.0,16.0,50.0,0.0,1.0,11.0,01,Maritime Provinces
01FA001,True,,4748.0,4741,3.0,3.0,7.0,0.0,1.0,4.0,01,Maritime Provinces
01FB001,True,,4748.0,4553,27.0,22.0,67.0,128.0,6.0,49.0,01,Maritime Provinces
01FB003,True,,4748.0,4684,6.0,4.0,4.0,60.0,3.0,39.0,01,Maritime Provinces
01FC002,True,,3353.0,3286,6.0,5.0,20.0,47.0,2.0,47.0,01,Maritime Provinces
01FE002,True,,4383.0,2895,17.0,15.0,48.0,1440.0,3.0,1392.0,01,Maritime Provinces
01FF001,True,,4383.0,4349,4.0,3.0,13.0,21.0,2.0,21.0,01,Maritime Provinces
01FG001,True,,4383.0,4383,0.0,0.0,0.0,0.0,1.0,0.0,01,Maritime Provinces
01FJ002,True,,4383.0,4196,11.0,6.0,39.0,148.0,6.0,37.0,01,Maritime Provinces
02AB003,True,,572.0,509,1.0,0.0,0.0,63.0,2.0,63.0,02,St. Lawrence
02AB006,True,,8035.0,7479,11.0,4.0,10.0,546.0,8.0,210.0,02,St. Lawrence
02AB008,True,,7670.0,7438,12.0,8.0,48.0,184.0,5.0,89.0,02,St. Lawrence
02AB014,True,,7178.0,7068,12.0,10.0,43.0,67.0,3.0,49.0,02,St. Lawrence
02AB017,True,,7670.0,7558,2.0,0.0,0.0,112.0,3.0,97.0,02,St. Lawrence
02AB018,True,,42203.0,40955,32.0,25.0,58.0,1190.0,8.0,193.0,02,St. Lawrence
02AB019,True,,7670.0,7276,11.0,5.0,23.0,371.0,7.0,145.0,02,St. Lawrence
02AB020,True,,6574.0,6475,6.0,3.0,18.0,81.0,4.0,32.0,02,St. Lawrence
02AB021,True,,7670.0,7055,24.0,17.0,96.0,519.0,8.0,212.0,02,St. Lawrence
02AB022,True,,7565.0,7283,12.0,7.0,29.0,253.0,6.0,95.0,02,St. Lawrence
02AB023,True,,6081.0,5965,6.0,4.0,30.0,86.0,3.0,64.0,02,St. Lawrence
02AB024,True,,5667.0,5478,8.0,4.0,25.0,164.0,5.0,66.0,02,St. Lawrence
02AB025,True,,5479.0,5463,6.0,6.0,16.0,0.0,1.0,5.0,02,St. Lawrence
02AB026,True,,5569.0,4909,32.0,27.0,113.0,547.0,6.0,170.0,02,St. Lawrence
02AB027,True,,2329.0,2318,4.0,4.0,11.0,0.0,1.0,6.0,02,St. Lawrence
02AC001,True,,7305.0,6879,17.0,8.0,37.0,389.0,10.0,85.0,02,St. Lawrence
02AC002,True,,7305.0,6768,16.0,7.0,23.0,514.0,10.0,180.0,02,St. Lawrence
02AD003,True,,4171.0,4004,10.0,7.0,42.0,125.0,4.0,83.0,02,St. Lawrence
02AD007,True,,24787.0,24548,29.0,24.0,124.0,115.0,6.0,45.0,02,St. Lawrence
02AD010,True,,8035.0,7755,6.0,2.0,17.0,263.0,5.0,94.0,02,St. Lawrence
02AD012,True,,6004.0,5986,6.0,6.0,18.0,0.0,1.0,7.0,02,St. Lawrence
02AE001,True,,6574.0,6508,9.0,8.0,32.0,34.0,2.0,34.0,02,St. Lawrence
02BA003,True,,8035.0,7368,11.0,4.0,18.0,649.0,8.0,179.0,02,St. Lawrence
02BA004,True,,20454.0,19611,56.0,44.0,133.0,710.0,13.0,196.0,02,St. Lawrence
02BA005,True,,8035.0,7982,7.0,5.0,18.0,35.0,3.0,18.0,02,St. Lawrence
02BA006,True,,7593.0,7549,2.0,0.0,0.0,44.0,3.0,27.0,02,St. Lawrence
02BB002,True,,366.0,366,0.0,0.0,0.0,0.0,1.0,0.0,02,St. Lawrence
02BB003,True,,7670.0,7464,15.0,11.0,55.0,151.0,5.0,50.0,02,St. Lawrence
02BB004,True,,7624.0,7515,5.0,4.0,16.0,93.0,2.0,93.0,02,St. Lawrence
02BC003,True,,1955.0,507,127.0,122.0,272.0,1176.0,6.0,250.0,02,St. Lawrence
02BC004,True,,5113.0,4772,14.0,8.0,50.0,291.0,7.0,76.0,02,St. Lawrence
02BC005,True,,5700.0,2084,18.0,3.0,20.0,3596.0,16.0,2922.0,02,St. Lawrence
02BC006,True,,6338.0,6297,10.0,9.0,11.0,30.0,2.0,30.0,02,St. Lawrence
02BC007,True,,6089.0,6059,9.0,9.0,30.0,0.0,1.0,7.0,02,St. Lawrence
02BC008,True,,2285.0,2285,0.0,0.0,0.0,0.0,1.0,0.0,02,St. Lawrence
02BD004,True,,39282.0,38365,49.0,37.0,192.0,725.0,13.0,167.0,02,St. Lawrence
02BD005,True,,12418.0,12409,5.0,5.0,9.0,0.0,1.0,3.0,02,St. Lawrence
02BD006,True,,3926.0,3483,7.0,2.0,2.0,441.0,6.0,248.0,02,St. Lawrence
02BD007,True,,5844.0,4756,45.0,30.0,106.0,982.0,16.0,106.0,02,St. Lawrence
02BF001,True,,8035.0,8010,9.0,9.0,25.0,0.0,1.0,12.0,02,St. Lawrence
02BF002,True,,8035.0,7966,12.0,10.0,21.0,48.0,3.0,33.0,02,St. Lawrence
02BF004,True,,8035.0,7983,4.0,2.0,14.0,38.0,3.0,20.0,02,St. Lawrence
02BF005,True,,5479.0,5416,15.0,14.0,44.0,19.0,2.0,19.0,02,St. Lawrence
02BF006,True,,5477.0,5467,2.0,2.0,10.0,0.0,1.0,7.0,02,St. Lawrence
02BF007,True,,5479.0,5395,6.0,5.0,29.0,55.0,2.0,55.0,02,St. Lawrence
02BF008,True,,5479.0,5358,26.0,26.0,121.0,0.0,1.0,8.0,02,St. Lawrence
02BF009,True,,5479.0,5274,11.0,10.0,30.0,175.0,2.0,175.0,02,St. Lawrence
02BF010,True,,35246.0,22060,44.0,31.0,152.0,13034.0,14.0,11387.0,02,St. Lawrence
02BF011,True,,41760.0,40632,100.0,81.0,269.0,859.0,20.0,171.0,02,St. Lawrence
02BF012,True,,5479.0,5463,4.0,4.0,16.0,0.0,1.0,9.0,02,St. Lawrence
02BF013,True,,5479.0,5052,69.0,65.0,300.0,127.0,5.0,48.0,02,St. Lawrence
02BF014,True,,6209.0,5999,14.0,10.0,62.0,148.0,5.0,67.0,02,St. Lawrence
02CA002,True,,8035.0,7883,10.0,7.0,29.0,123.0,4.0,50.0,02,St. Lawrence
02CA003,True,,18498.0,18122,15.0,7.0,37.0,339.0,9.0,105.0,02,St. Lawrence
02CA004,True,,971.0,180,8.0,6.0,27.0,764.0,3.0,731.0,02,St. Lawrence
02CA005,True,,41760.0,40706,86.0,74.0,213.0,841.0,13.0,246.0,02,St. Lawrence
02CA006,True,,35248.0,34545,39.0,34.0,103.0,600.0,6.0,252.0,02,St. Lawrence
02CA007,True,,6209.0,6042,7.0,3.0,32.0,135.0,5.0,64.0,02,St. Lawrence
02CB002,True,,7305.0,7301,3.0,3.0,4.0,0.0,1.0,2.0,02,St. Lawrence
02CB003,True,,8035.0,7944,36.0,36.0,91.0,0.0,1.0,11.0,02,St. Lawrence
02CC005,True,,8035.0,8001,6.0,5.0,16.0,18.0,2.0,18.0,02,St. Lawrence
02CC008,True,,8035.0,4983,6.0,1.0,12.0,3040.0,6.0,2898.0,02,St. Lawrence
02CC010,True,,8035.0,7870,48.0,45.0,104.0,61.0,4.0,25.0,02,St. Lawrence
02CD001,True,,7670.0,7639,3.0,2.0,12.0,19.0,2.0,19.0,02,St. Lawrence
02CD006,True,,7305.0,7234,5.0,3.0,29.0,42.0,3.0,21.0,02,St. Lawrence
02CE002,True,,7670.0,7379,17.0,12.0,52.0,239.0,6.0,82.0,02,St. Lawrence
02CE007,True,,6437.0,6323,6.0,2.0,7.0,107.0,5.0,31.0,02,St. Lawrence
02CF001,True,,1970.0,1970,0.0,0.0,0.0,0.0,1.0,0.0,02,St. Lawrence
02CF005,True,,6312.0,5854,41.0,33.0,105.0,353.0,9.0,107.0,02,St. Lawrence
02CF007,True,,8035.0,8015,4.0,4.0,20.0,0.0,1.0,13.0,02,St. Lawrence
02CF008,True,,8035.0,8006,4.0,3.0,5.0,24.0,2.0,24.0,02,St. Lawrence
02CF010,True,,9131.0,8893,22.0,19.0,85.0,153.0,4.0,71.0,02,St. Lawrence
02CF011,True,,6339.0,5936,14.0,7.0,22.0,381.0,8.0,129.0,02,St. Lawrence
02CF012,True,,7670.0,7361,38.0,33.0,76.0,233.0,6.0,82.0,02,St. Lawrence
02CF013,True,,8035.0,7723,20.0,16.0,35.0,277.0,5.0,170.0,02,St. Lawrence
02CF014,True,,6382.0,6146,13.0,10.0,17.0,219.0,4.0,172.0,02,St. Lawrence
02CG002,True,,23211.0,22941,18.0,14.0,66.0,204.0,5.0,126.0,02,St. Lawrence
02CG003,True,,6711.0,6577,5.0,3.0,8.0,126.0,3.0,103.0,02,St. Lawrence
02CG004,True,,2672.0,2464,8.0,3.0,14.0,194.0,6.0,104.0,02,St. Lawrence
02CG005,True,,6080.0,6075,2.0,2.0,5.0,0.0,1.0,3.0,02,St. Lawrence
02CH001,True,,6748.0,6621,9.0,5.0,25.0,102.0,5.0,38.0,02,St. Lawrence
02CH002,True,,6664.0,6664,0.0,0.0,0.0,0.0,1.0,0.0,02,St. Lawrence
02DA002,True,,14337.0,14336,1.0,1.0,1.0,0.0,1.0,1.0,02,St. Lawrence
02DB005,True,,7670.0,7624,3.0,2.0,16.0,30.0,2.0,30.0,02,St. Lawrence
02DB007,True,,7670.0,7432,24.0,20.0,86.0,152.0,5.0,58.0,02,St. Lawrence
02DB008,True,,793.0,793,0.0,0.0,0.0,0.0,1.0,0.0,02,St. Lawrence
02DC004,True,,8035.0,7838,29.0,27.0,110.0,87.0,3.0,55.0,02,St. Lawrence
02DC010,True,,25196.0,24698,28.0,20.0,150.0,348.0,9.0,112.0,02,St. Lawrence
02DC012,True,,9131.0,7780,19.0,14.0,54.0,1297.0,6.0,1096.0,02,St. Lawrence
02DC013,True,,5169.0,4889,11.0,6.0,31.0,249.0,6.0,78.0,02,St. Lawrence
02DD006,True,,32872.0,32700,7.0,3.0,9.0,163.0,5.0,91.0,02,St. Lawrence
02DD010,True,,7670.0,7635,5.0,4.0,12.0,23.0,2.0,23.0,02,St. Lawrence
02DD012,True,,5172.0,5065,14.0,12.0,51.0,56.0,3.0,38.0,02,St. Lawrence
02DD013,True,,8035.0,8030,3.0,3.0,5.0,0.0,1.0,3.0,02,St. Lawrence
02DD014,True,,7670.0,7462,28.0,24.0,95.0,113.0,5.0,56.0,02,St. Lawrence
02DD015,True,,8035.0,7850,30.0,27.0,123.0,62.0,4.0,28.0,02,St. Lawrence
02DD016,True,,2685.0,2224,4.0,3.0,13.0,448.0,2.0,448.0,02,St. Lawrence
02DD017,True,,4497.0,4490,3.0,3.0,7.0,0.0,1.0,3.0,02,St. Lawrence
02DD020,True,,4877.0,4877,0.0,0.0,0.0,0.0,1.0,0.0,02,St. Lawrence
02DD021,True,,26512.0,21868,6.0,5.0,26.0,4618.0,2.0,4618.0,02,St. Lawrence
02DD022,True,,6716.0,6685,8.0,7.0,15.0,16.0,2.0,16.0,02,St. Lawrence
02DD023,True,,6765.0,6666,12.0,10.0,54.0,45.0,3.0,30.0,02,St. Lawrence
02DD024,True,,5582.0,5469,13.0,11.0,49.0,64.0,3.0,41.0,02,St. Lawrence
02DD025,True,,5522.0,5495,6.0,5.0,12.0,15.0,2.0,15.0,02,St. Lawrence
02DD026,True,,5520.0,5464,4.0,3.0,7.0,49.0,2.0,49.0,02,St. Lawrence
02DD027,True,,2642.0,2629,3.0,3.0,13.0,0.0,1.0,6.0,02,St. Lawrence
02DD028,True,,787.0,787,0.0,0.0,0.0,0.0,1.0,0.0,02,St. Lawrence
02DD032,True,,365.0,365,0.0,0.0,0.0,0.0,1.0,0.0,02,St. Lawrence
02EA005,True,,8035.0,7926,14.0,11.0,49.0,60.0,4.0,23.0,02,St. Lawrence
02EA010,True,,7670.0,7642,4.0,3.0,8.0,20.0,2.0,20.0,02,St. Lawrence
02EA011,True,,7670.0,7639,2.0,0.0,0.0,31.0,3.0,16.0,02,St. Lawrence
02EA014,True,,22920.0,22785,18.0,15.0,64.0,71.0,4.0,28.0,02,St. Lawrence
02EA015,True,,7732.0,7697,6.0,6.0,35.0,0.0,1.0,13.0,02,St. Lawrence
02EA016,True,,7352.0,7161,14.0,12.0,72.0,119.0,3.0,64.0,02,St. Lawrence
02EA017,True,,2092.0,1999,7.0,5.0,12.0,81.0,3.0,46.0,02,St. Lawrence
02EA018,True,,7748.0,7700,7.0,6.0,27.0,21.0,2.0,21.0,02,St. Lawrence
02EA019,True,,6726.0,6725,1.0,1.0,1.0,0.0,1.0,1.0,02,St. Lawrence
02EA020,True,,6765.0,6730,9.0,9.0,35.0,0.0,1.0,10.0,02,St. Lawrence
02EA021,True,,5555.0,5523,3.0,2.0,14.0,18.0,2.0,18.0,02,St. Lawrence
02EB004,True,,8035.0,7894,16.0,14.0,51.0,90.0,3.0,75.0,02,St. Lawrence
02EB008,True,,7740.0,7701,7.0,6.0,15.0,24.0,2.0,24.0,02,St. Lawrence
02EB011,True,,7670.0,7341,15.0,11.0,68.0,261.0,5.0,125.0,02,St. Lawrence
02EB012,True,,7670.0,7412,2.0,1.0,2.0,256.0,2.0,256.0,02,St. Lawrence
02EB013,True,,8035.0,8017,5.0,5.0,18.0,0.0,1.0,7.0,02,St. Lawrence
02EB014,True,,8035.0,7925,10.0,8.0,45.0,65.0,3.0,38.0,02,St. Lawrence
02EB015,True,,7670.0,7657,4.0,4.0,13.0,0.0,1.0,5.0,02,St. Lawrence
02EB016,True,,7381.0,7366,3.0,3.0,15.0,0.0,1.0,7.0,02,St. Lawrence
02EB017,True,,7735.0,7686,5.0,3.0,7.0,42.0,3.0,26.0,02,St. Lawrence
02EB018,True,,7731.0,7692,7.0,7.0,39.0,0.0,1.0,11.0,02,St. Lawrence
02EB019,True,,7740.0,7724,2.0,2.0,16.0,0.0,1.0,12.0,02,St. Lawrence
02EB020,True,,7731.0,7621,4.0,2.0,16.0,94.0,3.0,67.0,02,St. Lawrence
02EB021,True,,7742.0,7738,1.0,1.0,4.0,0.0,1.0,4.0,02,St. Lawrence
02EB022,True,,7747.0,7572,3.0,1.0,8.0,167.0,3.0,147.0,02,St. Lawrence
02EB023,True,,7670.0,7660,4.0,4.0,10.0,0.0,1.0,4.0,02,St. Lawrence
02EC002,True,,8035.0,8023,5.0,5.0,12.0,0.0,1.0,6.0,02,St. Lawrence
02EC008,True,,7508.0,7031,40.0,28.0,155.0,322.0,13.0,78.0,02,St. Lawrence
02EC009,True,,7670.0,7667,2.0,2.0,3.0,0.0,1.0,2.0,02,St. Lawrence
02EC010,True,,9496.0,9466,8.0,8.0,30.0,0.0,1.0,12.0,02,St. Lawrence
02EC011,True,,5982.0,5969,3.0,3.0,13.0,0.0,1.0,9.0,02,St. Lawrence
02EC014,True,,14975.0,9068,5.0,2.0,3.0,5904.0,4.0,5854.0,02,St. Lawrence
02EC015,True,,12717.0,12396,22.0,15.0,77.0,244.0,8.0,56.0,02,St. Lawrence
02EC018,True,,7670.0,7576,7.0,5.0,31.0,63.0,3.0,47.0,02,St. Lawrence
02EC019,True,,6400.0,6338,31.0,31.0,62.0,0.0,1.0,10.0,02,St. Lawrence
02EC020,True,,6663.0,6438,21.0,18.0,112.0,113.0,4.0,61.0,02,St. Lawrence
02EC021,True,,6299.0,6211,6.0,2.0,11.0,77.0,5.0,26.0,02,St. Lawrence
02EC022,True,,3188.0,2999,9.0,5.0,13.0,176.0,5.0,90.0,02,St. Lawrence
02EC023,True,,831.0,819,1.0,1.0,12.0,0.0,1.0,12.0,02,St. Lawrence
02ED003,True,,8035.0,7711,30.0,24.0,108.0,216.0,7.0,86.0,02,St. Lawrence
02ED007,True,,8035.0,7750,26.0,21.0,109.0,176.0,6.0,74.0,02,St. Lawrence
02ED012,True,,42598.0,40376,42.0,31.0,73.0,2149.0,12.0,915.0,02,St. Lawrence
02ED013,True,,8035.0,7334,41.0,31.0,141.0,560.0,11.0,128.0,02,St. Lawrence
02ED014,True,,8035.0,6950,69.0,53.0,241.0,844.0,17.0,243.0,02,St. Lawrence
02ED015,True,,8035.0,8004,7.0,7.0,31.0,0.0,1.0,6.0,02,St. Lawrence
02ED017,True,,8035.0,7826,31.0,27.0,128.0,81.0,5.0,26.0,02,St. Lawrence
02ED020,True,,1395.0,1395,0.0,0.0,0.0,0.0,1.0,0.0,02,St. Lawrence
02ED021,True,,1395.0,1305,3.0,0.0,0.0,90.0,4.0,50.0,02,St. Lawrence
02ED022,True,,1400.0,1315,7.0,5.0,20.0,65.0,3.0,49.0,02,St. Lawrence
02ED023,False,n_obs<100,,21,,,,,,,02,St. Lawrence
02ED024,True,,8035.0,7721,42.0,38.0,153.0,161.0,5.0,72.0,02,St. Lawrence
02ED026,True,,8035.0,7842,9.0,6.0,33.0,160.0,4.0,74.0,02,St. Lawrence
02ED027,True,,8035.0,7945,31.0,31.0,90.0,0.0,1.0,13.0,02,St. Lawrence
02ED028,True,,1461.0,819,9.0,6.0,34.0,608.0,4.0,558.0,02,St. Lawrence
02ED029,True,,8035.0,7443,52.0,40.0,156.0,436.0,13.0,75.0,02,St. Lawrence
02ED030,True,,6682.0,6229,28.0,23.0,135.0,318.0,6.0,146.0,02,St. Lawrence
02ED031,True,,6663.0,5629,40.0,26.0,139.0,895.0,15.0,366.0,02,St. Lawrence
02ED032,True,,6662.0,6492,31.0,29.0,130.0,40.0,3.0,25.0,02,St. Lawrence
02ED033,True,,4383.0,4341,4.0,3.0,14.0,28.0,2.0,28.0,02,St. Lawrence
02ED100,True,,7670.0,7130,17.0,11.0,76.0,464.0,7.0,273.0,02,St. Lawrence
02ED101,True,,8035.0,7900,13.0,11.0,44.0,91.0,3.0,63.0,02,St. Lawrence
02ED102,True,,8035.0,7898,10.0,8.0,34.0,103.0,3.0,78.0,02,St. Lawrence
02FA001,True,,8035.0,7976,6.0,4.0,26.0,33.0,3.0,18.0,02,St. Lawrence
02FA002,True,,8035.0,7926,7.0,5.0,32.0,77.0,3.0,42.0,02,St. Lawrence
02FA003,True,,22143.0,21949,38.0,35.0,121.0,73.0,4.0,31.0,02,St. Lawrence
02FA004,True,,7945.0,7890,13.0,13.0,55.0,0.0,1.0,9.0,02,St. Lawrence
02FA005,True,,2427.0,2406,1.0,0.0,0.0,21.0,2.0,21.0,02,St. Lawrence
02FB007,True,,8035.0,8014,7.0,7.0,21.0,0.0,1.0,10.0,02,St. Lawrence
02FB009,True,,9496.0,8475,5.0,4.0,15.0,1006.0,2.0,1006.0,02,St. Lawrence
02FB010,True,,8035.0,7947,15.0,14.0,72.0,16.0,2.0,16.0,02,St. Lawrence
02FB012,True,,6696.0,6532,18.0,15.0,56.0,108.0,4.0,69.0,02,St. Lawrence
02FB013,True,,6696.0,6657,11.0,11.0,39.0,0.0,1.0,13.0,02,St. Lawrence
02FB014,True,,6694.0,6590,16.0,14.0,66.0,38.0,3.0,23.0,02,St. Lawrence
02FC001,True,,8035.0,8034,1.0,1.0,1.0,0.0,1.0,1.0,02,St. Lawrence
02FC002,True,,8035.0,8018,2.0,2.0,17.0,0.0,1.0,14.0,02,St. Lawrence
02FC011,True,,7804.0,7754,5.0,3.0,7.0,43.0,3.0,27.0,02,St. Lawrence
02FC012,True,,9496.0,9483,3.0,3.0,13.0,0.0,1.0,9.0,02,St. Lawrence
02FC015,True,,9496.0,9476,5.0,5.0,20.0,0.0,1.0,8.0,02,St. Lawrence
02FC016,True,,9496.0,9443,4.0,3.0,13.0,40.0,2.0,40.0,02,St. Lawrence
02FC017,True,,6622.0,6569,8.0,7.0,30.0,23.0,2.0,23.0,02,St. Lawrence
02FC020,True,,6698.0,6606,13.0,13.0,92.0,0.0,1.0,12.0,02,St. Lawrence
02FC021,True,,6622.0,6522,3.0,1.0,11.0,89.0,3.0,55.0,02,St. Lawrence
02FD001,True,,6559.0,6231,25.0,16.0,67.0,261.0,10.0,43.0,02,St. Lawrence
02FD002,True,,6849.0,6685,16.0,13.0,84.0,80.0,4.0,28.0,02,St. Lawrence
02FD003,True,,7726.0,7549,16.0,14.0,41.0,136.0,3.0,109.0,02,St. Lawrence
02FE002,True,,7945.0,7931,3.0,3.0,14.0,0.0,1.0,8.0,02,St. Lawrence
02FE003,True,,8035.0,8003,5.0,4.0,7.0,25.0,2.0,25.0,02,St. Lawrence
02FE005,True,,8035.0,8003,6.0,5.0,16.0,16.0,2.0,16.0,02,St. Lawrence
02FE007,True,,9496.0,9472,8.0,8.0,24.0,0.0,1.0,6.0,02,St. Lawrence
02FE008,True,,9496.0,9492,3.0,3.0,4.0,0.0,1.0,2.0,02,St. Lawrence
02FE009,True,,8035.0,8015,3.0,2.0,5.0,15.0,2.0,15.0,02,St. Lawrence
02FE010,True,,7804.0,7763,3.0,2.0,6.0,35.0,2.0,35.0,02,St. Lawrence
02FE011,True,,9496.0,9449,13.0,13.0,47.0,0.0,1.0,11.0,02,St. Lawrence
02FE012,True,,41126.0,39476,31.0,21.0,59.0,1591.0,11.0,186.0,02,St. Lawrence
02FE013,True,,9496.0,9428,10.0,8.0,19.0,49.0,3.0,34.0,02,St. Lawrence
02FE014,True,,7935.0,7710,20.0,15.0,70.0,155.0,6.0,48.0,02,St. Lawrence
02FE015,True,,8035.0,7579,37.0,27.0,152.0,304.0,11.0,110.0,02,St. Lawrence
02FE016,True,,6698.0,6535,21.0,18.0,62.0,101.0,4.0,66.0,02,St. Lawrence
02FE017,True,,6699.0,6464,40.0,36.0,106.0,129.0,5.0,49.0,02,St. Lawrence
02FE018,True,,2063.0,2059,2.0,2.0,4.0,0.0,1.0,3.0,02,St. Lawrence
02FF002,True,,8035.0,7794,27.0,23.0,126.0,115.0,5.0,37.0,02,St. Lawrence
02FF004,True,,8035.0,7772,15.0,10.0,46.0,217.0,6.0,132.0,02,St. Lawrence
02FF007,True,,8035.0,7998,6.0,5.0,22.0,15.0,2.0,15.0,02,St. Lawrence
02FF008,True,,8035.0,7530,35.0,23.0,165.0,340.0,13.0,45.0,02,St. Lawrence
02FF009,True,,8035.0,7950,10.0,8.0,20.0,65.0,3.0,45.0,02,St. Lawrence
02FF010,True,,9835.0,9448,16.0,9.0,69.0,318.0,8.0,104.0,02,St. Lawrence
02FF011,True,,7782.0,7702,17.0,15.0,49.0,31.0,3.0,16.0,02,St. Lawrence
02FF012,True,,7719.0,6898,85.0,66.0,330.0,491.0,20.0,57.0,02,St. Lawrence
02FF013,True,,6586.0,6569,5.0,5.0,17.0,0.0,1.0,12.0,02,St. Lawrence
02FF014,True,,6661.0,6657,2.0,2.0,4.0,0.0,1.0,3.0,02,St. Lawrence
02FF015,True,,6318.0,6257,13.0,13.0,61.0,0.0,1.0,14.0,02,St. Lawrence
02FF016,True,,2106.0,2045,4.0,3.0,7.0,54.0,2.0,54.0,02,St. Lawrence
02GA003,True,,8035.0,8024,2.0,2.0,11.0,0.0,1.0,6.0,02,St. Lawrence
02GA005,True,,6674.0,5962,20.0,14.0,67.0,645.0,7.0,273.0,02,St. Lawrence
02GA006,True,,7767.0,7615,8.0,3.0,17.0,135.0,6.0,46.0,02,St. Lawrence
02GA010,True,,8035.0,8013,6.0,6.0,22.0,0.0,1.0,7.0,02,St. Lawrence
02GA014,True,,8035.0,7932,11.0,10.0,59.0,44.0,2.0,44.0,02,St. Lawrence
02GA015,True,,8035.0,8033,1.0,1.0,2.0,0.0,1.0,2.0,02,St. Lawrence
02GA016,True,,9406.0,9070,6.0,4.0,31.0,305.0,3.0,275.0,02,St. Lawrence
02GA018,True,,8035.0,7665,24.0,16.0,79.0,291.0,9.0,70.0,02,St. Lawrence
02GA023,True,,8035.0,8033,2.0,2.0,2.0,0.0,1.0,1.0,02,St. Lawrence
02GA024,True,,9406.0,9342,10.0,9.0,35.0,29.0,2.0,29.0,02,St. Lawrence
02GA028,True,,8035.0,8006,2.0,1.0,3.0,26.0,2.0,26.0,02,St. Lawrence
02GA029,True,,8035.0,7668,38.0,29.0,139.0,228.0,10.0,80.0,02,St. Lawrence
02GA030,True,,8035.0,7480,25.0,15.0,74.0,481.0,11.0,113.0,02,St. Lawrence
02GA031,True,,8035.0,7898,4.0,2.0,4.0,133.0,3.0,107.0,02,St. Lawrence
02GA034,True,,9406.0,9269,20.0,17.0,74.0,63.0,4.0,29.0,02,St. Lawrence
02GA038,True,,8035.0,7210,43.0,29.0,158.0,667.0,15.0,95.0,02,St. Lawrence
02GA039,True,,9496.0,9072,9.0,4.0,18.0,406.0,6.0,275.0,02,St. Lawrence
02GA040,True,,9496.0,9189,6.0,5.0,32.0,275.0,2.0,275.0,02,St. Lawrence
02GA041,True,,6716.0,6592,10.0,8.0,37.0,87.0,3.0,65.0,02,St. Lawrence
02GA042,True,,8035.0,3496,43.0,21.0,63.0,4476.0,23.0,261.0,02,St. Lawrence
02GA043,True,,8035.0,7861,25.0,20.0,78.0,96.0,6.0,27.0,02,St. Lawrence
02GA044,True,,7881.0,4326,55.0,22.0,92.0,3463.0,34.0,179.0,02,St. Lawrence
02GA045,True,,7888.0,4519,43.0,19.0,58.0,3311.0,25.0,183.0,02,St. Lawrence
02GA046,True,,7881.0,4674,25.0,2.0,2.0,3205.0,24.0,223.0,02,St. Lawrence
02GA047,True,,7768.0,7738,4.0,4.0,30.0,0.0,1.0,14.0,02,St. Lawrence
02GA048,True,,6432.0,6409,7.0,7.0,23.0,0.0,1.0,5.0,02,St. Lawrence
02GA049,True,,1602.0,1447,15.0,12.0,44.0,111.0,4.0,64.0,02,St. Lawrence
02GA050,True,,721.0,721,0.0,0.0,0.0,0.0,1.0,0.0,02,St. Lawrence
02GB001,True,,8035.0,7896,15.0,13.0,67.0,72.0,3.0,43.0,02,St. Lawrence
02GB006,True,,7735.0,7572,19.0,16.0,70.0,93.0,4.0,54.0,02,St. Lawrence
02GB007,True,,8035.0,7874,13.0,11.0,46.0,115.0,3.0,93.0,02,St. Lawrence
02GB008,True,,8035.0,7928,9.0,6.0,45.0,62.0,4.0,26.0,02,St. Lawrence
02GB010,True,,8035.0,7822,21.0,16.0,91.0,122.0,6.0,31.0,02,St. Lawrence
02GC002,True,,8035.0,7981,4.0,3.0,17.0,37.0,2.0,37.0,02,St. Lawrence
02GC006,True,,8035.0,7562,28.0,16.0,94.0,379.0,13.0,63.0,02,St. Lawrence
02GC007,True,,8035.0,7664,37.0,28.0,112.0,259.0,10.0,46.0,02,St. Lawrence
02GC008,True,,8035.0,7970,9.0,8.0,43.0,22.0,2.0,22.0,02,St. Lawrence
02GC010,True,,9496.0,9432,4.0,2.0,16.0,48.0,3.0,33.0,02,St. Lawrence
02GC011,True,,6709.0,6307,24.0,15.0,70.0,332.0,10.0,107.0,02,St. Lawrence
02GC014,True,,7728.0,6826,82.0,61.0,337.0,565.0,22.0,66.0,02,St. Lawrence
02GC017,True,,7637.0,7528,11.0,8.0,34.0,75.0,4.0,34.0,02,St. Lawrence
02GC018,True,,8035.0,7762,31.0,27.0,125.0,148.0,5.0,48.0,02,St. Lawrence
02GC021,True,,6708.0,5950,75.0,63.0,272.0,486.0,13.0,94.0,02,St. Lawrence
02GC022,True,,8035.0,7220,20.0,17.0,71.0,744.0,4.0,514.0,02,St. Lawrence
02GC026,True,,8035.0,7719,34.0,27.0,118.0,198.0,8.0,58.0,02,St. Lawrence
02GC027,True,,41817.0,34857,55.0,39.0,129.0,6831.0,17.0,5321.0,02,St. Lawrence
02GC028,True,,23590.0,22796,50.0,37.0,255.0,539.0,14.0,178.0,02,St. Lawrence
02GC029,True,,8035.0,7792,19.0,14.0,81.0,162.0,6.0,56.0,02,St. Lawrence
02GC030,True,,9496.0,9434,3.0,2.0,20.0,42.0,2.0,42.0,02,St. Lawrence
02GC031,True,,8035.0,7904,5.0,1.0,12.0,119.0,5.0,46.0,02,St. Lawrence
02GC036,True,,5912.0,5651,22.0,17.0,70.0,191.0,6.0,77.0,02,St. Lawrence
02GC037,True,,1666.0,1500,19.0,17.0,78.0,88.0,3.0,59.0,02,St. Lawrence
02GC038,True,,1644.0,1366,15.0,10.0,49.0,229.0,6.0,100.0,02,St. Lawrence
02GD001,True,,8035.0,7989,7.0,7.0,46.0,0.0,1.0,13.0,02,St. Lawrence
02GD003,True,,9496.0,9363,20.0,18.0,71.0,62.0,3.0,41.0,02,St. Lawrence
02GD004,True,,8035.0,7965,9.0,7.0,26.0,44.0,3.0,22.0,02,St. Lawrence
02GD005,True,,8035.0,8029,4.0,4.0,6.0,0.0,1.0,3.0,02,St. Lawrence
02GD008,True,,8035.0,7662,13.0,10.0,62.0,311.0,4.0,230.0,02,St. Lawrence
02GD009,True,,6411.0,6380,5.0,5.0,31.0,0.0,1.0,9.0,02,St. Lawrence
02GD010,True,,6431.0,6417,4.0,4.0,14.0,0.0,1.0,5.0,02,St. Lawrence
02GD011,True,,7866.0,7810,4.0,2.0,9.0,47.0,3.0,25.0,02,St. Lawrence
02GD014,True,,8035.0,8026,4.0,4.0,9.0,0.0,1.0,4.0,02,St. Lawrence
02GD015,True,,8035.0,7990,6.0,6.0,45.0,0.0,1.0,11.0,02,St. Lawrence
02GD016,True,,8035.0,7877,15.0,11.0,42.0,116.0,5.0,59.0,02,St. Lawrence
02GD018,True,,8035.0,7992,5.0,4.0,10.0,33.0,2.0,33.0,02,St. Lawrence
02GD019,True,,9496.0,9442,4.0,3.0,27.0,27.0,2.0,27.0,02,St. Lawrence
02GD021,True,,8035.0,8019,4.0,4.0,16.0,0.0,1.0,5.0,02,St. Lawrence
02GD022,True,,2123.0,2098,5.0,4.0,6.0,19.0,2.0,19.0,02,St. Lawrence
02GD023,True,,366.0,366,0.0,0.0,0.0,0.0,1.0,0.0,02,St. Lawrence
02GD026,True,,6664.0,6387,15.0,10.0,52.0,225.0,6.0,87.0,02,St. Lawrence
02GD027,True,,7770.0,7519,10.0,5.0,35.0,216.0,6.0,72.0,02,St. Lawrence
02GD028,True,,7754.0,7536,23.0,20.0,79.0,139.0,4.0,92.0,02,St. Lawrence
02GE002,True,,8035.0,8024,1.0,1.0,11.0,0.0,1.0,11.0,02,St. Lawrence
02GE003,True,,8035.0,7790,25.0,20.0,71.0,174.0,6.0,65.0,02,St. Lawrence
02GE004,True,,31374.0,18260,166.0,117.0,339.0,12775.0,50.0,3956.0,02,St. Lawrence
02GE005,True,,7782.0,7645,13.0,10.0,41.0,96.0,4.0,53.0,02,St. Lawrence
02GE006,True,,9496.0,9282,8.0,4.0,20.0,194.0,5.0,124.0,02,St. Lawrence
02GE007,True,,9131.0,8928,11.0,8.0,32.0,171.0,4.0,129.0,02,St. Lawrence
02GE008,True,,7741.0,7670,16.0,16.0,71.0,0.0,1.0,14.0,02,St. Lawrence
02GE009,True,,1456.0,1352,7.0,6.0,21.0,83.0,2.0,83.0,02,St. Lawrence
02GF002,True,,23921.0,23498,41.0,34.0,102.0,321.0,8.0,152.0,02,St. Lawrence
02GG002,True,,8035.0,8010,7.0,7.0,25.0,0.0,1.0,9.0,02,St. Lawrence
02GG003,True,,8035.0,8024,4.0,4.0,11.0,0.0,1.0,5.0,02,St. Lawrence
02GG005,True,,7945.0,7877,11.0,10.0,50.0,18.0,2.0,18.0,02,St. Lawrence
02GG006,True,,8035.0,7977,9.0,8.0,42.0,16.0,2.0,16.0,02,St. Lawrence
02GG008,True,,15559.0,15301,13.0,6.0,16.0,242.0,8.0,64.0,02,St. Lawrence
02GG009,True,,8035.0,7713,18.0,11.0,71.0,251.0,8.0,103.0,02,St. Lawrence
02GG010,True,,34931.0,34354,43.0,33.0,131.0,446.0,11.0,153.0,02,St. Lawrence
02GG011,True,,34929.0,34638,31.0,26.0,107.0,184.0,6.0,48.0,02,St. Lawrence
02GG013,True,,6437.0,6368,7.0,5.0,19.0,50.0,3.0,30.0,02,St. Lawrence
02GH002,True,,8035.0,7896,13.0,10.0,56.0,83.0,4.0,38.0,02,St. Lawrence
02GH003,True,,8035.0,7556,45.0,34.0,183.0,296.0,12.0,75.0,02,St. Lawrence
02GH004,True,,5055.0,3842,9.0,4.0,36.0,1177.0,6.0,1091.0,02,St. Lawrence
02GH005,True,,22645.0,22439,22.0,17.0,70.0,136.0,6.0,30.0,02,St. Lawrence
02GH006,True,,24503.0,23665,59.0,43.0,171.0,667.0,17.0,128.0,02,St. Lawrence
02GH007,True,,24904.0,23478,79.0,50.0,217.0,1209.0,30.0,103.0,02,St. Lawrence
02GH008,True,,22994.0,22242,59.0,46.0,199.0,553.0,14.0,107.0,02,St. Lawrence
02GH009,True,,20668.0,20308,29.0,22.0,100.0,260.0,8.0,50.0,02,St. Lawrence
02GH010,True,,22200.0,21927,31.0,25.0,111.0,162.0,7.0,35.0,02,St. Lawrence
02GH011,True,,13514.0,8999,15.0,10.0,50.0,4465.0,6.0,3288.0,02,St. Lawrence
02GH016,True,,2918.0,2912,4.0,4.0,6.0,0.0,1.0,2.0,02,St. Lawrence
02HA006,True,,7670.0,7523,9.0,6.0,34.0,113.0,4.0,49.0,02,St. Lawrence
02HA007,True,,8035.0,7937,15.0,14.0,73.0,25.0,2.0,25.0,02,St. Lawrence
02HA008,True,,2593.0,2142,9.0,4.0,36.0,415.0,6.0,260.0,02,St. Lawrence
02HA013,True,,4097.0,4033,2.0,1.0,11.0,53.0,2.0,53.0,02,St. Lawrence
02HA014,True,,7670.0,5581,23.0,19.0,82.0,2007.0,5.0,1905.0,02,St. Lawrence
02HA017,True,,40696.0,40629,16.0,15.0,48.0,19.0,2.0,19.0,02,St. Lawrence
02HA018,True,,34120.0,25232,16.0,15.0,52.0,8836.0,2.0,8836.0,02,St. Lawrence
02HA020,True,,7305.0,6509,26.0,13.0,64.0,732.0,14.0,157.0,02,St. Lawrence
02HA021,True,,1802.0,1792,1.0,1.0,10.0,0.0,1.0,10.0,02,St. Lawrence
02HA022,True,,7519.0,5953,18.0,16.0,44.0,1522.0,3.0,1461.0,02,St. Lawrence
02HA023,True,,3501.0,1204,1.0,0.0,0.0,2297.0,2.0,2297.0,02,St. Lawrence
02HA024,True,,8035.0,7780,11.0,9.0,34.0,221.0,3.0,187.0,02,St. Lawrence
02HA025,True,,1610.0,1570,4.0,3.0,17.0,23.0,2.0,23.0,02,St. Lawrence
02HA026,True,,366.0,306,1.0,0.0,0.0,60.0,2.0,60.0,02,St. Lawrence
02HA030,True,,6635.0,6338,17.0,9.0,42.0,255.0,9.0,63.0,02,St. Lawrence
02HA031,True,,6634.0,6594,7.0,6.0,25.0,15.0,2.0,15.0,02,St. Lawrence
02HA032,True,,2011.0,1975,4.0,3.0,19.0,17.0,2.0,17.0,02,St. Lawrence
02HB001,True,,8035.0,8017,3.0,3.0,18.0,0.0,1.0,10.0,02,St. Lawrence
02HB004,True,,8035.0,7954,14.0,13.0,66.0,15.0,2.0,15.0,02,St. Lawrence
02HB005,True,,8035.0,7997,5.0,4.0,16.0,22.0,2.0,22.0,02,St. Lawrence
02HB007,True,,8035.0,8005,8.0,8.0,30.0,0.0,1.0,13.0,02,St. Lawrence
02HB008,True,,8035.0,7932,4.0,2.0,13.0,90.0,3.0,66.0,02,St. Lawrence
02HB011,True,,7767.0,7715,5.0,4.0,21.0,31.0,2.0,31.0,02,St. Lawrence
02HB012,True,,7670.0,7447,16.0,11.0,54.0,169.0,6.0,77.0,02,St. Lawrence
02HB013,True,,8035.0,7899,8.0,5.0,20.0,116.0,4.0,58.0,02,St. Lawrence
02HB015,True,,9496.0,9221,15.0,11.0,43.0,232.0,5.0,76.0,02,St. Lawrence
02HB017,True,,19207.0,18519,57.0,47.0,231.0,457.0,11.0,90.0,02,St. Lawrence
02HB018,True,,8035.0,7985,8.0,7.0,35.0,15.0,2.0,15.0,02,St. Lawrence
02HB020,True,,8035.0,7804,28.0,24.0,55.0,176.0,5.0,92.0,02,St. Lawrence
02HB021,True,,10806.0,10003,11.0,9.0,27.0,776.0,3.0,731.0,02,St. Lawrence
02HB022,True,,8035.0,8032,2.0,2.0,3.0,0.0,1.0,2.0,02,St. Lawrence
02HB023,True,,8766.0,8017,6.0,5.0,18.0,731.0,2.0,731.0,02,St. Lawrence
02HB024,True,,8035.0,8005,2.0,1.0,3.0,27.0,2.0,27.0,02,St. Lawrence
02HB025,True,,8035.0,7938,13.0,11.0,29.0,68.0,3.0,49.0,02,St. Lawrence
02HB027,True,,7882.0,7655,22.0,18.0,107.0,120.0,5.0,54.0,02,St. Lawrence
02HB028,True,,6698.0,6602,5.0,2.0,9.0,87.0,4.0,48.0,02,St. Lawrence
02HB029,True,,6677.0,6195,40.0,30.0,145.0,337.0,11.0,69.0,02,St. Lawrence
02HB030,True,,6678.0,6475,12.0,11.0,42.0,161.0,2.0,161.0,02,St. Lawrence
02HB031,True,,6691.0,6099,32.0,27.0,101.0,491.0,6.0,365.0,02,St. Lawrence
02HB032,True,,6710.0,6393,19.0,14.0,53.0,264.0,6.0,103.0,02,St. Lawrence
02HB033,True,,2992.0,2945,3.0,2.0,3.0,44.0,2.0,44.0,02,St. Lawrence
02HB034,True,,1139.0,1094,6.0,5.0,26.0,19.0,2.0,19.0,02,St. Lawrence
02HC003,True,,8035.0,7910,13.0,9.0,42.0,83.0,5.0,28.0,02,St. Lawrence
02HC005,True,,9131.0,8084,27.0,17.0,72.0,975.0,11.0,365.0,02,St. Lawrence
02HC009,True,,8035.0,7844,9.0,3.0,17.0,174.0,7.0,42.0,02,St. Lawrence
02HC013,True,,6333.0,6194,26.0,23.0,89.0,50.0,4.0,18.0,02,St. Lawrence
02HC016,True,,3029.0,488,8.0,0.0,0.0,2541.0,9.0,670.0,02,St. Lawrence
02HC017,True,,7339.0,7211,5.0,2.0,14.0,114.0,4.0,69.0,02,St. Lawrence
02HC018,True,,8035.0,7854,27.0,24.0,122.0,59.0,4.0,27.0,02,St. Lawrence
02HC019,True,,7670.0,5897,27.0,20.0,84.0,1689.0,8.0,1331.0,02,St. Lawrence
02HC022,True,,7670.0,7476,16.0,13.0,72.0,122.0,4.0,77.0,02,St. Lawrence
02HC023,True,,7066.0,7044,2.0,1.0,2.0,20.0,2.0,20.0,02,St. Lawrence
02HC024,True,,7670.0,7602,11.0,9.0,31.0,37.0,3.0,20.0,02,St. Lawrence
02HC025,True,,8035.0,6479,23.0,17.0,70.0,1486.0,7.0,1372.0,02,St. Lawrence
02HC027,True,,8035.0,8021,3.0,3.0,14.0,0.0,1.0,7.0,02,St. Lawrence
02HC028,True,,7670.0,7624,9.0,8.0,25.0,21.0,2.0,21.0,02,St. Lawrence
02HC030,True,,8035.0,7912,18.0,15.0,58.0,65.0,4.0,32.0,02,St. Lawrence
02HC031,True,,8035.0,7833,32.0,28.0,122.0,80.0,5.0,25.0,02,St. Lawrence
02HC032,True,,7755.0,7085,44.0,38.0,150.0,520.0,7.0,368.0,02,St. Lawrence
02HC033,True,,8035.0,7859,16.0,12.0,78.0,98.0,5.0,33.0,02,St. Lawrence
02HC038,True,,6334.0,6311,2.0,2.0,23.0,0.0,1.0,12.0,02,St. Lawrence
02HC047,True,,6685.0,6522,27.0,24.0,42.0,121.0,4.0,55.0,02,St. Lawrence
02HC048,True,,42579.0,41505,73.0,66.0,133.0,941.0,8.0,374.0,02,St. Lawrence
02HC049,True,,7670.0,7500,20.0,17.0,107.0,63.0,4.0,26.0,02,St. Lawrence
02HC051,True,,7047.0,6789,20.0,16.0,58.0,200.0,5.0,98.0,02,St. Lawrence
02HC053,True,,7560.0,6934,42.0,26.0,111.0,515.0,17.0,53.0,02,St. Lawrence
02HC054,True,,7560.0,7038,28.0,19.0,93.0,429.0,10.0,126.0,02,St. Lawrence
02HC055,True,,7551.0,6735,38.0,22.0,108.0,708.0,17.0,155.0,02,St. Lawrence
02HC056,True,,6311.0,5970,25.0,19.0,78.0,263.0,7.0,111.0,02,St. Lawrence
02HC057,True,,3682.0,3575,8.0,5.0,21.0,86.0,4.0,46.0,02,St. Lawrence
02HC058,True,,6271.0,6003,22.0,18.0,66.0,202.0,5.0,105.0,02,St. Lawrence
02HC059,True,,2988.0,2986,2.0,2.0,2.0,0.0,1.0,1.0,02,St. Lawrence
02HC060,True,,730.0,702,2.0,1.0,8.0,20.0,2.0,20.0,02,St. Lawrence
02HD003,True,,7611.0,6724,8.0,3.0,14.0,873.0,6.0,182.0,02,St. Lawrence
02HD004,True,,7350.0,6140,14.0,4.0,18.0,1192.0,11.0,182.0,02,St. Lawrence
02HD006,True,,5977.0,5746,17.0,12.0,47.0,184.0,6.0,55.0,02,St. Lawrence
02HD008,True,,7670.0,7579,5.0,2.0,26.0,65.0,4.0,26.0,02,St. Lawrence
02HD009,True,,9131.0,9094,9.0,9.0,37.0,0.0,1.0,10.0,02,St. Lawrence
02HD010,True,,7670.0,7625,6.0,5.0,28.0,17.0,2.0,17.0,02,St. Lawrence
02HD012,True,,7670.0,7548,11.0,7.0,19.0,103.0,5.0,42.0,02,St. Lawrence
02HD013,True,,7670.0,7559,17.0,14.0,56.0,55.0,4.0,20.0,02,St. Lawrence
02HD015,True,,24290.0,24187,18.0,16.0,53.0,50.0,3.0,30.0,02,St. Lawrence
02HD018,True,,7520.0,7439,7.0,5.0,32.0,49.0,3.0,25.0,02,St. Lawrence
02HD019,True,,7552.0,6917,28.0,19.0,70.0,565.0,10.0,287.0,02,St. Lawrence
02HD020,True,,6119.0,6063,7.0,6.0,19.0,37.0,2.0,37.0,02,St. Lawrence
02HD021,True,,6332.0,6153,23.0,19.0,77.0,102.0,5.0,40.0,02,St. Lawrence
02HD022,True,,6332.0,5942,21.0,13.0,53.0,337.0,9.0,110.0,02,St. Lawrence
02HD023,True,,6262.0,5830,32.0,20.0,84.0,348.0,13.0,46.0,02,St. Lawrence
02HD024,True,,1684.0,1467,18.0,13.0,36.0,181.0,6.0,63.0,02,St. Lawrence
02HE002,True,,8035.0,7885,8.0,5.0,11.0,139.0,4.0,106.0,02,St. Lawrence
02HE004,True,,6556.0,5999,23.0,14.0,71.0,486.0,10.0,116.0,02,St. Lawrence
02HF002,True,,8035.0,7983,13.0,13.0,52.0,0.0,1.0,12.0,02,St. Lawrence
02HF003,True,,7670.0,7655,5.0,5.0,15.0,0.0,1.0,5.0,02,St. Lawrence
02HF005,True,,578.0,578,0.0,0.0,0.0,0.0,1.0,0.0,02,St. Lawrence
02HG001,True,,8035.0,8034,1.0,1.0,1.0,0.0,1.0,1.0,02,St. Lawrence
02HG002,True,,7506.0,7442,7.0,5.0,13.0,51.0,3.0,28.0,02,St. Lawrence
02HG003,True,,6268.0,6231,6.0,5.0,16.0,21.0,2.0,21.0,02,St. Lawrence
02HG006,True,,774.0,774,0.0,0.0,0.0,0.0,1.0,0.0,02,St. Lawrence
02HH003,True,,6794.0,6741,11.0,10.0,32.0,21.0,2.0,21.0,02,St. Lawrence
02HH004,True,,1141.0,1107,3.0,2.0,2.0,32.0,2.0,32.0,02,St. Lawrence
02HH005,True,,5990.0,5966,8.0,8.0,24.0,0.0,1.0,7.0,02,St. Lawrence
02HH006,True,,769.0,769,0.0,0.0,0.0,0.0,1.0,0.0,02,St. Lawrence
02HJ001,True,,8035.0,7819,19.0,16.0,83.0,133.0,4.0,95.0,02,St. Lawrence
02HJ003,True,,7725.0,7722,1.0,1.0,3.0,0.0,1.0,3.0,02,St. Lawrence
02HJ005,True,,6400.0,5496,53.0,33.0,169.0,735.0,21.0,88.0,02,St. Lawrence
02HJ006,True,,6634.0,6591,6.0,5.0,25.0,18.0,2.0,18.0,02,St. Lawrence
02HJ007,True,,6634.0,6554,11.0,10.0,44.0,36.0,2.0,36.0,02,St. Lawrence
02HJ008,True,,5033.0,4950,9.0,8.0,36.0,47.0,2.0,47.0,02,St. Lawrence
02HJ009,True,,1481.0,1385,5.0,3.0,11.0,85.0,3.0,59.0,02,St. Lawrence
02HJ010,True,,1491.0,1487,1.0,1.0,4.0,0.0,1.0,4.0,02,St. Lawrence
02HJ011,True,,1432.0,1410,1.0,0.0,0.0,22.0,2.0,22.0,02,St. Lawrence
02HJ012,True,,1461.0,1453,1.0,1.0,8.0,0.0,1.0,8.0,02,St. Lawrence
02HK003,True,,8035.0,8026,2.0,2.0,9.0,0.0,1.0,6.0,02,St. Lawrence
02HK005,True,,9496.0,9453,3.0,2.0,11.0,32.0,2.0,32.0,02,St. Lawrence
02HK006,True,,9496.0,9495,1.0,1.0,1.0,0.0,1.0,1.0,02,St. Lawrence
02HK007,True,,8035.0,7958,8.0,6.0,34.0,43.0,3.0,26.0,02,St. Lawrence
02HK008,True,,7945.0,7900,13.0,13.0,45.0,0.0,1.0,10.0,02,St. Lawrence
02HK009,True,,9131.0,9055,9.0,7.0,17.0,59.0,3.0,42.0,02,St. Lawrence
02HK010,True,,5365.0,4915,30.0,21.0,101.0,349.0,10.0,75.0,02,St. Lawrence
02HK011,True,,7670.0,7651,2.0,1.0,1.0,18.0,2.0,18.0,02,St. Lawrence
02HK015,True,,6353.0,6234,13.0,11.0,85.0,34.0,3.0,19.0,02,St. Lawrence
02HK016,True,,6353.0,6115,15.0,10.0,36.0,202.0,6.0,67.0,02,St. Lawrence
02HK017,True,,6717.0,6402,16.0,10.0,58.0,257.0,7.0,151.0,02,St. Lawrence
02HK018,True,,453.0,451,1.0,1.0,2.0,0.0,1.0,2.0,02,St. Lawrence
02HK019,True,,454.0,433,3.0,2.0,2.0,19.0,2.0,19.0,02,St. Lawrence
02HK902,True,,730.0,730,0.0,0.0,0.0,0.0,1.0,0.0,02,St. Lawrence
02HL001,True,,8035.0,8032,2.0,2.0,3.0,0.0,1.0,2.0,02,St. Lawrence
02HL003,True,,8035.0,7975,23.0,23.0,60.0,0.0,1.0,8.0,02,St. Lawrence
02HL004,True,,8035.0,7979,6.0,5.0,21.0,35.0,2.0,35.0,02,St. Lawrence
02HL005,True,,8035.0,7755,7.0,5.0,19.0,261.0,3.0,134.0,02,St. Lawrence
02HL007,True,,7882.0,7786,7.0,4.0,23.0,73.0,4.0,28.0,02,St. Lawrence
02HL008,True,,6712.0,6305,16.0,10.0,74.0,333.0,7.0,195.0,02,St. Lawrence
02HM002,True,,8035.0,7958,12.0,11.0,62.0,15.0,2.0,15.0,02,St. Lawrence
02HM003,True,,8035.0,8002,1.0,0.0,0.0,33.0,2.0,33.0,02,St. Lawrence
02HM004,True,,8035.0,7953,9.0,7.0,44.0,38.0,3.0,21.0,02,St. Lawrence
02HM005,True,,8035.0,8005,6.0,5.0,15.0,15.0,2.0,15.0,02,St. Lawrence
02HM006,True,,8035.0,7947,11.0,8.0,25.0,63.0,4.0,24.0,02,St. Lawrence
02HM007,True,,8035.0,7953,8.0,7.0,55.0,27.0,2.0,27.0,02,St. Lawrence
02HM008,True,,41538.0,41359,18.0,16.0,50.0,129.0,3.0,105.0,02,St. Lawrence
02HM009,True,,6849.0,6823,3.0,2.0,10.0,16.0,2.0,16.0,02,St. Lawrence
02HM010,True,,7860.0,7706,15.0,12.0,85.0,69.0,4.0,38.0,02,St. Lawrence
02HM011,True,,6574.0,6483,13.0,11.0,55.0,36.0,3.0,19.0,02,St. Lawrence
02JA001,True,,21093.0,20172,27.0,15.0,71.0,850.0,13.0,244.0,02,St. Lawrence
02JA003,True,,7972.0,7972,0.0,0.0,0.0,0.0,1.0,0.0,02,St. Lawrence
02JB005,True,,9223.0,7909,4.0,2.0,5.0,1309.0,3.0,1096.0,02,St. Lawrence
02JB006,True,,4475.0,4262,1.0,0.0,0.0,213.0,2.0,213.0,02,St. Lawrence
02JB008,True,,4475.0,4142,2.0,0.0,0.0,333.0,3.0,210.0,02,St. Lawrence
02JB011,True,,23667.0,22572,46.0,42.0,87.0,1008.0,5.0,912.0,02,St. Lawrence
02JB012,True,,9694.0,8685,119.0,116.0,147.0,862.0,4.0,467.0,02,St. Lawrence
02JB017,True,,9700.0,9365,75.0,73.0,107.0,228.0,3.0,213.0,02,St. Lawrence
02JC008,True,,7670.0,7348,39.0,32.0,139.0,183.0,8.0,45.0,02,St. Lawrence
02JD013,True,,12327.0,12322,3.0,3.0,5.0,0.0,1.0,3.0,02,St. Lawrence
02JD014,True,,1335.0,525,3.0,1.0,5.0,805.0,3.0,744.0,02,St. Lawrence
02JE002,True,,3586.0,3570,2.0,1.0,1.0,15.0,2.0,15.0,02,St. Lawrence
02JE005,True,,9497.0,9488,4.0,4.0,9.0,0.0,1.0,3.0,02,St. Lawrence
02JE011,True,,42553.0,40949,31.0,11.0,66.0,1538.0,21.0,182.0,02,St. Lawrence
02JE013,True,,42615.0,41517,15.0,12.0,47.0,1051.0,4.0,636.0,02,St. Lawrence
02JE015,True,,3586.0,3565,3.0,3.0,21.0,0.0,1.0,9.0,02,St. Lawrence
02JE017,True,,9045.0,8987,5.0,4.0,7.0,51.0,2.0,51.0,02,St. Lawrence
02JE024,True,,11796.0,11742,9.0,8.0,36.0,18.0,2.0,18.0,02,St. Lawrence
02JE025,True,,13092.0,13084,3.0,3.0,8.0,0.0,1.0,3.0,02,St. Lawrence
02JE026,True,,13059.0,11888,23.0,6.0,27.0,1144.0,18.0,220.0,02,St. Lawrence
02JE027,True,,5236.0,4783,19.0,13.0,72.0,381.0,7.0,209.0,02,St. Lawrence
02JE028,True,,4574.0,4555,7.0,7.0,19.0,0.0,1.0,6.0,02,St. Lawrence
02JE029,True,,1950.0,1927,15.0,15.0,23.0,0.0,1.0,6.0,02,St. Lawrence
02JE030,True,,18901.0,14831,14.0,12.0,36.0,4034.0,3.0,3823.0,02,St. Lawrence
02JE031,True,,5581.0,5571,4.0,4.0,10.0,0.0,1.0,6.0,02,St. Lawrence
02JE032,True,,1872.0,1872,0.0,0.0,0.0,0.0,1.0,0.0,02,St. Lawrence
02KA013,True,,12164.0,11278,45.0,25.0,80.0,806.0,21.0,95.0,02,St. Lawrence
02KA015,True,,5218.0,5131,16.0,15.0,36.0,51.0,2.0,51.0,02,St. Lawrence
02KB001,True,,7670.0,7584,7.0,4.0,19.0,67.0,4.0,33.0,02,St. Lawrence
02KC002,True,,3928.0,3928,0.0,0.0,0.0,0.0,1.0,0.0,02,St. Lawrence
02KC005,True,,22042.0,18833,950.0,934.0,2364.0,845.0,17.0,197.0,02,St. Lawrence
02KC009,True,,8035.0,7963,6.0,4.0,11.0,61.0,3.0,36.0,02,St. Lawrence
02KC010,True,,3926.0,3926,0.0,0.0,0.0,0.0,1.0,0.0,02,St. Lawrence
02KC012,True,,30155.0,27500,3.0,2.0,8.0,2647.0,2.0,2647.0,02,St. Lawrence
02KC013,True,,32463.0,29623,65.0,59.0,217.0,2623.0,7.0,1917.0,02,St. Lawrence
02KC015,True,,5459.0,4951,35.0,28.0,87.0,421.0,8.0,192.0,02,St. Lawrence
02KC016,True,,2262.0,2262,0.0,0.0,0.0,0.0,1.0,0.0,02,St. Lawrence
02KC018,True,,5508.0,4925,57.0,46.0,136.0,447.0,12.0,109.0,02,St. Lawrence
02KD002,True,,6359.0,6140,9.0,6.0,23.0,196.0,4.0,98.0,02,St. Lawrence
02KD004,True,,8035.0,8033,1.0,1.0,2.0,0.0,1.0,2.0,02,St. Lawrence
02KD008,True,,12924.0,1786,1722.0,1709.0,10609.0,529.0,14.0,125.0,02,St. Lawrence
02KD009,False,n_obs<100,,95,,,,,,,02,St. Lawrence
02KF001,True,,8035.0,7963,2.0,0.0,0.0,72.0,3.0,54.0,02,St. Lawrence
02KF004,True,,23073.0,19566,22.0,17.0,97.0,3410.0,6.0,3014.0,02,St. Lawrence
02KF005,True,,39722.0,37714,18.0,12.0,69.0,1939.0,7.0,1826.0,02,St. Lawrence
02KF006,True,,8035.0,8032,1.0,1.0,3.0,0.0,1.0,3.0,02,St. Lawrence
02KF010,True,,8035.0,7991,11.0,11.0,44.0,0.0,1.0,9.0,02,St. Lawrence
02KF011,True,,8035.0,7647,10.0,6.0,45.0,343.0,5.0,278.0,02,St. Lawrence
02KF012,True,,9496.0,9494,1.0,1.0,2.0,0.0,1.0,2.0,02,St. Lawrence
02KF013,True,,7670.0,7668,1.0,1.0,2.0,0.0,1.0,2.0,02,St. Lawrence
02KF015,True,,6409.0,6322,4.0,1.0,7.0,80.0,4.0,45.0,02,St. Lawrence
02KF016,True,,8035.0,8020,5.0,5.0,15.0,0.0,1.0,5.0,02,St. Lawrence
02KF017,True,,7945.0,7485,5.0,2.0,4.0,456.0,4.0,182.0,02,St. Lawrence
02KF018,True,,7656.0,7288,15.0,9.0,33.0,335.0,7.0,83.0,02,St. Lawrence
02KF019,True,,7578.0,7329,7.0,1.0,9.0,240.0,7.0,83.0,02,St. Lawrence
02KF020,True,,7553.0,7020,21.0,10.0,59.0,474.0,12.0,92.0,02,St. Lawrence
02KG005,True,,1331.0,837,145.0,143.0,251.0,243.0,3.0,179.0,02,St. Lawrence
02KJ003,True,,11046.0,10306,22.0,7.0,26.0,714.0,16.0,105.0,02,St. Lawrence
02LA003,True,,46690.0,40640,890.0,886.0,5884.0,166.0,5.0,120.0,02,St. Lawrence
02LA004,True,,8035.0,8031,1.0,1.0,4.0,0.0,1.0,4.0,02,St. Lawrence
02LA006,True,,8035.0,7930,18.0,16.0,60.0,45.0,3.0,24.0,02,St. Lawrence
02LA007,True,,8035.0,8013,8.0,8.0,22.0,0.0,1.0,6.0,02,St. Lawrence
02LA009,True,,2192.0,2160,10.0,9.0,14.0,18.0,2.0,18.0,02,St. Lawrence
02LA010,True,,455.0,455,0.0,0.0,0.0,0.0,1.0,0.0,02,St. Lawrence
02LA011,True,,859.0,859,0.0,0.0,0.0,0.0,1.0,0.0,02,St. Lawrence
02LA012,True,,860.0,860,0.0,0.0,0.0,0.0,1.0,0.0,02,St. Lawrence
02LA014,True,,548.0,548,0.0,0.0,0.0,0.0,1.0,0.0,02,St. Lawrence
02LA015,True,,21702.0,21099,45.0,35.0,185.0,418.0,11.0,103.0,02,St. Lawrence
02LA018,True,,282.0,282,0.0,0.0,0.0,0.0,1.0,0.0,02,St. Lawrence
02LA024,True,,7976.0,7288,12.0,6.0,20.0,668.0,7.0,153.0,02,St. Lawrence
02LA026,True,,3209.0,3206,2.0,2.0,3.0,0.0,1.0,2.0,02,St. Lawrence
02LA027,True,,4863.0,4617,21.0,18.0,59.0,187.0,4.0,99.0,02,St. Lawrence
02LA028,True,,706.0,640,3.0,1.0,1.0,65.0,3.0,39.0,02,St. Lawrence
02LA029,True,,760.0,760,0.0,0.0,0.0,0.0,1.0,0.0,02,St. Lawrence
02LB001,True,,24419.0,24310,22.0,19.0,32.0,77.0,4.0,36.0,02,St. Lawrence
02LB005,True,,8035.0,7938,8.0,6.0,32.0,65.0,3.0,37.0,02,St. Lawrence
02LB006,True,,8035.0,7095,29.0,12.0,70.0,870.0,18.0,126.0,02,St. Lawrence
02LB007,True,,8035.0,7618,10.0,6.0,21.0,396.0,5.0,210.0,02,St. Lawrence
02LB008,True,,8035.0,7696,18.0,12.0,98.0,241.0,7.0,74.0,02,St. Lawrence
02LB009,True,,6880.0,2915,19.0,2.0,3.0,3962.0,18.0,244.0,02,St. Lawrence
02LB010,True,,28508.0,28092,19.0,11.0,44.0,372.0,9.0,146.0,02,St. Lawrence
02LB013,True,,18814.0,3869,55.0,30.0,67.0,14878.0,26.0,8460.0,02,St. Lawrence
02LB014,True,,8147.0,787,180.0,173.0,386.0,6974.0,8.0,6766.0,02,St. Lawrence
02LB015,True,,8058.0,2284,53.0,43.0,146.0,5628.0,11.0,4025.0,02,St. Lawrence
02LB017,True,,9861.0,9781,12.0,11.0,59.0,21.0,2.0,21.0,02,St. Lawrence
02LB018,True,,7749.0,2169,24.0,2.0,3.0,5577.0,23.0,291.0,02,St. Lawrence
02LB020,True,,7580.0,7534,9.0,8.0,29.0,17.0,2.0,17.0,02,St. Lawrence
02LB022,True,,7580.0,7565,1.0,0.0,0.0,15.0,2.0,15.0,02,St. Lawrence
02LB025,True,,13182.0,12818,43.0,38.0,118.0,246.0,6.0,161.0,02,St. Lawrence
02LB026,True,,13305.0,13011,29.0,22.0,90.0,204.0,8.0,40.0,02,St. Lawrence
02LB029,False,n_obs<100,,17,,,,,,,02,St. Lawrence
02LB031,True,,7976.0,6844,11.0,6.0,19.0,1113.0,6.0,710.0,02,St. Lawrence
02LB032,True,,7538.0,7040,14.0,6.0,46.0,452.0,9.0,115.0,02,St. Lawrence
02LB033,True,,4671.0,4220,18.0,9.0,49.0,402.0,10.0,114.0,02,St. Lawrence
02LB035,True,,1638.0,1530,29.0,27.0,70.0,38.0,3.0,19.0,02,St. Lawrence
02LB036,True,,2021.0,1999,7.0,7.0,22.0,0.0,1.0,12.0,02,St. Lawrence
02LC009,True,,20727.0,20313,49.0,42.0,88.0,326.0,8.0,159.0,02,St. Lawrence
02LC010,True,,22188.0,22058,40.0,39.0,61.0,69.0,2.0,69.0,02,St. Lawrence
02LC011,True,,21823.0,21611,81.0,80.0,187.0,25.0,2.0,25.0,02,St. Lawrence
02LC012,True,,21823.0,21502,52.0,46.0,108.0,213.0,7.0,88.0,02,St. Lawrence
02LC013,True,,22007.0,21849,50.0,48.0,103.0,55.0,3.0,29.0,02,St. Lawrence
02LC014,True,,22188.0,21918,59.0,53.0,137.0,133.0,7.0,30.0,02,St. Lawrence
02LC015,True,,21823.0,21691,61.0,60.0,105.0,27.0,2.0,27.0,02,St. Lawrence
02LC016,True,,21823.0,21663,48.0,45.0,91.0,69.0,4.0,28.0,02,St. Lawrence
02LC017,True,,21763.0,21556,49.0,44.0,84.0,123.0,6.0,29.0,02,St. Lawrence
02LC019,True,,5740.0,5363,10.0,8.0,17.0,360.0,3.0,300.0,02,St. Lawrence
02LC028,True,,2106.0,1847,15.0,9.0,34.0,225.0,7.0,45.0,02,St. Lawrence
02LC031,True,,280.0,215,4.0,2.0,15.0,50.0,3.0,30.0,02,St. Lawrence
02LC032,True,,2120.0,1911,13.0,9.0,56.0,153.0,5.0,64.0,02,St. Lawrence
02LC033,True,,2115.0,1963,12.0,8.0,29.0,123.0,5.0,57.0,02,St. Lawrence
02LC034,True,,2121.0,1790,15.0,7.0,42.0,289.0,9.0,62.0,02,St. Lawrence
02LC035,True,,1864.0,1855,2.0,2.0,9.0,0.0,1.0,7.0,02,St. Lawrence
02LC038,True,,4830.0,3309,57.0,47.0,186.0,1335.0,11.0,674.0,02,St. Lawrence
02LC039,True,,980.0,927,1.0,0.0,0.0,53.0,2.0,53.0,02,St. Lawrence
02LC040,True,,2807.0,2436,7.0,1.0,9.0,362.0,7.0,115.0,02,St. Lawrence
02LC042,True,,569.0,435,3.0,1.0,4.0,130.0,3.0,65.0,02,St. Lawrence
02LC062,True,,3876.0,3680,11.0,7.0,70.0,126.0,5.0,53.0,02,St. Lawrence
02LC064,True,,2909.0,2007,22.0,4.0,30.0,872.0,19.0,86.0,02,St. Lawrence
02LC066,True,,733.0,517,4.0,2.0,3.0,213.0,3.0,109.0,02,St. Lawrence
02LC067,True,,2909.0,2813,4.0,2.0,14.0,82.0,3.0,54.0,02,St. Lawrence
02LD007,True,,11619.0,9882,34.0,17.0,81.0,1656.0,18.0,210.0,02,St. Lawrence
02LD008,True,,11620.0,9766,31.0,8.0,40.0,1814.0,24.0,282.0,02,St. Lawrence
02LD011,True,,720.0,535,6.0,1.0,7.0,178.0,6.0,42.0,02,St. Lawrence
02LD012,True,,5091.0,5033,20.0,19.0,43.0,15.0,2.0,15.0,02,St. Lawrence
02LE003,True,,843.0,823,1.0,0.0,0.0,20.0,2.0,20.0,02,St. Lawrence
02LE011,True,,13236.0,11184,13.0,0.0,0.0,2052.0,14.0,687.0,02,St. Lawrence
02LE014,True,,30133.0,29263,140.0,129.0,298.0,572.0,12.0,162.0,02,St. Lawrence
02LE016,True,,1461.0,1461,0.0,0.0,0.0,0.0,1.0,0.0,02,St. Lawrence
02LE017,True,,25385.0,24933,125.0,121.0,377.0,75.0,5.0,24.0,02,St. Lawrence
02LE019,True,,24988.0,23712,227.0,222.0,666.0,610.0,6.0,239.0,02,St. Lawrence
02LE020,True,,1350.0,1336,5.0,5.0,14.0,0.0,1.0,5.0,02,St. Lawrence
02LE021,True,,1391.0,1380,8.0,8.0,11.0,0.0,1.0,4.0,02,St. Lawrence
02LE022,True,,12719.0,12144,22.0,14.0,48.0,527.0,9.0,108.0,02,St. Lawrence
02LE023,True,,1391.0,1376,6.0,6.0,15.0,0.0,1.0,10.0,02,St. Lawrence
02LF002,True,,22188.0,21704,143.0,138.0,288.0,196.0,6.0,69.0,02,St. Lawrence
02LF004,True,,4360.0,3962,185.0,183.0,309.0,89.0,3.0,71.0,02,St. Lawrence
02LF016,True,,5326.0,5035,13.0,4.0,17.0,274.0,10.0,31.0,02,St. Lawrence
02LG003,True,,11688.0,11425,10.0,8.0,32.0,231.0,3.0,213.0,02,St. Lawrence
02LG007,True,,11688.0,11459,6.0,5.0,16.0,213.0,2.0,213.0,02,St. Lawrence
02LH001,True,,26889.0,25404,288.0,272.0,766.0,719.0,17.0,140.0,02,St. Lawrence
02LH007,True,,6604.0,6500,6.0,5.0,33.0,71.0,2.0,71.0,02,St. Lawrence
02LH009,True,,14398.0,14382,3.0,3.0,16.0,0.0,1.0,13.0,02,St. Lawrence
02LH019,True,,5871.0,5871,0.0,0.0,0.0,0.0,1.0,0.0,02,St. Lawrence
02LH029,True,,15025.0,14637,74.0,67.0,104.0,284.0,8.0,151.0,02,St. Lawrence
02MA001,True,,6381.0,5281,8.0,3.0,27.0,1073.0,6.0,573.0,02,St. Lawrence
02MA004,True,,358.0,358,0.0,0.0,0.0,0.0,1.0,0.0,02,St. Lawrence
02MA005,True,,384.0,384,0.0,0.0,0.0,0.0,1.0,0.0,02,St. Lawrence
02MA006,True,,366.0,232,5.0,1.0,11.0,123.0,5.0,47.0,02,St. Lawrence
02MA008,True,,155.0,136,1.0,0.0,0.0,19.0,2.0,19.0,02,St. Lawrence
02MB003,True,,8766.0,8766,0.0,0.0,0.0,0.0,1.0,0.0,02,St. Lawrence
02MB006,True,,6574.0,6574,0.0,0.0,0.0,0.0,1.0,0.0,02,St. Lawrence
02MB007,True,,15579.0,15226,23.0,16.0,80.0,273.0,8.0,84.0,02,St. Lawrence
02MB008,True,,23035.0,22862,26.0,24.0,135.0,38.0,3.0,21.0,02,St. Lawrence
02MB009,True,,17191.0,16829,35.0,29.0,142.0,220.0,7.0,79.0,02,St. Lawrence
02MB010,True,,7990.0,7432,16.0,10.0,52.0,506.0,7.0,108.0,02,St. Lawrence
02MC001,True,,8035.0,7970,13.0,12.0,39.0,26.0,2.0,26.0,02,St. Lawrence
02MC005,True,,38351.0,37807,107.0,100.0,211.0,333.0,8.0,128.0,02,St. Lawrence
02MC016,True,,29220.0,28293,118.0,103.0,316.0,611.0,16.0,95.0,02,St. Lawrence
02MC017,True,,28185.0,27068,55.0,48.0,137.0,980.0,8.0,771.0,02,St. Lawrence
02MC019,True,,13777.0,12843,77.0,62.0,195.0,739.0,16.0,171.0,02,St. Lawrence
02MC020,True,,13778.0,12941,134.0,127.0,363.0,474.0,8.0,161.0,02,St. Lawrence
02MC022,True,,37986.0,37689,30.0,24.0,114.0,183.0,7.0,55.0,02,St. Lawrence
02MC023,True,,37491.0,36838,60.0,45.0,203.0,450.0,16.0,74.0,02,St. Lawrence
02MC026,True,,8035.0,8012,3.0,3.0,23.0,0.0,1.0,13.0,02,St. Lawrence
02MC027,True,,6444.0,6396,8.0,8.0,48.0,0.0,1.0,10.0,02,St. Lawrence
02MC028,True,,6574.0,6379,5.0,3.0,23.0,172.0,3.0,148.0,02,St. Lawrence
02MC030,True,,7777.0,2286,22.0,1.0,8.0,5483.0,22.0,282.0,02,St. Lawrence
02MC036,True,,7670.0,7546,8.0,5.0,34.0,90.0,4.0,45.0,02,St. Lawrence
02MC037,True,,6574.0,6560,4.0,4.0,14.0,0.0,1.0,7.0,02,St. Lawrence
02NA003,True,,11688.0,11535,15.0,14.0,61.0,92.0,2.0,92.0,02,St. Lawrence
02NB001,True,,11688.0,11334,14.0,11.0,29.0,325.0,4.0,213.0,02,St. Lawrence
02NB003,True,,11688.0,10968,22.0,19.0,50.0,670.0,4.0,365.0,02,St. Lawrence
02NB004,True,,2183.0,1772,6.0,4.0,30.0,381.0,3.0,365.0,02,St. Lawrence
02NB005,True,,2152.0,2104,4.0,2.0,10.0,38.0,3.0,20.0,02,St. Lawrence
02NB006,True,,11688.0,11103,48.0,40.0,150.0,435.0,9.0,212.0,02,St. Lawrence
02NC001,True,,2491.0,1645,6.0,1.0,4.0,842.0,6.0,222.0,02,St. Lawrence
02NC002,True,,4475.0,4262,1.0,0.0,0.0,213.0,2.0,213.0,02,St. Lawrence
02NE009,True,,2104.0,2101,1.0,1.0,3.0,0.0,1.0,3.0,02,St. Lawrence
02NF002,True,,23463.0,23037,32.0,27.0,89.0,337.0,6.0,178.0,02,St. Lawrence
02NG014,True,,1792.0,1724,5.0,3.0,11.0,57.0,3.0,29.0,02,St. Lawrence
02NG017,True,,8799.0,7209,24.0,7.0,43.0,1547.0,18.0,165.0,02,St. Lawrence
02NG019,True,,7721.0,7225,39.0,31.0,62.0,434.0,9.0,121.0,02,St. Lawrence
02OA002,True,,30425.0,28546,79.0,59.0,295.0,1584.0,21.0,947.0,02,St. Lawrence
02OA003,True,,22951.0,15280,2.0,1.0,1.0,7670.0,2.0,7670.0,02,St. Lawrence
02OA006,True,,303.0,279,1.0,0.0,0.0,24.0,2.0,24.0,02,St. Lawrence
02OA012,True,,20181.0,20181,0.0,0.0,0.0,0.0,1.0,0.0,02,St. Lawrence
02OA013,True,,38006.0,37314,87.0,76.0,216.0,476.0,12.0,271.0,02,St. Lawrence
02OA015,True,,5996.0,5840,1.0,0.0,0.0,156.0,2.0,156.0,02,St. Lawrence
02OA016,True,,33254.0,25581,3.0,2.0,3.0,7670.0,2.0,7670.0,02,St. Lawrence
02OA017,True,,14002.0,13937,4.0,2.0,17.0,48.0,3.0,32.0,02,St. Lawrence
02OA018,True,,10137.0,10124,2.0,2.0,13.0,0.0,1.0,7.0,02,St. Lawrence
02OA019,True,,10013.0,9660,11.0,8.0,25.0,328.0,4.0,151.0,02,St. Lawrence
02OA020,True,,12467.0,12191,25.0,20.0,104.0,172.0,6.0,50.0,02,St. Lawrence
02OA021,True,,9387.0,8042,33.0,29.0,111.0,1234.0,5.0,524.0,02,St. Lawrence
02OA026,True,,4486.0,4184,8.0,7.0,10.0,292.0,2.0,292.0,02,St. Lawrence
02OA028,True,,1778.0,1393,11.0,2.0,8.0,377.0,10.0,85.0,02,St. Lawrence
02OA032,True,,1603.0,1456,2.0,0.0,0.0,147.0,3.0,119.0,02,St. Lawrence
02OA033,True,,16801.0,12053,1.0,0.0,0.0,4748.0,2.0,4748.0,02,St. Lawrence
02OA038,True,,6516.0,4643,54.0,17.0,130.0,1743.0,38.0,122.0,02,St. Lawrence
02OA039,True,,39670.0,39091,70.0,64.0,175.0,404.0,7.0,280.0,02,St. Lawrence
02OA040,True,,28641.0,28414,40.0,37.0,71.0,156.0,4.0,64.0,02,St. Lawrence
02OA041,True,,19783.0,11776,95.0,71.0,319.0,7688.0,25.0,6700.0,02,St. Lawrence
02OA043,True,,14971.0,13432,42.0,37.0,159.0,1380.0,6.0,1190.0,02,St. Lawrence
02OA044,True,,13609.0,12354,68.0,46.0,199.0,1056.0,23.0,121.0,02,St. Lawrence
02OA045,True,,13770.0,13173,53.0,45.0,181.0,416.0,9.0,140.0,02,St. Lawrence
02OA046,True,,35794.0,35638,43.0,41.0,80.0,76.0,3.0,50.0,02,St. Lawrence
02OA047,True,,27639.0,22277,139.0,107.0,444.0,4918.0,33.0,1610.0,02,St. Lawrence
02OA048,True,,1002.0,911,1.0,0.0,0.0,91.0,2.0,91.0,02,St. Lawrence
02OA049,True,,22974.0,12910,92.0,74.0,260.0,9804.0,19.0,8956.0,02,St. Lawrence
02OA050,True,,41517.0,33883,158.0,130.0,433.0,7201.0,29.0,4177.0,02,St. Lawrence
02OA065,True,,365.0,365,0.0,0.0,0.0,0.0,1.0,0.0,02,St. Lawrence
02OA069,True,,4638.0,3982,2.0,0.0,0.0,656.0,3.0,475.0,02,St. Lawrence
02OA075,True,,6818.0,5909,39.0,20.0,79.0,830.0,20.0,91.0,02,St. Lawrence
02OA076,True,,3282.0,2613,23.0,12.0,58.0,611.0,12.0,145.0,02,St. Lawrence
02OA085,True,,253.0,253,0.0,0.0,0.0,0.0,1.0,0.0,02,St. Lawrence
02OA088,True,,14956.0,14602,94.0,88.0,166.0,188.0,7.0,45.0,02,St. Lawrence
02OA094,True,,8766.0,8408,242.0,240.0,314.0,44.0,3.0,27.0,02,St. Lawrence
02OA095,True,,8699.0,8395,128.0,126.0,143.0,161.0,3.0,142.0,02,St. Lawrence
02OA102,True,,8015.0,6120,26.0,20.0,44.0,1851.0,7.0,1081.0,02,St. Lawrence
02OA105,True,,13506.0,13091,29.0,28.0,36.0,379.0,2.0,379.0,02,St. Lawrence
02OA107,True,,5478.0,5472,2.0,2.0,6.0,0.0,1.0,5.0,02,St. Lawrence
02OB004,True,,16606.0,16536,16.0,15.0,48.0,22.0,2.0,22.0,02,St. Lawrence
02OB006,True,,11688.0,11577,13.0,11.0,49.0,62.0,3.0,31.0,02,St. Lawrence
02OB009,True,,15234.0,8616,44.0,18.0,62.0,6556.0,27.0,3814.0,02,St. Lawrence
02OB010,True,,13221.0,12215,54.0,47.0,166.0,840.0,8.0,525.0,02,St. Lawrence
02OB011,True,,46246.0,33512,81.0,55.0,193.0,12541.0,27.0,4795.0,02,St. Lawrence
02OB018,True,,1975.0,1818,10.0,7.0,36.0,121.0,4.0,60.0,02,St. Lawrence
02OB019,True,,5955.0,5390,27.0,14.0,85.0,480.0,14.0,112.0,02,St. Lawrence
02OB020,True,,1715.0,1683,5.0,5.0,32.0,0.0,1.0,9.0,02,St. Lawrence
02OB028,True,,4011.0,3019,25.0,6.0,36.0,956.0,20.0,228.0,02,St. Lawrence
02OB035,True,,6789.0,4827,44.0,27.0,35.0,1927.0,18.0,171.0,02,St. Lawrence
02OC003,True,,8492.0,4573,26.0,13.0,89.0,3830.0,14.0,3184.0,02,St. Lawrence
02OC006,True,,16801.0,16751,37.0,37.0,50.0,0.0,1.0,4.0,02,St. Lawrence
02OC007,True,,18653.0,16808,60.0,56.0,108.0,1737.0,5.0,1644.0,02,St. Lawrence
02OC009,True,,11622.0,10435,40.0,17.0,98.0,1089.0,24.0,124.0,02,St. Lawrence
02OC016,True,,11796.0,9694,90.0,61.0,277.0,1825.0,30.0,163.0,02,St. Lawrence
02OC019,True,,2153.0,1994,3.0,0.0,0.0,159.0,4.0,91.0,02,St. Lawrence
02OD004,True,,5109.0,4868,13.0,9.0,39.0,202.0,5.0,81.0,02,St. Lawrence
02OD008,True,,6161.0,5897,10.0,4.0,13.0,251.0,7.0,59.0,02,St. Lawrence
02OD009,True,,17362.0,17186,57.0,54.0,76.0,100.0,4.0,55.0,02,St. Lawrence
02OE004,True,,14139.0,12932,27.0,15.0,57.0,1150.0,13.0,274.0,02,St. Lawrence
02OE009,True,,5861.0,4157,828.0,827.0,1680.0,24.0,2.0,24.0,02,St. Lawrence
02OE010,True,,15406.0,14759,17.0,12.0,65.0,582.0,6.0,365.0,02,St. Lawrence
02OE012,True,,37792.0,37792,0.0,0.0,0.0,0.0,1.0,0.0,02,St. Lawrence
02OE015,True,,6275.0,5605,46.0,26.0,129.0,541.0,21.0,61.0,02,St. Lawrence
02OE024,True,,18901.0,18751,84.0,84.0,150.0,0.0,1.0,12.0,02,St. Lawrence
02OE025,True,,18901.0,18730,106.0,106.0,171.0,0.0,1.0,8.0,02,St. Lawrence
02OE040,True,,16369.0,16146,78.0,75.0,95.0,128.0,4.0,73.0,02,St. Lawrence
02OE043,True,,6727.0,6054,31.0,22.0,79.0,594.0,10.0,193.0,02,St. Lawrence
02OE045,True,,21107.0,17756,105.0,89.0,303.0,3048.0,17.0,2311.0,02,St. Lawrence
02OE066,True,,14220.0,13926,56.0,53.0,109.0,185.0,4.0,73.0,02,St. Lawrence
02OE070,True,,12804.0,12427,102.0,95.0,201.0,176.0,8.0,62.0,02,St. Lawrence
02OE071,True,,5409.0,5015,16.0,10.0,69.0,325.0,7.0,90.0,02,St. Lawrence
02OE072,True,,5813.0,5731,62.0,62.0,82.0,0.0,1.0,3.0,02,St. Lawrence
02OE073,True,,5573.0,5568,4.0,4.0,5.0,0.0,1.0,2.0,02,St. Lawrence
02OF001,True,,21562.0,21467,26.0,24.0,50.0,45.0,3.0,30.0,02,St. Lawrence
02OF009,True,,5012.0,4671,20.0,14.0,88.0,253.0,7.0,69.0,02,St. Lawrence
02OF010,True,,5511.0,5466,9.0,9.0,45.0,0.0,1.0,9.0,02,St. Lawrence
02OF014,True,,2460.0,1869,15.0,6.0,35.0,556.0,10.0,151.0,02,St. Lawrence
02OF015,True,,20235.0,19686,55.0,47.0,102.0,447.0,9.0,131.0,02,St. Lawrence
02OF023,True,,12147.0,11638,61.0,58.0,93.0,416.0,4.0,210.0,02,St. Lawrence
02OG005,True,,13306.0,11480,62.0,28.0,153.0,1673.0,35.0,226.0,02,St. Lawrence
02OG009,True,,16986.0,16330,83.0,78.0,169.0,487.0,6.0,195.0,02,St. Lawrence
02OG014,True,,11520.0,11423,58.0,57.0,72.0,25.0,2.0,25.0,02,St. Lawrence
02OG021,True,,10695.0,10373,5.0,3.0,28.0,294.0,3.0,253.0,02,St. Lawrence
02OG022,True,,6914.0,847,708.0,628.0,3112.0,2955.0,81.0,171.0,02,St. Lawrence
02OG024,True,,7732.0,7640,12.0,9.0,20.0,72.0,4.0,27.0,02,St. Lawrence
02OG038,True,,16832.0,13635,96.0,86.0,141.0,3056.0,11.0,1856.0,02,St. Lawrence
02OG044,True,,14207.0,13961,90.0,85.0,127.0,119.0,6.0,29.0,02,St. Lawrence
02OH001,True,,21594.0,21332,6.0,3.0,6.0,256.0,4.0,218.0,02,St. Lawrence
02OH004,True,,1821.0,1519,8.0,4.0,23.0,279.0,5.0,92.0,02,St. Lawrence
02OH008,True,,7453.0,7369,70.0,70.0,84.0,0.0,1.0,6.0,02,St. Lawrence
02OH009,True,,4336.0,3765,24.0,13.0,75.0,496.0,12.0,132.0,02,St. Lawrence
02OJ001,True,,21216.0,20699,3.0,0.0,0.0,517.0,4.0,212.0,02,St. Lawrence
02OJ006,True,,21611.0,21375,20.0,15.0,89.0,147.0,6.0,62.0,02,St. Lawrence
02OJ007,True,,8766.0,8756,4.0,4.0,10.0,0.0,1.0,5.0,02,St. Lawrence
02OJ012,True,,19638.0,18887,20.0,9.0,62.0,689.0,12.0,142.0,02,St. Lawrence
02OJ013,True,,19638.0,18230,53.0,41.0,179.0,1229.0,13.0,521.0,02,St. Lawrence
02OJ016,True,,18902.0,18674,10.0,4.0,17.0,211.0,7.0,43.0,02,St. Lawrence
02OJ018,True,,3277.0,3235,8.0,8.0,42.0,0.0,1.0,11.0,02,St. Lawrence
02OJ020,True,,36602.0,20998,102.0,53.0,184.0,15420.0,50.0,5753.0,02,St. Lawrence
02OJ021,True,,21344.0,10921,83.0,71.0,250.0,10173.0,13.0,8932.0,02,St. Lawrence
02OJ022,True,,36160.0,35894,64.0,61.0,173.0,93.0,4.0,33.0,02,St. Lawrence
02OJ027,True,,1096.0,1031,6.0,5.0,19.0,46.0,2.0,46.0,02,St. Lawrence
02OJ031,True,,1092.0,1052,3.0,2.0,21.0,19.0,2.0,19.0,02,St. Lawrence
02OJ034,True,,6196.0,5886,38.0,34.0,106.0,204.0,5.0,75.0,02,St. Lawrence
02PA005,True,,28004.0,15868,119.0,64.0,230.0,11906.0,56.0,4200.0,02,St. Lawrence
02PA009,True,,3955.0,3927,2.0,2.0,28.0,0.0,1.0,14.0,02,St. Lawrence
02PB003,True,,17319.0,15968,52.0,24.0,139.0,1212.0,29.0,170.0,02,St. Lawrence
02PB008,True,,7070.0,5460,41.0,28.0,47.0,1563.0,14.0,443.0,02,St. Lawrence
02PB020,True,,7071.0,6697,24.0,17.0,123.0,251.0,8.0,59.0,02,St. Lawrence
02PB036,True,,3915.0,3540,17.0,9.0,75.0,300.0,9.0,53.0,02,St. Lawrence
02PC004,True,,7943.0,7833,40.0,40.0,110.0,0.0,1.0,5.0,02,St. Lawrence
02PC005,True,,15107.0,10391,106.0,70.0,297.0,4419.0,37.0,181.0,02,St. Lawrence
02PC011,True,,366.0,366,0.0,0.0,0.0,0.0,1.0,0.0,02,St. Lawrence
02PC013,True,,2228.0,1976,6.0,2.0,15.0,237.0,5.0,103.0,02,St. Lawrence
02PC014,True,,2193.0,1714,5.0,2.0,20.0,459.0,4.0,272.0,02,St. Lawrence
02PD005,True,,2953.0,2877,3.0,2.0,20.0,56.0,2.0,56.0,02,St. Lawrence
02PD007,True,,4656.0,3686,360.0,354.0,849.0,121.0,7.0,31.0,02,St. Lawrence
02PD008,True,,7670.0,6107,224.0,215.0,579.0,984.0,10.0,730.0,02,St. Lawrence
02PD017,True,,6175.0,5838,38.0,34.0,255.0,82.0,5.0,27.0,02,St. Lawrence
02PD020,True,,4643.0,4020,8.0,3.0,23.0,600.0,6.0,182.0,02,St. Lawrence
02PF003,True,,5530.0,4965,22.0,9.0,58.0,507.0,14.0,94.0,02,St. Lawrence
02PG001,True,,15269.0,14815,121.0,114.0,196.0,258.0,8.0,62.0,02,St. Lawrence
02PG004,True,,2736.0,2247,19.0,7.0,50.0,439.0,13.0,104.0,02,St. Lawrence
02PG005,True,,4067.0,2689,26.0,11.0,52.0,1326.0,16.0,158.0,02,St. Lawrence
02PG007,True,,4042.0,4005,1.0,0.0,0.0,37.0,2.0,37.0,02,St. Lawrence
02PG008,True,,1827.0,1749,14.0,13.0,62.0,16.0,2.0,16.0,02,St. Lawrence
02PG009,True,,21823.0,21501,118.0,116.0,280.0,42.0,3.0,25.0,02,St. Lawrence
02PG014,True,,3142.0,1729,227.0,216.0,241.0,1172.0,12.0,153.0,02,St. Lawrence
02PG015,True,,3164.0,2995,3.0,1.0,14.0,155.0,3.0,85.0,02,St. Lawrence
02PG016,True,,3136.0,2103,18.0,6.0,35.0,998.0,13.0,132.0,02,St. Lawrence
02PG017,True,,6097.0,5236,41.0,27.0,166.0,695.0,15.0,93.0,02,St. Lawrence
02PG020,True,,8115.0,4429,39.0,11.0,42.0,3644.0,29.0,182.0,02,St. Lawrence
02PH002,True,,1030.0,1012,2.0,2.0,18.0,0.0,1.0,11.0,02,St. Lawrence
02PH003,True,,22964.0,22362,75.0,66.0,323.0,279.0,10.0,59.0,02,St. Lawrence
02PH004,True,,5427.0,3994,45.0,24.0,122.0,1311.0,22.0,205.0,02,St. Lawrence
02PJ001,True,,37894.0,36390,89.0,77.0,198.0,1306.0,13.0,957.0,02,St. Lawrence
02PJ002,True,,4274.0,4198,7.0,4.0,18.0,58.0,4.0,28.0,02,St. Lawrence
02PJ003,True,,24644.0,24456,26.0,21.0,49.0,139.0,6.0,39.0,02,St. Lawrence
02PJ004,True,,24659.0,13363,120.0,63.0,382.0,10914.0,58.0,933.0,02,St. Lawrence
02PJ005,True,,18901.0,18289,130.0,118.0,177.0,435.0,13.0,91.0,02,St. Lawrence
02PJ006,True,,28967.0,26657,122.0,111.0,194.0,2116.0,12.0,1353.0,02,St. Lawrence
02PJ007,True,,32178.0,26724,96.0,83.0,130.0,5324.0,14.0,4718.0,02,St. Lawrence
02PJ012,True,,18070.0,13449,163.0,152.0,404.0,4217.0,12.0,3766.0,02,St. Lawrence
02PJ013,True,,1123.0,1071,4.0,3.0,14.0,38.0,2.0,38.0,02,St. Lawrence
02PJ014,True,,16512.0,13169,184.0,178.0,354.0,2989.0,7.0,2804.0,02,St. Lawrence
02PJ015,True,,15659.0,15278,69.0,64.0,119.0,262.0,6.0,126.0,02,St. Lawrence
02PJ017,True,,3522.0,3161,44.0,39.0,107.0,254.0,6.0,167.0,02,St. Lawrence
02PJ020,True,,3084.0,2879,4.0,1.0,3.0,202.0,4.0,153.0,02,St. Lawrence
02PJ021,True,,3522.0,3469,20.0,18.0,22.0,31.0,3.0,16.0,02,St. Lawrence
02PJ022,True,,3522.0,3491,1.0,0.0,0.0,31.0,2.0,31.0,02,St. Lawrence
02PJ023,True,,2757.0,1565,28.0,15.0,73.0,1119.0,14.0,185.0,02,St. Lawrence
02PJ025,True,,2301.0,1656,8.0,0.0,0.0,645.0,9.0,112.0,02,St. Lawrence
02PK006,True,,1461.0,1461,0.0,0.0,0.0,0.0,1.0,0.0,02,St. Lawrence
02PL009,True,,6972.0,5536,36.0,25.0,31.0,1405.0,12.0,395.0,02,St. Lawrence
02QA001,True,,32527.0,12474,1269.0,1263.0,1359.0,18694.0,7.0,18516.0,02,St. Lawrence
02QA006,True,,7258.0,7238,8.0,8.0,20.0,0.0,1.0,8.0,02,St. Lawrence
02QA007,True,,16657.0,16173,23.0,17.0,55.0,429.0,7.0,159.0,02,St. Lawrence
02QA016,True,,751.0,676,2.0,1.0,1.0,74.0,2.0,74.0,02,St. Lawrence
02QB008,True,,19172.0,18398,64.0,49.0,99.0,675.0,16.0,190.0,02,St. Lawrence
02QB009,True,,11775.0,10011,37.0,14.0,78.0,1686.0,24.0,355.0,02,St. Lawrence
02QB010,True,,11349.0,8307,44.0,11.0,88.0,2954.0,34.0,605.0,02,St. Lawrence
02QB016,True,,8806.0,6670,26.0,5.0,42.0,2094.0,22.0,289.0,02,St. Lawrence
02QB018,True,,1465.0,1444,8.0,8.0,21.0,0.0,1.0,9.0,02,St. Lawrence
02RA001,True,,18628.0,18628,0.0,0.0,0.0,0.0,1.0,0.0,02,St. Lawrence
02RB001,True,,365.0,365,0.0,0.0,0.0,0.0,1.0,0.0,02,St. Lawrence
02RB004,True,,7852.0,5989,31.0,24.0,34.0,1829.0,8.0,1278.0,02,St. Lawrence
02RC002,True,,12289.0,4034,6.0,0.0,0.0,8255.0,7.0,3805.0,02,St. Lawrence
02RC005,True,,18628.0,18628,0.0,0.0,0.0,0.0,1.0,0.0,02,St. Lawrence
02RC007,True,,14050.0,4035,8.0,1.0,1.0,10014.0,8.0,3133.0,02,St. Lawrence
02RC008,True,,6119.0,6119,0.0,0.0,0.0,0.0,1.0,0.0,02,St. Lawrence
02RC009,True,,6119.0,6119,0.0,0.0,0.0,0.0,1.0,0.0,02,St. Lawrence
02RE003,True,,5059.0,3876,35.0,10.0,54.0,1129.0,26.0,104.0,02,St. Lawrence
02RE006,True,,6054.0,4687,46.0,16.0,89.0,1278.0,31.0,82.0,02,St. Lawrence
02RF002,True,,7158.0,5654,61.0,47.0,122.0,1382.0,15.0,357.0,02,St. Lawrence
02RG002,True,,4746.0,4587,80.0,79.0,144.0,15.0,2.0,15.0,02,St. Lawrence
02RG003,True,,4748.0,4723,19.0,19.0,25.0,0.0,1.0,3.0,02,St. Lawrence
02RG007,True,,21457.0,21192,75.0,70.0,171.0,94.0,6.0,25.0,02,St. Lawrence
02RG009,True,,5871.0,5022,20.0,3.0,14.0,835.0,18.0,92.0,02,St. Lawrence
02RG010,True,,5897.0,782,2.0,1.0,1.0,5114.0,2.0,5114.0,02,St. Lawrence
02RG013,True,,4018.0,3934,42.0,41.0,57.0,27.0,2.0,27.0,02,St. Lawrence
02RG014,True,,713.0,699,3.0,3.0,14.0,0.0,1.0,6.0,02,St. Lawrence
02RG015,True,,10177.0,8267,81.0,44.0,242.0,1668.0,38.0,316.0,02,St. Lawrence
02RG016,True,,3104.0,3028,6.0,4.0,21.0,55.0,3.0,30.0,02,St. Lawrence
02RG019,True,,7218.0,6403,37.0,15.0,117.0,698.0,23.0,93.0,02,St. Lawrence
02RG020,True,,13534.0,13032,50.0,46.0,91.0,411.0,5.0,332.0,02,St. Lawrence
02RH002,True,,41546.0,40375,726.0,725.0,897.0,274.0,2.0,274.0,02,St. Lawrence
02RH004,True,,5752.0,5725,11.0,11.0,27.0,0.0,1.0,11.0,02,St. Lawrence
02RH005,True,,329.0,276,20.0,20.0,53.0,0.0,1.0,14.0,02,St. Lawrence
02RH014,True,,20727.0,18068,55.0,52.0,54.0,2605.0,4.0,2465.0,02,St. Lawrence
02RH017,True,,4018.0,4018,0.0,0.0,0.0,0.0,1.0,0.0,02,St. Lawrence
02RH018,True,,6119.0,6119,0.0,0.0,0.0,0.0,1.0,0.0,02,St. Lawrence
02RH019,True,,6119.0,6119,0.0,0.0,0.0,0.0,1.0,0.0,02,St. Lawrence
02RH020,True,,6119.0,6119,0.0,0.0,0.0,0.0,1.0,0.0,02,St. Lawrence
02RH028,True,,5107.0,3767,37.0,14.0,117.0,1223.0,24.0,271.0,02,St. Lawrence
02SB002,True,,10957.0,10724,6.0,5.0,20.0,213.0,2.0,213.0,02,St. Lawrence
02TB001,True,,7213.0,7213,0.0,0.0,0.0,0.0,1.0,0.0,02,St. Lawrence
02TC002,True,,10957.0,10449,58.0,53.0,191.0,317.0,6.0,213.0,02,St. Lawrence
02TC004,True,,4475.0,4234,10.0,8.0,32.0,209.0,3.0,189.0,02,St. Lawrence
02TE002,True,,4475.0,4261,2.0,1.0,1.0,213.0,2.0,213.0,02,St. Lawrence
02TE003,True,,4475.0,4259,3.0,2.0,3.0,213.0,2.0,213.0,02,St. Lawrence
02UC005,True,,1390.0,1390,0.0,0.0,0.0,0.0,1.0,0.0,02,St. Lawrence
02VB004,True,,12800.0,12045,255.0,248.0,435.0,320.0,8.0,94.0,02,St. Lawrence
02XA003,True,,4383.0,4291,4.0,1.0,1.0,91.0,4.0,38.0,02,St. Lawrence
02XA007,True,,3962.0,3635,17.0,11.0,39.0,288.0,7.0,90.0,02,St. Lawrence
02XB002,True,,3965.0,3857,13.0,11.0,27.0,81.0,3.0,62.0,02,St. Lawrence
02YA002,True,,4748.0,4640,11.0,9.0,19.0,89.0,3.0,51.0,02,St. Lawrence
02YC001,True,,4748.0,4628,10.0,8.0,46.0,74.0,3.0,59.0,02,St. Lawrence
02YD002,True,,4748.0,4741,1.0,1.0,7.0,0.0,1.0,7.0,02,St. Lawrence
02YE001,True,,4748.0,4445,22.0,17.0,21.0,282.0,6.0,89.0,02,St. Lawrence
02YF002,True,,10592.0,10592,0.0,0.0,0.0,0.0,1.0,0.0,02,St. Lawrence
02YG001,True,,4748.0,4607,12.0,11.0,18.0,123.0,2.0,123.0,02,St. Lawrence
02YJ001,True,,4748.0,4741,2.0,2.0,7.0,0.0,1.0,6.0,02,St. Lawrence
02YK002,True,,4748.0,4600,9.0,4.0,29.0,119.0,6.0,44.0,02,St. Lawrence
02YK005,True,,4748.0,4698,6.0,5.0,21.0,29.0,2.0,29.0,02,St. Lawrence
02YK008,True,,4748.0,4740,1.0,1.0,8.0,0.0,1.0,8.0,02,St. Lawrence
02YK009,True,,853.0,840,1.0,1.0,13.0,0.0,1.0,13.0,02,St. Lawrence
02YK010,True,,13023.0,12741,15.0,8.0,53.0,229.0,8.0,67.0,02,St. Lawrence
02YL001,True,,4748.0,4738,3.0,3.0,10.0,0.0,1.0,7.0,02,St. Lawrence
02YL003,True,,4748.0,4735,3.0,3.0,13.0,0.0,1.0,6.0,02,St. Lawrence
02YL004,True,,4748.0,4718,7.0,7.0,30.0,0.0,1.0,14.0,02,St. Lawrence
02YL005,True,,4748.0,4743,1.0,1.0,5.0,0.0,1.0,5.0,02,St. Lawrence
02YL006,True,,1064.0,990,6.0,5.0,42.0,32.0,2.0,32.0,02,St. Lawrence
02YL007,True,,13514.0,13453,3.0,1.0,3.0,58.0,3.0,39.0,02,St. Lawrence
02YL008,True,,4748.0,4576,4.0,2.0,14.0,158.0,3.0,125.0,02,St. Lawrence
02YL009,True,,12410.0,12371,4.0,3.0,13.0,26.0,2.0,26.0,02,St. Lawrence
02YL011,True,,2707.0,2700,5.0,5.0,7.0,0.0,1.0,3.0,02,St. Lawrence
02YL012,True,,2187.0,2187,0.0,0.0,0.0,0.0,1.0,0.0,02,St. Lawrence
02YM003,True,,4748.0,4748,0.0,0.0,0.0,0.0,1.0,0.0,02,St. Lawrence
02YM004,True,,4748.0,4651,26.0,25.0,74.0,23.0,2.0,23.0,02,St. Lawrence
02YN002,True,,4748.0,4686,3.0,2.0,10.0,52.0,2.0,52.0,02,St. Lawrence
02YN004,True,,4748.0,4727,5.0,4.0,4.0,17.0,2.0,17.0,02,St. Lawrence
02YN005,True,,7305.0,7213,4.0,1.0,2.0,90.0,4.0,54.0,02,St. Lawrence
02YO006,True,,4748.0,4725,4.0,4.0,23.0,0.0,1.0,13.0,02,St. Lawrence
02YO008,True,,4748.0,4653,5.0,4.0,13.0,82.0,2.0,82.0,02,St. Lawrence
02YO011,True,,4748.0,4715,5.0,5.0,33.0,0.0,1.0,12.0,02,St. Lawrence
02YO012,True,,4729.0,4721,2.0,2.0,8.0,0.0,1.0,6.0,02,St. Lawrence
02YO013,True,,7305.0,7268,3.0,2.0,7.0,30.0,2.0,30.0,02,St. Lawrence
02YO014,True,,4473.0,4395,17.0,16.0,56.0,22.0,2.0,22.0,02,St. Lawrence
02YO015,True,,4473.0,4278,12.0,9.0,40.0,155.0,4.0,112.0,02,St. Lawrence
02YO016,True,,4748.0,4668,3.0,1.0,2.0,78.0,3.0,60.0,02,St. Lawrence
02YO017,True,,5150.0,4989,5.0,2.0,11.0,150.0,4.0,79.0,02,St. Lawrence
02YO018,True,,4748.0,4497,3.0,0.0,0.0,251.0,4.0,217.0,02,St. Lawrence
02YO019,True,,2027.0,2026,1.0,1.0,1.0,0.0,1.0,1.0,02,St. Lawrence
02YQ001,True,,4748.0,4600,16.0,12.0,54.0,94.0,5.0,31.0,02,St. Lawrence
02YQ005,True,,4748.0,4378,20.0,19.0,34.0,336.0,2.0,336.0,02,St. Lawrence
02YR001,True,,4383.0,4382,1.0,1.0,1.0,0.0,1.0,1.0,02,St. Lawrence
02YR003,True,,4748.0,4660,9.0,7.0,28.0,60.0,3.0,37.0,02,St. Lawrence
02YR004,True,,4748.0,4692,4.0,3.0,23.0,33.0,2.0,33.0,02,St. Lawrence
02YS003,True,,4383.0,4297,8.0,7.0,51.0,35.0,2.0,35.0,02,St. Lawrence
02YS005,True,,4748.0,4721,14.0,14.0,27.0,0.0,1.0,6.0,02,St. Lawrence
02YS006,True,,4383.0,4282,10.0,7.0,29.0,72.0,4.0,36.0,02,St. Lawrence
02ZA002,True,,4748.0,4737,2.0,2.0,11.0,0.0,1.0,6.0,02,St. Lawrence
02ZB001,True,,4748.0,4655,11.0,9.0,40.0,53.0,3.0,37.0,02,St. Lawrence
02ZC002,True,,4748.0,4415,4.0,0.0,0.0,333.0,5.0,126.0,02,St. Lawrence
02ZC003,True,,4567.0,2406,13.0,1.0,4.0,2157.0,13.0,182.0,02,St. Lawrence
02ZC004,True,,8035.0,8035,0.0,0.0,0.0,0.0,1.0,0.0,02,St. Lawrence
02ZD002,True,,4748.0,4503,21.0,15.0,60.0,185.0,7.0,82.0,02,St. Lawrence
02ZD003,True,,7404.0,7401,2.0,2.0,3.0,0.0,1.0,2.0,02,St. Lawrence
02ZE004,True,,4748.0,4728,8.0,8.0,20.0,0.0,1.0,12.0,02,St. Lawrence
02ZE005,True,,1356.0,1356,0.0,0.0,0.0,0.0,1.0,0.0,02,St. Lawrence
02ZF001,True,,4383.0,4383,0.0,0.0,0.0,0.0,1.0,0.0,02,St. Lawrence
02ZG001,True,,4378.0,4322,6.0,5.0,37.0,19.0,2.0,19.0,02,St. Lawrence
02ZG003,True,,4383.0,4260,8.0,5.0,30.0,93.0,4.0,39.0,02,St. Lawrence
02ZG004,True,,4383.0,4206,20.0,17.0,105.0,72.0,4.0,29.0,02,St. Lawrence
02ZG007,True,,1850.0,1836,8.0,8.0,14.0,0.0,1.0,7.0,02,St. Lawrence
02ZH001,True,,4383.0,4347,7.0,6.0,13.0,23.0,2.0,23.0,02,St. Lawrence
02ZH002,True,,4748.0,4722,7.0,7.0,26.0,0.0,1.0,12.0,02,St. Lawrence
02ZJ001,True,,4383.0,4373,6.0,6.0,10.0,0.0,1.0,4.0,02,St. Lawrence
02ZJ002,True,,4383.0,4348,4.0,3.0,15.0,20.0,2.0,20.0,02,St. Lawrence
02ZJ003,True,,4383.0,4357,4.0,3.0,8.0,18.0,2.0,18.0,02,St. Lawrence
02ZK001,True,,4748.0,4718,7.0,7.0,30.0,0.0,1.0,10.0,02,St. Lawrence
02ZK002,True,,4748.0,4729,10.0,10.0,19.0,0.0,1.0,5.0,02,St. Lawrence
02ZK003,True,,3408.0,3389,4.0,4.0,19.0,0.0,1.0,13.0,02,St. Lawrence
02ZK004,True,,4170.0,4100,17.0,16.0,36.0,34.0,2.0,34.0,02,St. Lawrence
02ZK006,True,,4748.0,4607,22.0,18.0,44.0,97.0,5.0,29.0,02,St. Lawrence
02ZK007,True,,6209.0,6174,3.0,2.0,18.0,17.0,2.0,17.0,02,St. Lawrence
02ZK008,True,,4748.0,4534,29.0,25.0,100.0,114.0,5.0,36.0,02,St. Lawrence
02ZL004,True,,4748.0,4742,3.0,3.0,6.0,0.0,1.0,3.0,02,St. Lawrence
02ZL005,True,,4748.0,4694,14.0,12.0,15.0,39.0,3.0,23.0,02,St. Lawrence
02ZM006,True,,4383.0,4345,7.0,7.0,38.0,0.0,1.0,13.0,02,St. Lawrence
02ZM008,True,,4383.0,4353,3.0,2.0,7.0,23.0,2.0,23.0,02,St. Lawrence
02ZM009,True,,4383.0,4352,7.0,6.0,15.0,16.0,2.0,16.0,02,St. Lawrence
02ZM016,True,,4748.0,4347,7.0,5.0,24.0,377.0,3.0,357.0,02,St. Lawrence
02ZM018,True,,4383.0,4327,6.0,5.0,24.0,32.0,2.0,32.0,02,St. Lawrence
02ZM020,True,,4383.0,4353,6.0,5.0,9.0,21.0,2.0,21.0,02,St. Lawrence
02ZM022,True,,2534.0,2309,20.0,14.0,42.0,183.0,7.0,43.0,02,St. Lawrence
02ZM023,True,,1332.0,1331,1.0,1.0,1.0,0.0,1.0,1.0,02,St. Lawrence
02ZM024,True,,1326.0,1316,4.0,4.0,10.0,0.0,1.0,3.0,02,St. Lawrence
02ZN002,True,,4383.0,4252,10.0,8.0,32.0,99.0,3.0,75.0,02,St. Lawrence
03AA003,True,,2643.0,2431,3.0,2.0,8.0,204.0,2.0,204.0,03,N. Quebec & Labrador
03AA004,True,,2678.0,2658,3.0,3.0,20.0,0.0,1.0,14.0,03,N. Quebec & Labrador
03AA005,True,,1656.0,1338,5.0,3.0,20.0,298.0,3.0,242.0,03,N. Quebec & Labrador
03AA006,True,,1656.0,1347,4.0,2.0,11.0,298.0,3.0,242.0,03,N. Quebec & Labrador
03AA007,True,,6529.0,4524,27.0,10.0,52.0,1953.0,18.0,895.0,03,N. Quebec & Labrador
03AB001,True,,5731.0,4905,139.0,128.0,257.0,569.0,12.0,186.0,03,N. Quebec & Labrador
03AC010,True,,1458.0,421,9.0,3.0,30.0,1007.0,7.0,531.0,03,N. Quebec & Labrador
03AD002,True,,2305.0,1183,32.0,8.0,38.0,1084.0,25.0,89.0,03,N. Quebec & Labrador
03BA001,True,,11930.0,5531,1309.0,1261.0,3557.0,2842.0,49.0,291.0,03,N. Quebec & Labrador
03BC001,True,,11938.0,7253,253.0,179.0,556.0,4129.0,75.0,285.0,03,N. Quebec & Labrador
03BD002,True,,15064.0,6682,29.0,18.0,56.0,8326.0,12.0,6215.0,03,N. Quebec & Labrador
03CE002,True,,750.0,665,3.0,1.0,10.0,75.0,3.0,40.0,03,N. Quebec & Labrador
03DA001,True,,12148.0,10348,35.0,12.0,49.0,1751.0,24.0,166.0,03,N. Quebec & Labrador
03DC004,True,,243.0,243,0.0,0.0,0.0,0.0,1.0,0.0,03,N. Quebec & Labrador
03DC005,True,,703.0,500,4.0,1.0,13.0,190.0,4.0,117.0,03,N. Quebec & Labrador
03DE005,True,,2060.0,1777,16.0,10.0,52.0,231.0,7.0,55.0,03,N. Quebec & Labrador
03DE006,True,,4442.0,195,75.0,5.0,23.0,4224.0,71.0,257.0,03,N. Quebec & Labrador
03EA002,True,,11269.0,6184,87.0,12.0,85.0,5000.0,76.0,330.0,03,N. Quebec & Labrador
03FB001,True,,6911.0,6016,61.0,48.0,139.0,756.0,14.0,99.0,03,N. Quebec & Labrador
03FC008,True,,14423.0,12042,81.0,52.0,166.0,2215.0,30.0,380.0,03,N. Quebec & Labrador
03GD002,True,,283.0,165,3.0,1.0,11.0,107.0,3.0,67.0,03,N. Quebec & Labrador
03GD003,True,,1764.0,571,15.0,7.0,29.0,1164.0,9.0,325.0,03,N. Quebec & Labrador
03HA002,False,n_obs<100,,49,,,,,,,03,N. Quebec & Labrador
03HA016,True,,2171.0,569,25.0,12.0,44.0,1558.0,14.0,370.0,03,N. Quebec & Labrador
03HB001,True,,2240.0,1383,17.0,5.0,21.0,836.0,13.0,225.0,03,N. Quebec & Labrador
03HB002,True,,1801.0,870,12.0,3.0,12.0,919.0,10.0,257.0,03,N. Quebec & Labrador
03JA002,True,,5401.0,3370,23.0,2.0,11.0,2020.0,22.0,868.0,03,N. Quebec & Labrador
03JB004,True,,8056.0,2407,19.0,16.0,24.0,5625.0,4.0,5486.0,03,N. Quebec & Labrador
03LB003,True,,2706.0,2706,0.0,0.0,0.0,0.0,1.0,0.0,03,N. Quebec & Labrador
03LB005,True,,1212.0,1212,0.0,0.0,0.0,0.0,1.0,0.0,03,N. Quebec & Labrador
03LD004,True,,7671.0,6752,34.0,20.0,79.0,840.0,15.0,193.0,03,N. Quebec & Labrador
03MA002,True,,742.0,332,6.0,1.0,12.0,398.0,6.0,115.0,03,N. Quebec & Labrador
03MB001,True,,7387.0,6010,28.0,12.0,57.0,1320.0,17.0,239.0,03,N. Quebec & Labrador
03MC001,True,,3940.0,1005,4.0,1.0,10.0,2925.0,4.0,2610.0,03,N. Quebec & Labrador
03NE001,True,,4748.0,4318,9.0,4.0,28.0,402.0,6.0,189.0,03,N. Quebec & Labrador
03NE002,True,,4247.0,3793,23.0,19.0,49.0,405.0,5.0,169.0,03,N. Quebec & Labrador
03NE003,True,,10428.0,8617,38.0,32.0,84.0,1727.0,7.0,1096.0,03,N. Quebec & Labrador
03NE007,True,,894.0,885,6.0,6.0,9.0,0.0,1.0,3.0,03,N. Quebec & Labrador
03NE008,True,,523.0,523,0.0,0.0,0.0,0.0,1.0,0.0,03,N. Quebec & Labrador
03NE011,True,,3288.0,2407,12.0,4.0,8.0,873.0,9.0,159.0,03,N. Quebec & Labrador
03NE012,True,,3287.0,2217,27.0,16.0,60.0,1010.0,12.0,163.0,03,N. Quebec & Labrador
03NE013,True,,885.0,870,8.0,8.0,15.0,0.0,1.0,4.0,03,N. Quebec & Labrador
03NF001,True,,4748.0,4459,12.0,6.0,18.0,271.0,7.0,147.0,03,N. Quebec & Labrador
03OA002,True,,4748.0,4747,1.0,1.0,1.0,0.0,1.0,1.0,03,N. Quebec & Labrador
03OA005,True,,8401.0,6936,19.0,13.0,35.0,1430.0,7.0,1096.0,03,N. Quebec & Labrador
03OA006,True,,498.0,498,0.0,0.0,0.0,0.0,1.0,0.0,03,N. Quebec & Labrador
03OA008,True,,730.0,730,0.0,0.0,0.0,0.0,1.0,0.0,03,N. Quebec & Labrador
03OA010,True,,1840.0,1533,8.0,3.0,3.0,304.0,6.0,110.0,03,N. Quebec & Labrador
03OA012,True,,4375.0,4319,1.0,0.0,0.0,56.0,2.0,56.0,03,N. Quebec & Labrador
03OA014,True,,6209.0,5816,26.0,20.0,39.0,354.0,7.0,132.0,03,N. Quebec & Labrador
03OA015,True,,3731.0,3139,29.0,20.0,48.0,544.0,10.0,162.0,03,N. Quebec & Labrador
03OA016,True,,2033.0,1227,32.0,27.0,64.0,742.0,6.0,251.0,03,N. Quebec & Labrador
03OA017,True,,2395.0,1703,23.0,18.0,42.0,650.0,6.0,276.0,03,N. Quebec & Labrador
03OB004,True,,1993.0,1707,20.0,17.0,47.0,239.0,4.0,145.0,03,N. Quebec & Labrador
03OB005,True,,1309.0,1124,7.0,3.0,5.0,180.0,5.0,73.0,03,N. Quebec & Labrador
03OB006,True,,2278.0,1340,48.0,30.0,106.0,832.0,19.0,157.0,03,N. Quebec & Labrador
03OB007,True,,4459.0,3605,45.0,31.0,150.0,704.0,15.0,169.0,03,N. Quebec & Labrador
03OB008,True,,679.0,498,9.0,7.0,10.0,171.0,3.0,123.0,03,N. Quebec & Labrador
03OB009,True,,337.0,223,2.0,1.0,12.0,102.0,2.0,102.0,03,N. Quebec & Labrador
03OC003,True,,4018.0,3625,40.0,37.0,75.0,318.0,4.0,155.0,03,N. Quebec & Labrador
03OC007,True,,827.0,827,0.0,0.0,0.0,0.0,1.0,0.0,03,N. Quebec & Labrador
03OD007,True,,1244.0,839,4.0,1.0,2.0,403.0,4.0,160.0,03,N. Quebec & Labrador
03OD008,True,,4748.0,3287,22.0,18.0,25.0,1436.0,5.0,1083.0,03,N. Quebec & Labrador
03OD009,True,,4748.0,3613,3.0,1.0,1.0,1134.0,3.0,1071.0,03,N. Quebec & Labrador
03OD010,True,,1906.0,1902,3.0,3.0,4.0,0.0,1.0,2.0,03,N. Quebec & Labrador
03OE001,True,,2143.0,2036,6.0,5.0,10.0,97.0,2.0,97.0,03,N. Quebec & Labrador
03OE003,True,,1374.0,1154,5.0,3.0,7.0,213.0,3.0,154.0,03,N. Quebec & Labrador
03OE004,True,,736.0,619,5.0,2.0,17.0,100.0,4.0,46.0,03,N. Quebec & Labrador
03OE005,True,,5864.0,3438,47.0,13.0,73.0,2353.0,35.0,223.0,03,N. Quebec & Labrador
03OE006,True,,3683.0,1420,36.0,5.0,20.0,2243.0,32.0,205.0,03,N. Quebec & Labrador
03OE007,True,,5506.0,2573,32.0,10.0,55.0,2878.0,23.0,292.0,03,N. Quebec & Labrador
03OE008,True,,2481.0,1910,10.0,2.0,16.0,555.0,9.0,180.0,03,N. Quebec & Labrador
03OE010,True,,2716.0,2669,5.0,4.0,10.0,37.0,2.0,37.0,03,N. Quebec & Labrador
03OE011,True,,4748.0,3520,21.0,13.0,36.0,1192.0,9.0,196.0,03,N. Quebec & Labrador
03OE012,True,,3080.0,3080,0.0,0.0,0.0,0.0,1.0,0.0,03,N. Quebec & Labrador
03OE013,True,,5113.0,4860,26.0,20.0,38.0,215.0,7.0,104.0,03,N. Quebec & Labrador
03OE014,True,,5573.0,5457,7.0,6.0,22.0,94.0,2.0,94.0,03,N. Quebec & Labrador
03OE015,True,,1392.0,1280,5.0,3.0,3.0,109.0,3.0,67.0,03,N. Quebec & Labrador
03OE016,True,,798.0,775,1.0,0.0,0.0,23.0,2.0,23.0,03,N. Quebec & Labrador
03OE017,True,,2260.0,2260,0.0,0.0,0.0,0.0,1.0,0.0,03,N. Quebec & Labrador
03OE018,True,,2021.0,2007,7.0,7.0,14.0,0.0,1.0,4.0,03,N. Quebec & Labrador
03OE019,True,,2025.0,1541,11.0,6.0,11.0,473.0,6.0,146.0,03,N. Quebec & Labrador
03PB002,True,,530.0,529,1.0,1.0,1.0,0.0,1.0,1.0,03,N. Quebec & Labrador
03PC001,True,,4842.0,4816,6.0,6.0,26.0,0.0,1.0,10.0,03,N. Quebec & Labrador
03PD001,True,,3590.0,2203,16.0,7.0,40.0,1347.0,10.0,335.0,03,N. Quebec & Labrador
03PD002,True,,1384.0,1384,0.0,0.0,0.0,0.0,1.0,0.0,03,N. Quebec & Labrador
03QC001,True,,4748.0,4479,8.0,3.0,12.0,257.0,6.0,96.0,03,N. Quebec & Labrador
03QC002,True,,4748.0,4616,6.0,5.0,9.0,123.0,2.0,123.0,03,N. Quebec & Labrador
03QC003,True,,1455.0,1312,2.0,1.0,1.0,142.0,2.0,142.0,03,N. Quebec & Labrador
03QC004,True,,1166.0,1166,0.0,0.0,0.0,0.0,1.0,0.0,03,N. Quebec & Labrador
04AA002,True,,12267.0,10158,40.0,14.0,28.0,2081.0,27.0,249.0,04,SW Hudson Bay
04AA003,True,,19571.0,16798,41.0,1.0,5.0,2768.0,41.0,374.0,04,SW Hudson Bay
04AA004,True,,366.0,366,0.0,0.0,0.0,0.0,1.0,0.0,04,SW Hudson Bay
04AB001,True,,8021.0,6015,39.0,16.0,71.0,1935.0,24.0,202.0,04,SW Hudson Bay
04AB719,True,,2744.0,2042,28.0,17.0,43.0,659.0,12.0,125.0,04,SW Hudson Bay
04AC001,True,,18212.0,4964,299.0,267.0,718.0,12530.0,33.0,6837.0,04,SW Hudson Bay
04AC002,True,,22505.0,18003,234.0,192.0,411.0,4091.0,43.0,2068.0,04,SW Hudson Bay
04AC003,True,,2086.0,2030,10.0,9.0,40.0,16.0,2.0,16.0,04,SW Hudson Bay
04AC004,True,,10929.0,9142,71.0,56.0,183.0,1604.0,16.0,776.0,04,SW Hudson Bay
04AC006,True,,12493.0,9838,69.0,30.0,153.0,2502.0,40.0,383.0,04,SW Hudson Bay
04AC008,True,,4957.0,3671,438.0,426.0,544.0,742.0,13.0,129.0,04,SW Hudson Bay
04AD002,True,,8007.0,5110,43.0,14.0,31.0,2866.0,30.0,795.0,04,SW Hudson Bay
04CA001,True,,6997.0,6661,40.0,36.0,54.0,282.0,5.0,151.0,04,SW Hudson Bay
04CA002,True,,6209.0,5879,25.0,19.0,58.0,272.0,7.0,121.0,04,SW Hudson Bay
04CA003,True,,8035.0,7356,24.0,16.0,40.0,639.0,9.0,158.0,04,SW Hudson Bay
04CA004,True,,4519.0,4145,7.0,3.0,6.0,368.0,5.0,240.0,04,SW Hudson Bay
04CA005,True,,4519.0,4484,1.0,0.0,0.0,35.0,2.0,35.0,04,SW Hudson Bay
04CB001,True,,6209.0,6096,4.0,2.0,14.0,99.0,3.0,81.0,04,SW Hudson Bay
04CC002,True,,272.0,265,2.0,2.0,7.0,0.0,1.0,6.0,04,SW Hudson Bay
04CE001,True,,8523.0,3280,104.0,45.0,130.0,5113.0,60.0,890.0,04,SW Hudson Bay
04DA001,True,,10592.0,8467,13.0,7.0,11.0,2114.0,7.0,1854.0,04,SW Hudson Bay
04DA002,True,,3763.0,3715,7.0,6.0,20.0,28.0,2.0,28.0,04,SW Hudson Bay
04DA003,True,,1371.0,650,67.0,55.0,247.0,474.0,13.0,54.0,04,SW Hudson Bay
04DA004,True,,625.0,304,43.0,40.0,104.0,217.0,4.0,115.0,04,SW Hudson Bay
04DB001,True,,7955.0,7617,6.0,2.0,4.0,334.0,5.0,173.0,04,SW Hudson Bay
04DB003,True,,645.0,221,30.0,27.0,86.0,338.0,4.0,267.0,04,SW Hudson Bay
04DC001,True,,10592.0,8749,24.0,15.0,50.0,1793.0,10.0,1096.0,04,SW Hudson Bay
04DC002,True,,8035.0,7672,17.0,14.0,45.0,318.0,4.0,209.0,04,SW Hudson Bay
04EA001,True,,4508.0,3526,35.0,24.0,89.0,893.0,12.0,163.0,04,SW Hudson Bay
04ED001,True,,397.0,397,0.0,0.0,0.0,0.0,1.0,0.0,04,SW Hudson Bay
04FA001,True,,6209.0,6073,18.0,17.0,75.0,61.0,2.0,61.0,04,SW Hudson Bay
04FA002,True,,4549.0,4473,12.0,10.0,28.0,48.0,3.0,32.0,04,SW Hudson Bay
04FA003,True,,8035.0,7854,8.0,4.0,9.0,172.0,5.0,64.0,04,SW Hudson Bay
04FB001,True,,4152.0,4085,5.0,4.0,13.0,54.0,2.0,54.0,04,SW Hudson Bay
04FB002,True,,2292.0,803,119.0,106.0,254.0,1235.0,14.0,834.0,04,SW Hudson Bay
04FC001,True,,9862.0,8240,50.0,42.0,151.0,1471.0,9.0,1105.0,04,SW Hudson Bay
04FC002,True,,5591.0,4812,49.0,33.0,65.0,714.0,17.0,130.0,04,SW Hudson Bay
04FC003,True,,3375.0,3070,10.0,7.0,45.0,260.0,4.0,147.0,04,SW Hudson Bay
04GA002,True,,10582.0,8602,9.0,3.0,31.0,1949.0,7.0,1096.0,04,SW Hudson Bay
04GA003,True,,4547.0,4499,10.0,9.0,29.0,19.0,2.0,19.0,04,SW Hudson Bay
04GA004,True,,22188.0,20301,402.0,397.0,1775.0,112.0,6.0,33.0,04,SW Hudson Bay
04GB002,True,,18812.0,18006,8.0,5.0,23.0,783.0,4.0,731.0,04,SW Hudson Bay
04GB003,True,,18798.0,18033,28.0,12.0,50.0,715.0,17.0,149.0,04,SW Hudson Bay
04GB004,True,,10592.0,8717,11.0,3.0,8.0,1867.0,9.0,1096.0,04,SW Hudson Bay
04GB005,True,,6209.0,6180,8.0,8.0,29.0,0.0,1.0,12.0,04,SW Hudson Bay
04GC001,True,,2297.0,112,87.0,56.0,87.0,2098.0,32.0,474.0,04,SW Hudson Bay
04GC002,True,,6209.0,5967,5.0,1.0,12.0,230.0,5.0,105.0,04,SW Hudson Bay
04GD001,True,,4472.0,4158,7.0,2.0,8.0,306.0,6.0,122.0,04,SW Hudson Bay
04HA001,True,,10227.0,9342,34.0,27.0,61.0,824.0,8.0,366.0,04,SW Hudson Bay
04HA002,True,,4110.0,3025,57.0,40.0,167.0,918.0,18.0,122.0,04,SW Hudson Bay
04HA003,True,,2320.0,2063,29.0,26.0,86.0,171.0,4.0,87.0,04,SW Hudson Bay
04JC002,True,,8035.0,7155,52.0,40.0,144.0,736.0,13.0,227.0,04,SW Hudson Bay
04JD001,True,,25808.0,23357,17.0,16.0,66.0,2385.0,2.0,2385.0,04,SW Hudson Bay
04JD005,True,,7641.0,7621,3.0,2.0,4.0,16.0,2.0,16.0,04,SW Hudson Bay
04JD006,True,,6574.0,6574,0.0,0.0,0.0,0.0,1.0,0.0,04,SW Hudson Bay
04JF001,True,,5575.0,5486,1.0,0.0,0.0,89.0,2.0,89.0,04,SW Hudson Bay
04JG001,True,,5611.0,5025,19.0,9.0,23.0,563.0,11.0,116.0,04,SW Hudson Bay
04KA001,True,,8035.0,7483,48.0,39.0,168.0,384.0,10.0,123.0,04,SW Hudson Bay
04LA002,True,,9496.0,9077,18.0,11.0,26.0,393.0,8.0,140.0,04,SW Hudson Bay
04LA003,True,,8035.0,8020,1.0,0.0,0.0,15.0,2.0,15.0,04,SW Hudson Bay
04LA004,True,,8339.0,7748,17.0,12.0,55.0,536.0,6.0,181.0,04,SW Hudson Bay
04LA005,True,,7782.0,7727,4.0,2.0,14.0,41.0,3.0,25.0,04,SW Hudson Bay
04LA006,True,,6061.0,5987,4.0,2.0,6.0,68.0,3.0,51.0,04,SW Hudson Bay
04LB002,True,,4439.0,3942,31.0,25.0,116.0,381.0,7.0,162.0,04,SW Hudson Bay
04LC002,True,,8469.0,8334,6.0,2.0,9.0,126.0,5.0,55.0,04,SW Hudson Bay
04LC003,True,,8035.0,7480,14.0,7.0,30.0,525.0,8.0,202.0,04,SW Hudson Bay
04LD001,True,,5700.0,5450,12.0,6.0,28.0,222.0,7.0,86.0,04,SW Hudson Bay
04LE002,True,,6095.0,6015,4.0,1.0,1.0,79.0,4.0,37.0,04,SW Hudson Bay
04LF001,True,,5609.0,5553,4.0,2.0,12.0,44.0,3.0,23.0,04,SW Hudson Bay
04LG004,True,,9496.0,8481,53.0,39.0,134.0,881.0,15.0,141.0,04,SW Hudson Bay
04LG005,True,,1415.0,1412,1.0,1.0,3.0,0.0,1.0,3.0,04,SW Hudson Bay
04LJ001,True,,8035.0,7860,14.0,8.0,21.0,154.0,7.0,40.0,04,SW Hudson Bay
04LK001,True,,6427.0,6307,8.0,6.0,37.0,83.0,3.0,42.0,04,SW Hudson Bay
04LM001,True,,8035.0,7516,21.0,10.0,38.0,481.0,12.0,83.0,04,SW Hudson Bay
04MA001,True,,29950.0,27091,82.0,70.0,202.0,2657.0,13.0,2112.0,04,SW Hudson Bay
04MA003,True,,17254.0,16989,19.0,16.0,115.0,150.0,4.0,116.0,04,SW Hudson Bay
04MA004,True,,28105.0,26693,91.0,69.0,236.0,1176.0,23.0,169.0,04,SW Hudson Bay
04MA005,True,,8674.0,8535,7.0,3.0,29.0,110.0,5.0,30.0,04,SW Hudson Bay
04MA006,True,,909.0,609,7.0,4.0,11.0,289.0,4.0,135.0,04,SW Hudson Bay
04MA007,True,,1582.0,810,8.0,1.0,2.0,770.0,8.0,158.0,04,SW Hudson Bay
04MB002,True,,6321.0,6273,11.0,10.0,21.0,27.0,2.0,27.0,04,SW Hudson Bay
04MB004,True,,406.0,406,0.0,0.0,0.0,0.0,1.0,0.0,04,SW Hudson Bay
04MB005,True,,5571.0,5452,2.0,1.0,2.0,117.0,2.0,117.0,04,SW Hudson Bay
04MD003,True,,7305.0,7194,24.0,21.0,52.0,59.0,4.0,28.0,04,SW Hudson Bay
04MD004,True,,5274.0,5172,14.0,12.0,40.0,62.0,3.0,38.0,04,SW Hudson Bay
04MD005,True,,8400.0,8234,10.0,7.0,9.0,157.0,4.0,63.0,04,SW Hudson Bay
04ME003,True,,5953.0,5343,24.0,16.0,33.0,577.0,9.0,170.0,04,SW Hudson Bay
04ME005,True,,3561.0,3371,13.0,10.0,28.0,162.0,4.0,77.0,04,SW Hudson Bay
04MF001,True,,8035.0,7125,35.0,18.0,99.0,811.0,18.0,132.0,04,SW Hudson Bay
05AA004,True,,3898.0,2710,10.0,0.0,0.0,1188.0,11.0,121.0,05,Nelson River
05AA008,True,,4018.0,3978,4.0,3.0,20.0,20.0,2.0,20.0,05,Nelson River
05AA011,True,,3898.0,2700,13.0,2.0,5.0,1193.0,12.0,120.0,05,Nelson River
05AA022,True,,4018.0,4004,3.0,3.0,14.0,0.0,1.0,6.0,05,Nelson River
05AA024,True,,4018.0,3840,13.0,8.0,59.0,119.0,6.0,32.0,05,Nelson River
05AA027,True,,3834.0,2336,11.0,1.0,13.0,1485.0,11.0,152.0,05,Nelson River
05AA028,True,,3898.0,2687,16.0,5.0,25.0,1186.0,12.0,120.0,05,Nelson River
05AA030,True,,3910.0,2782,12.0,2.0,6.0,1122.0,11.0,121.0,05,Nelson River
05AA032,True,,11688.0,11569,5.0,1.0,1.0,118.0,5.0,46.0,05,Nelson River
05AA033,True,,3894.0,1881,33.0,12.0,70.0,1943.0,22.0,246.0,05,Nelson River
05AA034,True,,3900.0,2722,10.0,0.0,0.0,1178.0,11.0,121.0,05,Nelson River
05AA035,True,,4018.0,3913,13.0,10.0,28.0,77.0,4.0,27.0,05,Nelson River
05AA909,True,,3866.0,2260,18.0,7.0,14.0,1592.0,12.0,175.0,05,Nelson River
05AB005,True,,3897.0,2623,23.0,13.0,73.0,1201.0,11.0,129.0,05,Nelson River
05AB011,False,n_obs<100,,69,,,,,,,05,Nelson River
05AB013,True,,3899.0,2542,28.0,14.0,69.0,1288.0,15.0,149.0,05,Nelson River
05AB019,True,,4209.0,2010,14.0,2.0,18.0,2181.0,13.0,209.0,05,Nelson River
05AB021,True,,4018.0,3946,8.0,6.0,23.0,49.0,3.0,32.0,05,Nelson River
05AB029,True,,3897.0,2154,43.0,26.0,146.0,1597.0,18.0,220.0,05,Nelson River
05AB037,True,,18898.0,14712,489.0,446.0,1101.0,3085.0,44.0,215.0,05,Nelson River
05AB040,True,,3897.0,2634,18.0,8.0,36.0,1227.0,11.0,147.0,05,Nelson River
05AB041,True,,3898.0,2606,23.0,12.0,70.0,1222.0,12.0,127.0,05,Nelson River
05AB042,True,,4039.0,892,30.0,13.0,57.0,3090.0,18.0,331.0,05,Nelson River
05AB044,True,,8667.0,5986,28.0,3.0,33.0,2648.0,26.0,121.0,05,Nelson River
05AB045,True,,3988.0,1618,41.0,25.0,129.0,2241.0,17.0,328.0,05,Nelson River
05AC003,True,,4383.0,4221,14.0,9.0,38.0,124.0,6.0,30.0,05,Nelson River
05AC006,True,,2334.0,373,212.0,200.0,646.0,1315.0,13.0,267.0,05,Nelson River
05AC012,True,,4292.0,3621,8.0,3.0,5.0,666.0,6.0,152.0,05,Nelson River
05AC017,True,,3824.0,1800,12.0,0.0,0.0,2024.0,13.0,222.0,05,Nelson River
05AC022,True,,34943.0,8943,43.0,22.0,93.0,25907.0,22.0,22477.0,05,Nelson River
05AC023,True,,4202.0,2205,11.0,0.0,0.0,1997.0,12.0,188.0,05,Nelson River
05AC030,True,,3384.0,1308,39.0,13.0,69.0,2007.0,27.0,212.0,05,Nelson River
05AC031,True,,3873.0,2611,13.0,2.0,12.0,1250.0,12.0,148.0,05,Nelson River
05AC032,True,,537.0,273,17.0,14.0,95.0,169.0,4.0,121.0,05,Nelson River
05AC901,True,,7611.0,4676,37.0,9.0,68.0,2867.0,29.0,168.0,05,Nelson River
05AC919,True,,11526.0,6699,38.0,6.0,36.0,4791.0,33.0,173.0,05,Nelson River
05AC921,True,,11537.0,6385,75.0,41.0,191.0,4961.0,35.0,202.0,05,Nelson River
05AC922,True,,11519.0,6535,46.0,12.0,77.0,4907.0,35.0,177.0,05,Nelson River
05AC939,True,,7490.0,3907,37.0,13.0,54.0,3529.0,25.0,480.0,05,Nelson River
05AC940,True,,6939.0,6646,8.0,1.0,1.0,292.0,8.0,59.0,05,Nelson River
05AD003,True,,4018.0,3997,4.0,3.0,6.0,15.0,2.0,15.0,05,Nelson River
05AD005,True,,4018.0,4005,1.0,1.0,13.0,0.0,1.0,13.0,05,Nelson River
05AD007,True,,4383.0,4334,6.0,4.0,11.0,38.0,3.0,23.0,05,Nelson River
05AD010,True,,4018.0,3959,9.0,7.0,29.0,30.0,3.0,15.0,05,Nelson River
05AD013,True,,4170.0,1803,19.0,7.0,13.0,2354.0,13.0,221.0,05,Nelson River
05AD015,True,,482.0,298,14.0,11.0,50.0,134.0,4.0,82.0,05,Nelson River
05AD017,True,,4214.0,2778,12.0,1.0,1.0,1435.0,12.0,205.0,05,Nelson River
05AD021,True,,4199.0,2154,11.0,0.0,0.0,2045.0,12.0,207.0,05,Nelson River
05AD025,True,,26527.0,16366,1281.0,1105.0,4473.0,5688.0,177.0,270.0,05,Nelson River
05AD026,True,,21398.0,21126,25.0,16.0,79.0,193.0,10.0,30.0,05,Nelson River
05AD027,True,,3824.0,1940,12.0,2.0,12.0,1872.0,11.0,215.0,05,Nelson River
05AD028,True,,4018.0,3929,7.0,5.0,35.0,54.0,3.0,34.0,05,Nelson River
05AD035,True,,4262.0,2687,27.0,13.0,89.0,1486.0,15.0,139.0,05,Nelson River
05AD037,True,,4202.0,2075,38.0,24.0,60.0,2067.0,15.0,187.0,05,Nelson River
05AD039,True,,902.0,146,98.0,95.0,372.0,384.0,4.0,186.0,05,Nelson River
05AD041,True,,4018.0,4004,2.0,2.0,14.0,0.0,1.0,7.0,05,Nelson River
05AD042,True,,3900.0,2700,16.0,6.0,22.0,1178.0,11.0,121.0,05,Nelson River
05AD940,True,,7113.0,4013,24.0,5.0,34.0,3066.0,20.0,191.0,05,Nelson River
05AE002,True,,4018.0,4001,4.0,4.0,17.0,0.0,1.0,8.0,05,Nelson River
05AE005,True,,3897.0,2587,18.0,6.0,34.0,1276.0,13.0,126.0,05,Nelson River
05AE006,True,,4018.0,3798,26.0,19.0,60.0,160.0,8.0,30.0,05,Nelson River
05AE016,True,,4231.0,2525,15.0,3.0,7.0,1699.0,13.0,183.0,05,Nelson River
05AE021,True,,4198.0,2239,16.0,2.0,11.0,1948.0,15.0,205.0,05,Nelson River
05AE025,True,,26575.0,22878,225.0,114.0,435.0,3262.0,112.0,150.0,05,Nelson River
05AE026,True,,4213.0,2050,12.0,0.0,0.0,2163.0,13.0,212.0,05,Nelson River
05AE029,True,,4175.0,2215,17.0,4.0,18.0,1942.0,14.0,198.0,05,Nelson River
05AE036,True,,39298.0,29674,407.0,211.0,886.0,8738.0,197.0,683.0,05,Nelson River
05AE043,True,,2073.0,1473,5.0,0.0,0.0,600.0,6.0,121.0,05,Nelson River
05AF020,False,n_obs<100,,13,,,,,,,05,Nelson River
05AF026,True,,1194.0,224,217.0,214.0,505.0,465.0,4.0,188.0,05,Nelson River
05AF030,True,,17389.0,11761,54.0,5.0,47.0,5581.0,50.0,132.0,05,Nelson River
05AF034,True,,1579.0,681,6.0,1.0,2.0,896.0,6.0,225.0,05,Nelson River
05AF903,True,,2850.0,1476,18.0,7.0,21.0,1353.0,12.0,186.0,05,Nelson River
05AG003,True,,4174.0,2131,22.0,11.0,40.0,2003.0,12.0,192.0,05,Nelson River
05AG006,True,,4018.0,3956,8.0,7.0,39.0,23.0,2.0,23.0,05,Nelson River
05AG026,True,,4174.0,1839,69.0,53.0,209.0,2126.0,17.0,197.0,05,Nelson River
05AH001,True,,4113.0,723,50.0,27.0,111.0,3279.0,24.0,400.0,05,Nelson River
05AH002,True,,3848.0,1874,21.0,9.0,31.0,1943.0,13.0,261.0,05,Nelson River
05AH005,True,,4291.0,3253,15.0,3.0,9.0,1029.0,13.0,97.0,05,Nelson River
05AH025,True,,38795.0,9520,563.0,330.0,1194.0,28081.0,234.0,4792.0,05,Nelson River
05AH037,True,,3891.0,1893,52.0,32.0,160.0,1838.0,21.0,361.0,05,Nelson River
05AH041,True,,3866.0,1935,20.0,7.0,48.0,1883.0,14.0,248.0,05,Nelson River
05AH043,True,,4122.0,1459,53.0,32.0,147.0,2516.0,22.0,279.0,05,Nelson River
05AH044,True,,3384.0,593,25.0,9.0,28.0,2763.0,17.0,379.0,05,Nelson River
05AH047,True,,3665.0,178,18.0,7.0,41.0,3446.0,12.0,1123.0,05,Nelson River
05AH048,True,,14741.0,5303,42.0,16.0,104.0,9334.0,27.0,6047.0,05,Nelson River
05AH050,True,,4143.0,1341,48.0,26.0,116.0,2686.0,23.0,341.0,05,Nelson River
05AH052,True,,4291.0,3256,16.0,5.0,27.0,1008.0,12.0,92.0,05,Nelson River
05AH053,True,,3782.0,1258,14.0,1.0,4.0,2520.0,14.0,302.0,05,Nelson River
05AH054,True,,7091.0,4688,23.0,1.0,2.0,2401.0,23.0,151.0,05,Nelson River
05AH055,True,,7092.0,4312,22.0,0.0,0.0,2780.0,23.0,562.0,05,Nelson River
05AH056,True,,7092.0,4345,22.0,0.0,0.0,2747.0,23.0,578.0,05,Nelson River
05AH057,True,,7092.0,4767,22.0,1.0,11.0,2314.0,22.0,140.0,05,Nelson River
05AH058,True,,7092.0,4486,25.0,1.0,4.0,2602.0,25.0,260.0,05,Nelson River
05AJ001,True,,4383.0,4376,2.0,2.0,7.0,0.0,1.0,6.0,05,Nelson River
05BA001,True,,4196.0,2154,11.0,0.0,0.0,2042.0,12.0,195.0,05,Nelson River
05BA002,True,,4018.0,3951,4.0,2.0,3.0,64.0,3.0,40.0,05,Nelson River
05BB001,True,,4383.0,4346,3.0,2.0,10.0,27.0,2.0,27.0,05,Nelson River
05BC001,True,,4018.0,3980,3.0,2.0,17.0,21.0,2.0,21.0,05,Nelson River
05BC004,True,,6887.0,698,382.0,282.0,591.0,5598.0,101.0,432.0,05,Nelson River
05BC006,True,,24713.0,23785,255.0,248.0,744.0,184.0,8.0,50.0,05,Nelson River
05BD003,True,,38008.0,32152,2305.0,2303.0,5786.0,70.0,3.0,55.0,05,Nelson River
05BE005,True,,32295.0,16751,3.0,1.0,1.0,15543.0,3.0,14448.0,05,Nelson River
05BF005,True,,31022.0,20314,1858.0,1731.0,6687.0,4021.0,128.0,92.0,05,Nelson River
05BF009,True,,31342.0,20253,1896.0,1827.0,6276.0,4813.0,70.0,324.0,05,Nelson River
05BF016,True,,415.0,169,3.0,1.0,6.0,240.0,3.0,214.0,05,Nelson River
05BF024,True,,17532.0,17166,1.0,0.0,0.0,366.0,2.0,366.0,05,Nelson River
05BG006,True,,4018.0,3806,26.0,22.0,113.0,99.0,5.0,29.0,05,Nelson River
05BG010,True,,4014.0,3932,13.0,12.0,65.0,17.0,2.0,17.0,05,Nelson River
05BH004,True,,4383.0,4352,2.0,1.0,8.0,23.0,2.0,23.0,05,Nelson River
05BH005,True,,4262.0,2948,12.0,0.0,0.0,1314.0,13.0,130.0,05,Nelson River
05BH013,True,,3836.0,1859,15.0,1.0,5.0,1972.0,15.0,205.0,05,Nelson River
05BH014,True,,4149.0,2427,24.0,9.0,46.0,1676.0,16.0,229.0,05,Nelson River
05BH015,True,,4018.0,3981,8.0,7.0,19.0,18.0,2.0,18.0,05,Nelson River
05BH016,True,,3495.0,2404,13.0,4.0,28.0,1063.0,10.0,126.0,05,Nelson River
05BJ001,True,,4018.0,4000,3.0,3.0,18.0,0.0,1.0,12.0,05,Nelson River
05BJ004,True,,4018.0,3983,8.0,8.0,35.0,0.0,1.0,8.0,05,Nelson River
05BJ008,True,,17531.0,17531,0.0,0.0,0.0,0.0,1.0,0.0,05,Nelson River
05BJ010,True,,4018.0,3938,11.0,9.0,43.0,37.0,3.0,21.0,05,Nelson River
05BK001,True,,3900.0,2625,17.0,5.0,31.0,1244.0,13.0,126.0,05,Nelson River
05BL004,True,,4018.0,3967,10.0,10.0,51.0,0.0,1.0,12.0,05,Nelson River
05BL007,True,,3899.0,2574,20.0,8.0,50.0,1275.0,13.0,142.0,05,Nelson River
05BL012,True,,4018.0,3974,8.0,8.0,44.0,0.0,1.0,14.0,05,Nelson River
05BL013,True,,3889.0,2676,12.0,2.0,24.0,1189.0,11.0,122.0,05,Nelson River
05BL014,True,,4018.0,3912,10.0,8.0,45.0,61.0,3.0,40.0,05,Nelson River
05BL015,True,,4383.0,4229,9.0,5.0,25.0,129.0,5.0,53.0,05,Nelson River
05BL019,True,,3898.0,2672,15.0,5.0,28.0,1198.0,11.0,128.0,05,Nelson River
05BL022,True,,4383.0,4336,7.0,6.0,26.0,21.0,2.0,21.0,05,Nelson River
05BL023,True,,3873.0,2494,26.0,13.0,77.0,1302.0,14.0,140.0,05,Nelson River
05BL024,True,,4018.0,3916,13.0,10.0,41.0,61.0,4.0,24.0,05,Nelson River
05BL025,True,,1990.0,998,10.0,5.0,37.0,955.0,6.0,233.0,05,Nelson River
05BL027,True,,3837.0,2029,13.0,3.0,14.0,1794.0,11.0,183.0,05,Nelson River
05BM002,True,,4232.0,2543,12.0,0.0,0.0,1689.0,13.0,154.0,05,Nelson River
05BM004,True,,3867.0,2334,20.0,9.0,26.0,1507.0,12.0,152.0,05,Nelson River
05BM007,True,,3832.0,2301,13.0,2.0,16.0,1515.0,12.0,258.0,05,Nelson River
05BM008,True,,4254.0,2925,12.0,1.0,4.0,1325.0,12.0,130.0,05,Nelson River
05BM014,True,,3837.0,2380,21.0,8.0,50.0,1407.0,14.0,248.0,05,Nelson River
05BM015,True,,4181.0,1989,12.0,0.0,0.0,2192.0,13.0,217.0,05,Nelson River
05BM018,True,,3837.0,1903,27.0,11.0,39.0,1895.0,17.0,280.0,05,Nelson River
05BM020,True,,4271.0,2248,12.0,1.0,4.0,2019.0,12.0,194.0,05,Nelson River
05BM021,True,,4221.0,2137,14.0,3.0,26.0,2058.0,12.0,208.0,05,Nelson River
05BM904,True,,11510.0,6092,47.0,8.0,62.0,5356.0,40.0,236.0,05,Nelson River
05BN002,True,,4199.0,2150,14.0,3.0,25.0,2024.0,12.0,196.0,05,Nelson River
05BN006,True,,4233.0,2503,17.0,5.0,18.0,1712.0,13.0,165.0,05,Nelson River
05BN007,True,,2018.0,1123,5.0,0.0,0.0,895.0,6.0,202.0,05,Nelson River
05BN008,True,,4203.0,2064,28.0,15.0,108.0,2031.0,14.0,186.0,05,Nelson River
05BN012,True,,4383.0,4296,11.0,9.0,39.0,48.0,3.0,30.0,05,Nelson River
05CA002,True,,4258.0,2802,29.0,15.0,56.0,1400.0,15.0,135.0,05,Nelson River
05CA004,True,,4231.0,2538,15.0,3.0,12.0,1681.0,13.0,194.0,05,Nelson River
05CA008,True,,3473.0,1361,47.0,23.0,118.0,1994.0,25.0,262.0,05,Nelson River
05CA009,True,,4383.0,4259,14.0,11.0,43.0,81.0,4.0,36.0,05,Nelson River
05CA010,True,,4179.0,1476,86.0,63.0,178.0,2525.0,24.0,264.0,05,Nelson River
05CA011,True,,4262.0,2926,18.0,7.0,42.0,1294.0,12.0,121.0,05,Nelson River
05CA012,True,,4259.0,2809,13.0,1.0,3.0,1447.0,13.0,181.0,05,Nelson River
05CB001,True,,4383.0,4327,12.0,12.0,56.0,0.0,1.0,13.0,05,Nelson River
05CB002,True,,3898.0,2635,17.0,6.0,37.0,1226.0,12.0,132.0,05,Nelson River
05CB004,True,,4018.0,3952,6.0,4.0,8.0,58.0,3.0,40.0,05,Nelson River
05CB006,True,,14859.0,14827,3.0,3.0,32.0,0.0,1.0,12.0,05,Nelson River
05CB007,True,,4383.0,4067,38.0,31.0,174.0,142.0,8.0,31.0,05,Nelson River
05CC001,True,,4383.0,4325,7.0,6.0,24.0,34.0,2.0,34.0,05,Nelson River
05CC002,True,,4383.0,4301,13.0,12.0,44.0,38.0,2.0,38.0,05,Nelson River
05CC003,True,,38382.0,7485,1300.0,1029.0,2497.0,28400.0,272.0,5523.0,05,Nelson River
05CC006,True,,36219.0,6507,1404.0,1177.0,2738.0,26974.0,228.0,5065.0,05,Nelson River
05CC007,True,,4018.0,4007,4.0,4.0,11.0,0.0,1.0,5.0,05,Nelson River
05CC008,True,,4263.0,2909,20.0,8.0,38.0,1316.0,13.0,121.0,05,Nelson River
05CC009,True,,4255.0,2695,25.0,11.0,82.0,1478.0,15.0,158.0,05,Nelson River
05CC010,True,,4249.0,2899,13.0,2.0,6.0,1344.0,12.0,126.0,05,Nelson River
05CC011,True,,3884.0,2599,16.0,4.0,28.0,1257.0,13.0,143.0,05,Nelson River
05CC013,True,,4257.0,2913,14.0,2.0,5.0,1339.0,13.0,128.0,05,Nelson River
05CC901,True,,536.0,362,1.0,0.0,0.0,174.0,2.0,174.0,05,Nelson River
05CD003,False,n_obs<100,,7,,,,,,,05,Nelson River
05CD005,True,,21261.0,7685,1193.0,1049.0,2437.0,11139.0,145.0,213.0,05,Nelson River
05CD006,True,,4250.0,2573,31.0,15.0,56.0,1621.0,17.0,209.0,05,Nelson River
05CD007,True,,3838.0,2608,11.0,1.0,4.0,1226.0,11.0,132.0,05,Nelson River
05CD903,True,,11546.0,7229,52.0,15.0,110.0,4207.0,38.0,167.0,05,Nelson River
05CD905,True,,9357.0,5003,47.0,17.0,62.0,4292.0,31.0,1216.0,05,Nelson River
05CE001,True,,4383.0,4284,19.0,17.0,68.0,31.0,3.0,16.0,05,Nelson River
05CE002,True,,4262.0,2812,27.0,13.0,67.0,1383.0,15.0,126.0,05,Nelson River
05CE005,True,,4263.0,2824,19.0,7.0,32.0,1407.0,13.0,147.0,05,Nelson River
05CE006,True,,3878.0,2631,19.0,9.0,41.0,1206.0,11.0,144.0,05,Nelson River
05CE007,True,,4262.0,2779,21.0,10.0,66.0,1417.0,12.0,148.0,05,Nelson River
05CE010,True,,3897.0,2330,18.0,5.0,32.0,1535.0,14.0,232.0,05,Nelson River
05CE011,True,,3881.0,2388,28.0,14.0,75.0,1418.0,15.0,151.0,05,Nelson River
05CE012,True,,3889.0,2522,28.0,12.0,50.0,1317.0,17.0,135.0,05,Nelson River
05CE018,True,,4262.0,2827,12.0,1.0,11.0,1424.0,12.0,165.0,05,Nelson River
05CE020,True,,4258.0,2508,37.0,22.0,122.0,1628.0,16.0,219.0,05,Nelson River
05CE901,True,,15862.0,7876,93.0,25.0,174.0,7812.0,69.0,852.0,05,Nelson River
05CF001,False,n_obs<100,,93,,,,,,,05,Nelson River
05CF002,False,n_obs<100,,51,,,,,,,05,Nelson River
05CG004,True,,4115.0,2395,15.0,1.0,2.0,1718.0,15.0,189.0,05,Nelson River
05CG006,True,,3875.0,2146,33.0,14.0,39.0,1690.0,20.0,168.0,05,Nelson River
05CG007,True,,4137.0,1714,13.0,2.0,17.0,2406.0,12.0,258.0,05,Nelson River
05CH007,True,,3884.0,2494,24.0,11.0,66.0,1324.0,14.0,154.0,05,Nelson River
05CH008,True,,3767.0,1746,15.0,3.0,7.0,2014.0,13.0,350.0,05,Nelson River
05CH011,True,,3886.0,2589,13.0,3.0,10.0,1287.0,11.0,147.0,05,Nelson River
05CH013,True,,14754.0,9791,54.0,8.0,72.0,4891.0,47.0,145.0,05,Nelson River
05CH014,True,,14754.0,9764,48.0,3.0,26.0,4964.0,46.0,173.0,05,Nelson River
05CJ006,True,,4244.0,2844,12.0,0.0,0.0,1400.0,13.0,136.0,05,Nelson River
05CJ012,True,,4201.0,2181,13.0,2.0,8.0,2012.0,12.0,195.0,05,Nelson River
05CK001,True,,3897.0,2590,15.0,4.0,29.0,1278.0,12.0,146.0,05,Nelson River
05CK004,True,,4383.0,4281,19.0,18.0,86.0,16.0,2.0,16.0,05,Nelson River
05CK005,True,,4193.0,2390,22.0,10.0,59.0,1744.0,13.0,240.0,05,Nelson River
05CK006,True,,4155.0,2318,13.0,0.0,0.0,1837.0,14.0,265.0,05,Nelson River
05DA007,True,,4383.0,4383,0.0,0.0,0.0,0.0,1.0,0.0,05,Nelson River
05DA009,True,,4018.0,4012,4.0,4.0,6.0,0.0,1.0,2.0,05,Nelson River
05DA010,True,,4383.0,4050,26.0,17.0,122.0,211.0,10.0,29.0,05,Nelson River
05DB002,True,,4018.0,3939,9.0,7.0,31.0,48.0,3.0,26.0,05,Nelson River
05DB005,True,,3893.0,2686,12.0,2.0,7.0,1200.0,11.0,125.0,05,Nelson River
05DB006,True,,4383.0,4383,0.0,0.0,0.0,0.0,1.0,0.0,05,Nelson River
05DC001,True,,4018.0,3941,9.0,7.0,38.0,39.0,3.0,20.0,05,Nelson River
05DC009,True,,17677.0,17677,0.0,0.0,0.0,0.0,1.0,0.0,05,Nelson River
05DC011,True,,4201.0,2207,11.0,0.0,0.0,1994.0,12.0,188.0,05,Nelson River
05DD004,True,,4201.0,2206,11.0,0.0,0.0,1995.0,12.0,187.0,05,Nelson River
05DD006,True,,21641.0,21473,61.0,60.0,142.0,26.0,2.0,26.0,05,Nelson River
05DD007,True,,4201.0,2134,17.0,4.0,18.0,2049.0,14.0,201.0,05,Nelson River
05DD009,True,,4018.0,4006,4.0,4.0,12.0,0.0,1.0,4.0,05,Nelson River
05DE002,True,,39592.0,14716,4221.0,4138.0,14449.0,10427.0,84.0,1468.0,05,Nelson River
05DE004,True,,2021.0,155,149.0,137.0,744.0,1122.0,13.0,182.0,05,Nelson River
05DE006,True,,15825.0,7461,82.0,24.0,162.0,8202.0,59.0,226.0,05,Nelson River
05DE007,True,,3897.0,2715,10.0,0.0,0.0,1182.0,11.0,131.0,05,Nelson River
05DE009,True,,4255.0,2507,40.0,19.0,100.0,1648.0,22.0,154.0,05,Nelson River
05DE010,True,,3898.0,2290,18.0,8.0,47.0,1561.0,11.0,189.0,05,Nelson River
05DE011,True,,427.0,250,1.0,0.0,0.0,177.0,2.0,177.0,05,Nelson River
05DF001,True,,4018.0,3920,11.0,8.0,32.0,66.0,4.0,26.0,05,Nelson River
05DF003,True,,4213.0,2715,11.0,0.0,0.0,1498.0,12.0,179.0,05,Nelson River
05DF004,True,,3898.0,2685,15.0,4.0,14.0,1199.0,12.0,121.0,05,Nelson River
05DF006,True,,4259.0,2841,17.0,6.0,28.0,1390.0,12.0,141.0,05,Nelson River
05DF007,True,,3822.0,1285,23.0,6.0,32.0,2505.0,18.0,363.0,05,Nelson River
05DF008,True,,3898.0,2645,20.0,9.0,50.0,1203.0,12.0,128.0,05,Nelson River
05DF009,True,,3894.0,2538,18.0,6.0,35.0,1321.0,13.0,172.0,05,Nelson River
05EA001,True,,3896.0,2569,20.0,9.0,62.0,1265.0,12.0,139.0,05,Nelson River
05EA002,True,,3895.0,2645,12.0,1.0,13.0,1237.0,12.0,129.0,05,Nelson River
05EA005,True,,4018.0,3952,7.0,5.0,23.0,43.0,3.0,22.0,05,Nelson River
05EA006,True,,33059.0,8412,2095.0,1937.0,7802.0,16845.0,159.0,266.0,05,Nelson River
05EA008,True,,18789.0,8627,394.0,290.0,829.0,9333.0,105.0,194.0,05,Nelson River
05EA010,True,,3872.0,2346,22.0,9.0,57.0,1469.0,14.0,167.0,05,Nelson River
05EA011,True,,3875.0,2269,25.0,11.0,65.0,1541.0,15.0,216.0,05,Nelson River
05EA012,True,,4262.0,2841,15.0,3.0,24.0,1397.0,13.0,162.0,05,Nelson River
05EA013,True,,3892.0,2662,14.0,4.0,24.0,1206.0,11.0,130.0,05,Nelson River
05EB003,True,,4071.0,261,110.0,78.0,442.0,3368.0,33.0,316.0,05,Nelson River
05EB004,True,,10988.0,143,51.0,36.0,206.0,10639.0,16.0,6129.0,05,Nelson River
05EB005,True,,1169.0,120,40.0,26.0,132.0,917.0,15.0,169.0,05,Nelson River
05EB007,True,,7994.0,232,61.0,46.0,261.0,7501.0,16.0,6083.0,05,Nelson River
05EB008,False,n_obs<100,,28,,,,,,,05,Nelson River
05EB009,False,n_obs<100,,20,,,,,,,05,Nelson River
05EB011,True,,8576.0,4460,87.0,29.0,173.0,3943.0,59.0,179.0,05,Nelson River
05EB012,True,,8576.0,3513,515.0,451.0,974.0,4089.0,65.0,181.0,05,Nelson River
05EB013,True,,8918.0,3999,260.0,200.0,441.0,4478.0,61.0,193.0,05,Nelson River
05EB014,True,,8578.0,2395,581.0,483.0,1084.0,5099.0,99.0,181.0,05,Nelson River
05EC001,False,n_obs<100,,7,,,,,,,05,Nelson River
05EC005,True,,3881.0,2654,15.0,5.0,16.0,1211.0,11.0,129.0,05,Nelson River
05ED002,True,,3871.0,2516,12.0,1.0,14.0,1341.0,12.0,230.0,05,Nelson River
05EE005,True,,4257.0,2811,20.0,6.0,17.0,1429.0,15.0,161.0,05,Nelson River
05EE006,True,,3844.0,1574,30.0,13.0,82.0,2188.0,18.0,307.0,05,Nelson River
05EE007,True,,3897.0,2602,18.0,6.0,39.0,1256.0,13.0,129.0,05,Nelson River
05EE008,True,,14675.0,9692,51.0,5.0,37.0,4946.0,47.0,137.0,05,Nelson River
05EE009,True,,3897.0,2615,19.0,6.0,21.0,1261.0,14.0,126.0,05,Nelson River
05EE010,True,,3893.0,2657,17.0,6.0,16.0,1220.0,12.0,125.0,05,Nelson River
05EE011,True,,6089.0,4063,19.0,1.0,2.0,2024.0,19.0,157.0,05,Nelson River
05EF001,True,,4383.0,4232,9.0,5.0,27.0,124.0,5.0,53.0,05,Nelson River
05EF004,True,,3226.0,2348,21.0,13.0,32.0,846.0,9.0,119.0,05,Nelson River
05EF005,True,,2684.0,1791,10.0,1.0,7.0,886.0,10.0,125.0,05,Nelson River
05EF006,True,,2407.0,1763,14.0,8.0,13.0,631.0,7.0,119.0,05,Nelson River
05EG003,True,,37446.0,11411,873.0,700.0,1830.0,24205.0,174.0,12384.0,05,Nelson River
05EG004,True,,2765.0,1955,11.0,4.0,13.0,797.0,8.0,154.0,05,Nelson River
05EG005,True,,2824.0,1758,8.0,1.0,13.0,1053.0,8.0,445.0,05,Nelson River
05EG009,True,,20861.0,2814,909.0,766.0,3136.0,14911.0,144.0,286.0,05,Nelson River
05EG010,True,,17287.0,5679,499.0,418.0,862.0,10746.0,82.0,244.0,05,Nelson River
05FA001,True,,4383.0,4241,17.0,13.0,43.0,99.0,5.0,35.0,05,Nelson River
05FA003,True,,1468.0,210,60.0,41.0,244.0,1014.0,20.0,180.0,05,Nelson River
05FA004,False,n_obs<100,,52,,,,,,,05,Nelson River
05FA006,False,n_obs<100,,20,,,,,,,05,Nelson River
05FA009,False,n_obs<100,,75,,,,,,,05,Nelson River
05FA011,True,,4380.0,3996,26.0,15.0,97.0,287.0,12.0,44.0,05,Nelson River
05FA012,True,,3890.0,2383,27.0,11.0,55.0,1452.0,17.0,148.0,05,Nelson River
05FA013,True,,18777.0,8340,579.0,474.0,1314.0,9123.0,106.0,193.0,05,Nelson River
05FA014,True,,3887.0,2151,31.0,11.0,77.0,1659.0,21.0,271.0,05,Nelson River
05FA016,True,,18344.0,11819,101.0,29.0,206.0,6319.0,73.0,211.0,05,Nelson River
05FA020,True,,16341.0,11482,82.0,23.0,163.0,4696.0,60.0,195.0,05,Nelson River
05FA024,True,,3865.0,2484,14.0,3.0,24.0,1357.0,12.0,165.0,05,Nelson River
05FA025,True,,4251.0,2315,28.0,11.0,67.0,1869.0,18.0,236.0,05,Nelson River
05FB001,False,n_obs<100,,39,,,,,,,05,Nelson River
05FB002,True,,4257.0,2749,22.0,9.0,40.0,1468.0,14.0,151.0,05,Nelson River
05FC001,True,,4263.0,2800,18.0,4.0,17.0,1446.0,15.0,150.0,05,Nelson River
05FC002,True,,4061.0,724,21.0,5.0,33.0,3304.0,17.0,576.0,05,Nelson River
05FC004,True,,3889.0,2427,24.0,10.0,74.0,1388.0,15.0,159.0,05,Nelson River
05FC007,True,,3502.0,1784,24.0,11.0,75.0,1643.0,14.0,220.0,05,Nelson River
05FC008,True,,4256.0,2675,34.0,17.0,75.0,1506.0,18.0,157.0,05,Nelson River
05FD001,True,,4218.0,2780,16.0,4.0,14.0,1424.0,13.0,140.0,05,Nelson River
05FD002,True,,4077.0,1249,35.0,25.0,125.0,2703.0,11.0,1753.0,05,Nelson River
05FD007,True,,5329.0,3306,28.0,4.0,35.0,1988.0,25.0,123.0,05,Nelson River
05FE002,True,,3891.0,2440,26.0,12.0,60.0,1391.0,15.0,154.0,05,Nelson River
05FE004,True,,4383.0,4300,9.0,6.0,23.0,60.0,4.0,23.0,05,Nelson River
05FF003,True,,2799.0,1966,15.0,6.0,21.0,812.0,10.0,121.0,05,Nelson River
05GA002,False,n_obs<100,,62,,,,,,,05,Nelson River
05GA003,True,,4262.0,2322,27.0,12.0,49.0,1891.0,16.0,494.0,05,Nelson River
05GA004,False,n_obs<100,,58,,,,,,,05,Nelson River
05GA005,False,n_obs<100,,66,,,,,,,05,Nelson River
05GA006,True,,21884.0,1815,298.0,120.0,435.0,19634.0,179.0,791.0,05,Nelson River
05GA008,True,,3873.0,2506,20.0,9.0,50.0,1317.0,12.0,168.0,05,Nelson River
05GA010,True,,4200.0,2570,29.0,13.0,75.0,1555.0,17.0,153.0,05,Nelson River
05GA012,True,,3812.0,1896,32.0,11.0,72.0,1844.0,22.0,203.0,05,Nelson River
05GB001,False,n_obs<100,,35,,,,,,,05,Nelson River
05GB004,True,,2649.0,1004,22.0,10.0,40.0,1605.0,13.0,285.0,05,Nelson River
05GC006,True,,2802.0,1884,15.0,6.0,40.0,878.0,10.0,125.0,05,Nelson River
05GC007,True,,2649.0,1293,12.0,2.0,9.0,1347.0,11.0,283.0,05,Nelson River
05GD001,True,,1234.0,1151,9.0,7.0,26.0,57.0,3.0,29.0,05,Nelson River
05GD002,True,,2802.0,1751,25.0,13.0,39.0,1012.0,13.0,129.0,05,Nelson River
05GD003,True,,17318.0,2975,461.0,358.0,1225.0,13118.0,104.0,896.0,05,Nelson River
05GF001,True,,2795.0,1703,8.0,2.0,9.0,1083.0,7.0,469.0,05,Nelson River
05GF002,True,,2802.0,1271,9.0,5.0,28.0,1503.0,5.0,1157.0,05,Nelson River
05GF003,True,,16186.0,3772,545.0,452.0,1275.0,11139.0,94.0,255.0,05,Nelson River
05GF004,True,,16212.0,4995,698.0,631.0,1878.0,9339.0,68.0,255.0,05,Nelson River
05GG001,True,,4383.0,4266,22.0,20.0,79.0,38.0,3.0,20.0,05,Nelson River
05GG004,True,,5133.0,1402,453.0,410.0,980.0,2751.0,44.0,189.0,05,Nelson River
05GG005,True,,21976.0,21344,32.0,15.0,92.0,540.0,18.0,80.0,05,Nelson River
05GG008,True,,22311.0,7493,784.0,603.0,2223.0,12595.0,182.0,267.0,05,Nelson River
05GG009,True,,21200.0,6809,771.0,591.0,2182.0,12209.0,181.0,215.0,05,Nelson River
05GG010,True,,2806.0,2010,9.0,2.0,11.0,785.0,8.0,119.0,05,Nelson River
05HA003,True,,4689.0,3629,10.0,1.0,5.0,1055.0,10.0,124.0,05,Nelson River
05HA015,True,,3126.0,1927,14.0,5.0,25.0,1174.0,10.0,236.0,05,Nelson River
05HA036,False,n_obs<100,,61,,,,,,,05,Nelson River
05HA061,False,n_obs<100,,15,,,,,,,05,Nelson River
05HA063,True,,19954.0,6738,626.0,463.0,2526.0,10690.0,164.0,488.0,05,Nelson River
05HA064,True,,19944.0,7776,1086.0,962.0,2764.0,9404.0,125.0,328.0,05,Nelson River
05HA065,False,n_obs<100,,6,,,,,,,05,Nelson River
05HA066,False,n_obs<100,,34,,,,,,,05,Nelson River
05HA074,True,,13716.0,6620,473.0,373.0,2058.0,5038.0,101.0,137.0,05,Nelson River
05HC002,True,,10178.0,626,213.0,132.0,415.0,9137.0,82.0,547.0,05,Nelson River
05HC003,True,,2656.0,1130,16.0,7.0,40.0,1486.0,10.0,265.0,05,Nelson River
05HC004,True,,8651.0,6792,52.0,23.0,170.0,1689.0,30.0,120.0,05,Nelson River
05HC005,True,,4567.0,2441,21.0,5.0,9.0,2117.0,17.0,328.0,05,Nelson River
05HD028,True,,26160.0,3582,1446.0,1244.0,4396.0,18182.0,203.0,266.0,05,Nelson River
05HD033,True,,28286.0,10768,1275.0,1219.0,5630.0,11888.0,57.0,7007.0,05,Nelson River
05HD036,True,,4383.0,4363,4.0,4.0,20.0,0.0,1.0,13.0,05,Nelson River
05HD039,True,,4748.0,4694,12.0,12.0,54.0,0.0,1.0,12.0,05,Nelson River
05HD042,True,,2783.0,2118,8.0,2.0,9.0,656.0,7.0,170.0,05,Nelson River
05HE001,True,,3072.0,1568,17.0,3.0,12.0,1492.0,15.0,243.0,05,Nelson River
05HF001,True,,13421.0,5566,489.0,458.0,880.0,6975.0,32.0,3926.0,05,Nelson River
05HF003,True,,21574.0,21276,57.0,54.0,129.0,169.0,4.0,120.0,05,Nelson River
05HF004,True,,9328.0,7409,89.0,51.0,254.0,1665.0,39.0,201.0,05,Nelson River
05HF008,True,,140.0,103,11.0,10.0,20.0,17.0,2.0,17.0,05,Nelson River
05HF010,True,,4262.0,2793,18.0,1.0,13.0,1456.0,18.0,123.0,05,Nelson River
05HF015,True,,2636.0,1004,22.0,8.0,51.0,1581.0,15.0,238.0,05,Nelson River
05HF016,True,,6824.0,4142,49.0,12.0,74.0,2608.0,38.0,167.0,05,Nelson River
05HF017,True,,19918.0,13902,81.0,21.0,120.0,5896.0,61.0,198.0,05,Nelson River
05HF021,True,,1323.0,488,49.0,43.0,109.0,726.0,7.0,287.0,05,Nelson River
05HG001,True,,4748.0,4664,8.0,6.0,14.0,70.0,3.0,55.0,05,Nelson River
05HG002,True,,4488.0,1782,23.0,8.0,45.0,2661.0,16.0,312.0,05,Nelson River
05HG003,True,,22208.0,4178,910.0,774.0,2626.0,15404.0,137.0,2554.0,05,Nelson River
05HG006,True,,19884.0,14442,400.0,349.0,968.0,4474.0,52.0,788.0,05,Nelson River
05HG012,True,,5898.0,2987,895.0,885.0,2297.0,614.0,11.0,232.0,05,Nelson River
05HG013,True,,6269.0,2647,1074.0,1064.0,2983.0,639.0,11.0,224.0,05,Nelson River
05HG014,True,,6337.0,2286,299.0,250.0,703.0,3348.0,50.0,243.0,05,Nelson River
05HG015,True,,1721.0,223,52.0,45.0,82.0,1416.0,8.0,705.0,05,Nelson River
05HG021,True,,4159.0,2086,23.0,9.0,53.0,2020.0,15.0,298.0,05,Nelson River
05HH002,True,,3047.0,1424,13.0,4.0,29.0,1594.0,10.0,264.0,05,Nelson River
05HH003,True,,4111.0,1899,15.0,2.0,10.0,2202.0,14.0,285.0,05,Nelson River
05JA002,True,,4161.0,2404,30.0,15.0,87.0,1670.0,16.0,255.0,05,Nelson River
05JA003,True,,4324.0,3189,11.0,1.0,2.0,1133.0,11.0,134.0,05,Nelson River
05JA005,True,,4308.0,3014,21.0,9.0,25.0,1269.0,13.0,154.0,05,Nelson River
05JA006,True,,4523.0,2520,23.0,8.0,33.0,1970.0,16.0,268.0,05,Nelson River
05JB001,True,,4308.0,2995,27.0,12.0,62.0,1251.0,16.0,132.0,05,Nelson River
05JB004,True,,4309.0,2731,14.0,1.0,7.0,1571.0,14.0,257.0,05,Nelson River
05JB006,True,,6028.0,4021,21.0,1.0,6.0,2001.0,21.0,196.0,05,Nelson River
05JB007,True,,4111.0,1811,20.0,4.0,6.0,2294.0,17.0,286.0,05,Nelson River
05JC002,False,n_obs<100,,25,,,,,,,05,Nelson River
05JC003,False,n_obs<100,,28,,,,,,,05,Nelson River
05JC004,True,,4320.0,3095,17.0,6.0,18.0,1207.0,12.0,140.0,05,Nelson River
05JC005,True,,2812.0,1841,13.0,3.0,18.0,953.0,11.0,143.0,05,Nelson River
05JC006,True,,2650.0,1308,10.0,3.0,6.0,1336.0,8.0,573.0,05,Nelson River
05JC007,True,,3040.0,1361,10.0,2.0,25.0,1654.0,9.0,317.0,05,Nelson River
05JD001,False,n_obs<100,,77,,,,,,,05,Nelson River
05JD002,False,n_obs<100,,21,,,,,,,05,Nelson River
05JD005,True,,3532.0,2580,9.0,0.0,0.0,952.0,10.0,113.0,05,Nelson River
05JE001,True,,3185.0,2232,16.0,7.0,31.0,922.0,10.0,146.0,05,Nelson River
05JE004,True,,3168.0,2303,9.0,1.0,1.0,864.0,9.0,117.0,05,Nelson River
05JE005,True,,3186.0,2261,12.0,3.0,7.0,918.0,10.0,121.0,05,Nelson River
05JE006,True,,4748.0,4708,6.0,5.0,22.0,18.0,2.0,18.0,05,Nelson River
05JE007,True,,20542.0,14117,251.0,175.0,665.0,5760.0,77.0,215.0,05,Nelson River
05JE010,True,,5851.0,215,199.0,71.0,338.0,5298.0,129.0,242.0,05,Nelson River
05JF001,True,,4748.0,4453,4.0,3.0,26.0,269.0,2.0,269.0,05,Nelson River
05JF002,True,,21088.0,7675,633.0,524.0,1414.0,11999.0,110.0,1056.0,05,Nelson River
05JF005,True,,4748.0,4515,24.0,20.0,95.0,138.0,5.0,62.0,05,Nelson River
05JF006,True,,4679.0,3487,12.0,2.0,4.0,1188.0,11.0,158.0,05,Nelson River
05JF008,True,,2798.0,1409,30.0,21.0,147.0,1242.0,10.0,553.0,05,Nelson River
05JF010,True,,5718.0,2831,286.0,263.0,593.0,2294.0,24.0,182.0,05,Nelson River
05JF011,True,,4575.0,1868,23.0,7.0,31.0,2676.0,17.0,322.0,05,Nelson River
05JF012,True,,3167.0,2039,12.0,3.0,4.0,1124.0,10.0,220.0,05,Nelson River
05JF013,True,,5848.0,281,255.0,116.0,547.0,5020.0,140.0,131.0,05,Nelson River
05JF014,True,,3431.0,1753,13.0,3.0,13.0,1665.0,11.0,258.0,05,Nelson River
05JF015,True,,15243.0,9460,560.0,502.0,2114.0,3669.0,59.0,173.0,05,Nelson River
05JG001,True,,3151.0,2188,12.0,3.0,6.0,957.0,10.0,193.0,05,Nelson River
05JG004,True,,2771.0,2771,0.0,0.0,0.0,0.0,1.0,0.0,05,Nelson River
05JG005,True,,9696.0,1645,1336.0,1301.0,4147.0,3904.0,36.0,194.0,05,Nelson River
05JG006,True,,4748.0,4590,12.0,9.0,48.0,110.0,4.0,50.0,05,Nelson River
05JG009,True,,24629.0,24023,62.0,49.0,234.0,372.0,14.0,56.0,05,Nelson River
05JG013,True,,4686.0,3186,17.0,5.0,30.0,1470.0,13.0,497.0,05,Nelson River
05JH001,True,,3160.0,2223,15.0,5.0,42.0,895.0,11.0,128.0,05,Nelson River
05JH002,True,,9758.0,2881,2089.0,2058.0,4551.0,2326.0,32.0,223.0,05,Nelson River
05JH004,True,,21417.0,19656,59.0,43.0,191.0,1570.0,17.0,280.0,05,Nelson River
05JH005,True,,3078.0,1246,7.0,1.0,3.0,1829.0,7.0,583.0,05,Nelson River
05JH007,True,,5854.0,275,247.0,106.0,427.0,5152.0,142.0,136.0,05,Nelson River
05JJ001,True,,24229.0,3755,738.0,612.0,1991.0,18483.0,127.0,9730.0,05,Nelson River
05JJ003,True,,4617.0,2062,27.0,10.0,63.0,2492.0,18.0,303.0,05,Nelson River
05JJ008,True,,5961.0,3765,744.0,730.0,1740.0,456.0,15.0,167.0,05,Nelson River
05JJ009,True,,4257.0,3004,20.0,10.0,65.0,1188.0,11.0,153.0,05,Nelson River
05JK002,True,,4748.0,4721,7.0,7.0,27.0,0.0,1.0,11.0,05,Nelson River
05JK003,True,,2282.0,1313,7.0,1.0,1.0,968.0,7.0,181.0,05,Nelson River
05JK004,True,,4509.0,2695,24.0,6.0,39.0,1775.0,19.0,242.0,05,Nelson River
05JK005,True,,37695.0,18257,974.0,891.0,4027.0,15411.0,84.0,9124.0,05,Nelson River
05JK007,True,,4383.0,4287,17.0,15.0,62.0,34.0,3.0,19.0,05,Nelson River
05JK008,True,,3131.0,544,11.0,4.0,9.0,2578.0,8.0,1433.0,05,Nelson River
05JL004,True,,28708.0,21266,429.0,333.0,1638.0,5804.0,97.0,290.0,05,Nelson River
05JL005,True,,4687.0,2730,36.0,17.0,47.0,1910.0,20.0,184.0,05,Nelson River
05JL006,True,,159.0,104,12.0,11.0,24.0,31.0,2.0,31.0,05,Nelson River
05JL007,True,,414.0,363,4.0,3.0,9.0,42.0,2.0,42.0,05,Nelson River
05JM001,True,,4748.0,4644,12.0,9.0,52.0,52.0,4.0,20.0,05,Nelson River
05JM006,True,,29479.0,22105,870.0,792.0,1911.0,5463.0,79.0,243.0,05,Nelson River
05JM007,True,,29455.0,20143,978.0,881.0,2857.0,6455.0,98.0,272.0,05,Nelson River
05JM010,True,,4687.0,3159,39.0,23.0,135.0,1393.0,17.0,171.0,05,Nelson River
05JM013,True,,3170.0,2293,12.0,4.0,13.0,864.0,9.0,121.0,05,Nelson River
05JM015,True,,4660.0,3454,22.0,11.0,66.0,1140.0,12.0,133.0,05,Nelson River
05JM018,False,n_obs<100,,31,,,,,,,05,Nelson River
05JM019,True,,2446.0,128,119.0,57.0,240.0,2078.0,63.0,119.0,05,Nelson River
05KA001,True,,4250.0,2947,15.0,2.0,2.0,1301.0,14.0,161.0,05,Nelson River
05KA002,True,,1475.0,267,95.0,76.0,328.0,880.0,20.0,199.0,05,Nelson River
05KA006,True,,4390.0,144,88.0,53.0,290.0,3956.0,36.0,417.0,05,Nelson River
05KA009,True,,3450.0,2181,12.0,3.0,8.0,1261.0,10.0,257.0,05,Nelson River
05KA010,True,,16961.0,1703,1098.0,992.0,4602.0,10656.0,107.0,250.0,05,Nelson River
05KA011,True,,17301.0,1992,1373.0,1280.0,5332.0,9977.0,94.0,240.0,05,Nelson River
05KA012,True,,17683.0,2480,1496.0,1411.0,5740.0,9463.0,86.0,213.0,05,Nelson River
05KB003,True,,3593.0,2344,30.0,18.0,77.0,1172.0,13.0,143.0,05,Nelson River
05KB005,True,,3167.0,2216,16.0,7.0,32.0,919.0,10.0,121.0,05,Nelson River
05KB006,True,,3176.0,2233,9.0,1.0,1.0,942.0,9.0,134.0,05,Nelson River
05KB011,True,,3137.0,1779,16.0,7.0,21.0,1337.0,10.0,506.0,05,Nelson River
05KC001,True,,3167.0,2200,9.0,1.0,1.0,966.0,9.0,128.0,05,Nelson River
05KD003,True,,4748.0,4707,3.0,1.0,1.0,40.0,3.0,25.0,05,Nelson River
05KD004,True,,22407.0,22252,2.0,1.0,1.0,154.0,2.0,154.0,05,Nelson River
05KD006,True,,13997.0,13491,15.0,8.0,57.0,449.0,8.0,131.0,05,Nelson River
05KD007,True,,3280.0,2795,18.0,10.0,59.0,426.0,9.0,217.0,05,Nelson River
05KE002,True,,2802.0,1843,13.0,5.0,27.0,932.0,9.0,200.0,05,Nelson River
05KE005,True,,4263.0,2864,17.0,6.0,20.0,1379.0,12.0,176.0,05,Nelson River
05KE007,True,,2717.0,1600,6.0,0.0,0.0,1117.0,7.0,466.0,05,Nelson River
05KE008,True,,20603.0,13875,290.0,240.0,675.0,6053.0,51.0,273.0,05,Nelson River
05KE009,True,,16217.0,2783,1202.0,1114.0,2545.0,10889.0,89.0,252.0,05,Nelson River
05KE010,True,,4383.0,4338,2.0,1.0,4.0,41.0,2.0,41.0,05,Nelson River
05KF001,True,,3167.0,2150,21.0,11.0,25.0,992.0,11.0,129.0,05,Nelson River
05KF002,True,,17671.0,3854,786.0,691.0,2015.0,11802.0,96.0,263.0,05,Nelson River
05KF003,True,,16953.0,1590,289.0,158.0,680.0,14683.0,132.0,265.0,05,Nelson River
05KF004,True,,17668.0,2532,335.0,215.0,726.0,14410.0,121.0,264.0,05,Nelson River
05KG001,False,n_obs<100,,90,,,,,,,05,Nelson River
05KG003,True,,13334.0,11817,357.0,338.0,691.0,826.0,20.0,108.0,05,Nelson River
05KG004,True,,16056.0,8816,865.0,804.0,2993.0,4247.0,62.0,212.0,05,Nelson River
05KG005,True,,17878.0,9026,1845.0,1823.0,8045.0,807.0,23.0,99.0,05,Nelson River
05KG006,True,,11111.0,4438,1840.0,1796.0,4077.0,2596.0,45.0,136.0,05,Nelson River
05KG007,True,,3593.0,3213,12.0,6.0,28.0,352.0,7.0,121.0,05,Nelson River
05KG009,True,,7714.0,1477,260.0,208.0,703.0,5534.0,53.0,231.0,05,Nelson River
05KG010,True,,20937.0,4681,930.0,823.0,1606.0,14650.0,108.0,973.0,05,Nelson River
05KH002,True,,25429.0,21025,443.0,413.0,821.0,3583.0,31.0,273.0,05,Nelson River
05KH003,True,,14706.0,7924,115.0,65.0,309.0,6473.0,51.0,868.0,05,Nelson River
05KH004,True,,14706.0,8171,112.0,63.0,287.0,6248.0,50.0,879.0,05,Nelson River
05KH006,True,,7119.0,2743,413.0,371.0,589.0,3787.0,43.0,200.0,05,Nelson River
05KH007,True,,8033.0,7421,25.0,14.0,83.0,529.0,12.0,125.0,05,Nelson River
05KH009,True,,804.0,792,2.0,2.0,12.0,0.0,1.0,7.0,05,Nelson River
05KH014,True,,2835.0,2686,6.0,4.0,30.0,119.0,3.0,60.0,05,Nelson River
05KH015,True,,4053.0,2637,16.0,4.0,12.0,1404.0,13.0,173.0,05,Nelson River
05KH701,True,,2437.0,2308,3.0,2.0,23.0,106.0,2.0,106.0,05,Nelson River
05KJ001,True,,8035.0,7855,18.0,14.0,83.0,97.0,5.0,29.0,05,Nelson River
05KJ014,True,,3129.0,2196,11.0,3.0,7.0,926.0,9.0,124.0,05,Nelson River
05KJ704,True,,3116.0,2343,45.0,32.0,89.0,684.0,14.0,130.0,05,Nelson River
05KJ705,True,,1858.0,1707,28.0,26.0,96.0,55.0,3.0,31.0,05,Nelson River
05KJ824,True,,21715.0,4567,1664.0,1489.0,9838.0,7310.0,176.0,467.0,05,Nelson River
05KK001,True,,10809.0,7166,569.0,559.0,3078.0,565.0,11.0,251.0,05,Nelson River
05KK002,True,,25316.0,17739,2304.0,2235.0,5411.0,2166.0,70.0,110.0,05,Nelson River
05KK003,True,,4538.0,1472,429.0,401.0,1818.0,1248.0,29.0,298.0,05,Nelson River
05KK005,True,,21875.0,19720,107.0,53.0,342.0,1813.0,55.0,97.0,05,Nelson River
05KK006,True,,21875.0,19971,85.0,39.0,288.0,1616.0,47.0,97.0,05,Nelson River
05KK009,True,,8433.0,8223,22.0,20.0,149.0,61.0,3.0,42.0,05,Nelson River
05KK708,True,,3815.0,3675,6.0,2.0,2.0,138.0,5.0,49.0,05,Nelson River
05KK710,True,,2645.0,2570,2.0,0.0,0.0,75.0,3.0,41.0,05,Nelson River
05KK711,True,,1817.0,1811,1.0,1.0,6.0,0.0,1.0,6.0,05,Nelson River
05KK712,True,,1871.0,1871,0.0,0.0,0.0,0.0,1.0,0.0,05,Nelson River
05KL005,True,,28983.0,21805,436.0,365.0,1912.0,5266.0,72.0,885.0,05,Nelson River
05KL009,True,,6693.0,5876,48.0,29.0,209.0,608.0,20.0,55.0,05,Nelson River
05KL701,True,,4212.0,3910,18.0,12.0,42.0,260.0,7.0,73.0,05,Nelson River
05LA003,True,,3493.0,2182,11.0,1.0,1.0,1310.0,11.0,209.0,05,Nelson River
05LA004,True,,3121.0,1590,18.0,9.0,19.0,1512.0,10.0,536.0,05,Nelson River
05LA005,True,,2762.0,1916,10.0,2.0,9.0,837.0,9.0,121.0,05,Nelson River
05LA007,True,,20838.0,4190,682.0,568.0,1347.0,15301.0,115.0,657.0,05,Nelson River
05LB004,True,,2750.0,1932,7.0,0.0,0.0,818.0,8.0,159.0,05,Nelson River
05LB005,True,,3161.0,2224,11.0,3.0,10.0,927.0,9.0,121.0,05,Nelson River
05LB006,True,,2397.0,1491,14.0,6.0,55.0,851.0,9.0,160.0,05,Nelson River
05LB007,True,,2805.0,1981,10.0,3.0,17.0,807.0,8.0,126.0,05,Nelson River
05LB010,True,,2766.0,1844,15.0,7.0,25.0,897.0,9.0,186.0,05,Nelson River
05LB011,True,,20551.0,4185,1098.0,957.0,2823.0,13543.0,142.0,261.0,05,Nelson River
05LB012,True,,15866.0,2152,956.0,819.0,2927.0,10787.0,138.0,237.0,05,Nelson River
05LC001,True,,4748.0,4636,15.0,13.0,43.0,69.0,3.0,43.0,05,Nelson River
05LC003,True,,29562.0,9566,328.0,280.0,605.0,19391.0,49.0,15381.0,05,Nelson River
05LC004,True,,4053.0,2605,17.0,4.0,5.0,1443.0,14.0,181.0,05,Nelson River
05LD001,True,,7916.0,5200,37.0,13.0,79.0,2637.0,25.0,159.0,05,Nelson River
05LD002,True,,22258.0,12066,498.0,455.0,1337.0,8855.0,44.0,6663.0,05,Nelson River
05LD003,True,,2802.0,1704,13.0,7.0,55.0,1043.0,7.0,476.0,05,Nelson River
05LE001,True,,3897.0,2444,28.0,13.0,61.0,1392.0,16.0,139.0,05,Nelson River
05LE004,True,,7915.0,5343,27.0,5.0,33.0,2539.0,23.0,121.0,05,Nelson River
05LE005,True,,7895.0,4916,49.0,16.0,48.0,2931.0,34.0,133.0,05,Nelson River
05LE006,True,,7915.0,4968,36.0,6.0,57.0,2890.0,31.0,147.0,05,Nelson River
05LE007,True,,15945.0,4094,448.0,357.0,2150.0,9701.0,92.0,1912.0,05,Nelson River
05LE008,True,,2436.0,1245,5.0,1.0,1.0,1190.0,5.0,850.0,05,Nelson River
05LE010,True,,7550.0,4455,51.0,13.0,57.0,3038.0,39.0,174.0,05,Nelson River
05LE011,True,,3402.0,1133,15.0,3.0,13.0,2256.0,13.0,996.0,05,Nelson River
05LE012,True,,20532.0,6764,779.0,668.0,1625.0,12143.0,112.0,518.0,05,Nelson River
05LF801,True,,21392.0,8869,238.0,158.0,1020.0,11503.0,81.0,702.0,05,Nelson River
05LF802,True,,2922.0,2750,5.0,2.0,10.0,162.0,4.0,77.0,05,Nelson River
05LG003,True,,3167.0,1952,19.0,4.0,10.0,1205.0,16.0,135.0,05,Nelson River
05LG004,True,,7505.0,4959,35.0,12.0,26.0,2520.0,24.0,139.0,05,Nelson River
05LG006,True,,4263.0,1441,18.0,1.0,13.0,2809.0,18.0,293.0,05,Nelson River
05LG801,True,,21630.0,11923,106.0,37.0,235.0,9472.0,70.0,274.0,05,Nelson River
05LH001,True,,40401.0,39117,51.0,33.0,172.0,1112.0,19.0,183.0,05,Nelson River
05LH005,True,,8035.0,7688,27.0,19.0,78.0,269.0,9.0,61.0,05,Nelson River
05LH006,True,,9500.0,2439,2361.0,2330.0,3713.0,3348.0,32.0,734.0,05,Nelson River
05LH008,True,,15876.0,11968,1502.0,1457.0,2333.0,1575.0,46.0,110.0,05,Nelson River
05LJ005,True,,7611.0,4782,46.0,18.0,77.0,2752.0,29.0,158.0,05,Nelson River
05LJ007,True,,7915.0,5236,41.0,17.0,77.0,2602.0,25.0,125.0,05,Nelson River
05LJ009,True,,27393.0,24981,578.0,556.0,1852.0,560.0,23.0,53.0,05,Nelson River
05LJ010,True,,7550.0,4986,27.0,3.0,17.0,2547.0,25.0,132.0,05,Nelson River
05LJ012,True,,7550.0,4884,30.0,5.0,9.0,2657.0,26.0,179.0,05,Nelson River
05LJ019,True,,7550.0,3733,26.0,3.0,13.0,3804.0,24.0,281.0,05,Nelson River
05LJ025,True,,8035.0,7681,21.0,11.0,67.0,287.0,11.0,43.0,05,Nelson River
05LJ027,True,,7877.0,4709,44.0,17.0,61.0,3107.0,28.0,193.0,05,Nelson River
05LJ045,True,,7899.0,4938,41.0,14.0,70.0,2891.0,28.0,177.0,05,Nelson River
05LJ046,True,,4639.0,4504,7.0,2.0,23.0,112.0,6.0,27.0,05,Nelson River
05LJ801,True,,3437.0,1076,43.0,19.0,114.0,2247.0,25.0,287.0,05,Nelson River
05LJ803,True,,19921.0,10234,79.0,22.0,131.0,9556.0,58.0,286.0,05,Nelson River
05LJ807,True,,12594.0,10949,47.0,15.0,110.0,1535.0,33.0,174.0,05,Nelson River
05LJ808,True,,12033.0,9550,77.0,19.0,178.0,2305.0,59.0,147.0,05,Nelson River
05LJ810,True,,3218.0,2754,24.0,15.0,116.0,348.0,10.0,81.0,05,Nelson River
05LJ811,True,,12042.0,10774,39.0,14.0,98.0,1170.0,26.0,147.0,05,Nelson River
05LJ812,True,,11579.0,4744,181.0,70.0,440.0,6395.0,112.0,307.0,05,Nelson River
05LJ816,True,,31613.0,16623,1530.0,1457.0,2616.0,12374.0,74.0,6841.0,05,Nelson River
05LK001,True,,20189.0,4772,434.0,425.0,693.0,14724.0,10.0,14099.0,05,Nelson River
05LK002,True,,36657.0,36409,21.0,14.0,31.0,217.0,8.0,63.0,05,Nelson River
05LK003,True,,14113.0,13314,241.0,229.0,461.0,338.0,13.0,66.0,05,Nelson River
05LK004,True,,9275.0,8857,44.0,36.0,108.0,310.0,9.0,83.0,05,Nelson River
05LL002,True,,8016.0,7851,11.0,6.0,36.0,129.0,6.0,38.0,05,Nelson River
05LL003,True,,20213.0,18951,165.0,151.0,222.0,1040.0,15.0,210.0,05,Nelson River
05LL005,True,,7915.0,5115,45.0,21.0,93.0,2707.0,25.0,157.0,05,Nelson River
05LL012,True,,21615.0,20714,85.0,65.0,298.0,603.0,21.0,70.0,05,Nelson River
05LL014,True,,8035.0,7869,11.0,7.0,45.0,121.0,5.0,36.0,05,Nelson River
05LL015,True,,7910.0,5030,38.0,10.0,59.0,2821.0,29.0,177.0,05,Nelson River
05LL019,True,,7631.0,1931,49.0,14.0,87.0,5613.0,36.0,661.0,05,Nelson River
05LL021,True,,4075.0,2499,18.0,6.0,19.0,1557.0,13.0,168.0,05,Nelson River
05LL027,True,,7780.0,3744,73.0,36.0,202.0,3834.0,38.0,320.0,05,Nelson River
05LL802,True,,13110.0,10702,120.0,59.0,457.0,1951.0,62.0,89.0,05,Nelson River
05LL809,True,,20292.0,18287,68.0,30.0,229.0,1776.0,39.0,158.0,05,Nelson River
05LL810,True,,6198.0,3804,44.0,16.0,142.0,2252.0,29.0,170.0,05,Nelson River
05LL820,True,,8968.0,4204,30.0,1.0,13.0,4751.0,30.0,712.0,05,Nelson River
05LL821,True,,7507.0,2559,35.0,4.0,21.0,4927.0,32.0,620.0,05,Nelson River
05LL822,True,,8191.0,3683,46.0,10.0,73.0,4435.0,37.0,265.0,05,Nelson River
05LL823,True,,7122.0,2919,34.0,6.0,52.0,4151.0,29.0,363.0,05,Nelson River
05LL824,True,,8901.0,4416,33.0,4.0,32.0,4453.0,30.0,279.0,05,Nelson River
05LM001,True,,8035.0,7882,26.0,23.0,101.0,52.0,4.0,20.0,05,Nelson River
05LM002,True,,14555.0,7840,467.0,431.0,1019.0,5696.0,37.0,303.0,05,Nelson River
05LM003,True,,5946.0,2862,123.0,96.0,393.0,2691.0,28.0,1417.0,05,Nelson River
05LM005,True,,21048.0,20331,67.0,51.0,284.0,433.0,17.0,49.0,05,Nelson River
05LM006,True,,8035.0,7774,24.0,20.0,94.0,167.0,5.0,58.0,05,Nelson River
05LM801,True,,6393.0,4861,30.0,12.0,28.0,1504.0,19.0,210.0,05,Nelson River
05LN004,True,,5646.0,4042,54.0,20.0,92.0,1512.0,35.0,149.0,05,Nelson River
05LN005,True,,5318.0,2947,29.0,10.0,61.0,2310.0,20.0,182.0,05,Nelson River
05LN006,True,,3744.0,2293,19.0,7.0,40.0,1411.0,13.0,164.0,05,Nelson River
05LN805,True,,5382.0,4264,18.0,2.0,25.0,1093.0,17.0,162.0,05,Nelson River
05MA002,True,,37896.0,5017,849.0,615.0,2463.0,30416.0,235.0,11821.0,05,Nelson River
05MA003,False,n_obs<100,,93,,,,,,,05,Nelson River
05MA004,False,n_obs<100,,85,,,,,,,05,Nelson River
05MA005,False,n_obs<100,,28,,,,,,,05,Nelson River
05MA007,True,,4587.0,191,124.0,54.0,322.0,4074.0,71.0,354.0,05,Nelson River
05MA010,True,,24357.0,7306,617.0,386.0,1558.0,15493.0,232.0,846.0,05,Nelson River
05MA011,True,,4287.0,2633,29.0,13.0,64.0,1590.0,17.0,212.0,05,Nelson River
05MA012,True,,4307.0,2444,26.0,11.0,58.0,1805.0,16.0,252.0,05,Nelson River
05MA016,True,,4121.0,1667,31.0,19.0,97.0,2357.0,13.0,307.0,05,Nelson River
05MA020,True,,4649.0,2123,24.0,8.0,35.0,2491.0,17.0,282.0,05,Nelson River
05MA021,True,,4124.0,1802,22.0,6.0,28.0,2294.0,17.0,280.0,05,Nelson River
05MA024,True,,6747.0,1456,123.0,89.0,334.0,4957.0,35.0,608.0,05,Nelson River
05MA025,True,,4468.0,2052,23.0,10.0,30.0,2386.0,14.0,578.0,05,Nelson River
05MB001,True,,4320.0,3158,12.0,1.0,5.0,1157.0,12.0,137.0,05,Nelson River
05MB003,True,,4311.0,3201,15.0,6.0,28.0,1082.0,10.0,133.0,05,Nelson River
05MB005,True,,3125.0,2044,19.0,9.0,39.0,1042.0,11.0,157.0,05,Nelson River
05MB006,True,,3085.0,1559,12.0,3.0,10.0,1516.0,10.0,301.0,05,Nelson River
05MB007,True,,2820.0,1928,11.0,3.0,4.0,888.0,9.0,176.0,05,Nelson River
05MB009,True,,10251.0,6170,105.0,65.0,243.0,3838.0,41.0,242.0,05,Nelson River
05MB010,True,,20988.0,7196,1586.0,1495.0,4255.0,9537.0,92.0,629.0,05,Nelson River
05MB013,True,,21300.0,7091,941.0,799.0,3109.0,11100.0,143.0,459.0,05,Nelson River
05MB014,True,,20596.0,5640,1212.0,1086.0,3717.0,11239.0,127.0,305.0,05,Nelson River
05MC001,True,,4296.0,3011,19.0,5.0,33.0,1252.0,15.0,132.0,05,Nelson River
05MC002,True,,2657.0,1239,19.0,11.0,29.0,1389.0,9.0,252.0,05,Nelson River
05MC003,True,,4317.0,3098,21.0,10.0,32.0,1187.0,12.0,162.0,05,Nelson River
05MD004,True,,4748.0,4645,37.0,36.0,83.0,20.0,2.0,20.0,05,Nelson River
05MD005,True,,8012.0,7526,20.0,9.0,44.0,442.0,12.0,76.0,05,Nelson River
05MD007,True,,7550.0,3799,35.0,12.0,28.0,3723.0,24.0,301.0,05,Nelson River
05MD009,True,,20072.0,19490,52.0,36.0,216.0,366.0,17.0,41.0,05,Nelson River
05MD010,True,,4295.0,2541,25.0,6.0,23.0,1731.0,20.0,195.0,05,Nelson River
05MD011,True,,2380.0,1616,7.0,0.0,0.0,764.0,8.0,120.0,05,Nelson River
05MD012,True,,246.0,229,1.0,0.0,0.0,17.0,2.0,17.0,05,Nelson River
05MD801,True,,5018.0,3043,24.0,6.0,25.0,1950.0,19.0,525.0,05,Nelson River
05MD802,True,,6387.0,4347,23.0,3.0,15.0,2025.0,21.0,271.0,05,Nelson River
05MD804,True,,19796.0,9931,744.0,647.0,1317.0,8548.0,98.0,239.0,05,Nelson River
05ME001,True,,8009.0,6809,26.0,18.0,79.0,1121.0,9.0,867.0,05,Nelson River
05ME003,True,,7550.0,4933,31.0,8.0,47.0,2570.0,24.0,129.0,05,Nelson River
05ME005,True,,7493.0,3540,46.0,9.0,50.0,3903.0,38.0,265.0,05,Nelson River
05ME006,True,,7550.0,5052,45.0,23.0,92.0,2406.0,23.0,123.0,05,Nelson River
05ME007,True,,3915.0,2236,30.0,16.0,72.0,1607.0,15.0,280.0,05,Nelson River
05ME009,True,,7550.0,4709,32.0,6.0,14.0,2827.0,27.0,197.0,05,Nelson River
05ME010,True,,7550.0,3610,27.0,4.0,28.0,3912.0,24.0,312.0,05,Nelson River
05ME011,True,,3820.0,3665,36.0,35.0,110.0,45.0,2.0,45.0,05,Nelson River
05ME012,True,,1216.0,1115,11.0,8.0,29.0,72.0,4.0,33.0,05,Nelson River
05ME802,True,,4302.0,3404,22.0,8.0,22.0,876.0,15.0,217.0,05,Nelson River
05ME803,True,,11560.0,7280,87.0,10.0,83.0,4197.0,78.0,139.0,05,Nelson River
05MF001,True,,8035.0,7860,20.0,14.0,37.0,138.0,7.0,34.0,05,Nelson River
05MF008,True,,7915.0,4066,37.0,13.0,39.0,3810.0,25.0,279.0,05,Nelson River
05MF018,True,,3758.0,2510,14.0,2.0,13.0,1235.0,13.0,122.0,05,Nelson River
05MF019,True,,17912.0,9286,40.0,14.0,53.0,8573.0,27.0,6087.0,05,Nelson River
05MF020,True,,23056.0,21932,57.0,31.0,250.0,874.0,27.0,76.0,05,Nelson River
05MF023,False,n_obs<100,,78,,,,,,,05,Nelson River
05MF024,True,,7184.0,3973,24.0,3.0,26.0,3185.0,22.0,280.0,05,Nelson River
05MF801,True,,12041.0,6014,394.0,290.0,956.0,5071.0,105.0,239.0,05,Nelson River
05MF803,True,,3893.0,3457,11.0,9.0,49.0,387.0,3.0,366.0,05,Nelson River
05MF804,True,,4159.0,1164,153.0,139.0,332.0,2663.0,15.0,608.0,05,Nelson River
05MG001,True,,7517.0,3359,43.0,17.0,88.0,4070.0,27.0,308.0,05,Nelson River
05MG003,True,,7815.0,3131,42.0,16.0,67.0,4617.0,27.0,322.0,05,Nelson River
05MG004,True,,7550.0,4691,29.0,8.0,76.0,2783.0,22.0,251.0,05,Nelson River
05MG007,True,,10430.0,5712,86.0,45.0,157.0,4561.0,42.0,258.0,05,Nelson River
05MG013,True,,3819.0,3631,11.0,6.0,19.0,169.0,6.0,59.0,05,Nelson River
05MG014,True,,3821.0,3628,14.0,8.0,15.0,178.0,7.0,52.0,05,Nelson River
05MG015,True,,3759.0,2378,17.0,4.0,9.0,1372.0,14.0,150.0,05,Nelson River
05MG801,True,,4300.0,2267,55.0,27.0,86.0,1947.0,29.0,193.0,05,Nelson River
05MG802,True,,5679.0,4227,19.0,1.0,6.0,1446.0,19.0,205.0,05,Nelson River
05MG803,True,,12014.0,9771,68.0,12.0,107.0,2136.0,57.0,125.0,05,Nelson River
05MH001,True,,3461.0,3347,16.0,13.0,35.0,79.0,4.0,38.0,05,Nelson River
05MH005,True,,8035.0,7813,31.0,25.0,115.0,107.0,7.0,21.0,05,Nelson River
05MH006,True,,7915.0,3817,31.0,7.0,43.0,4055.0,25.0,297.0,05,Nelson River
05MH007,True,,7545.0,4345,67.0,34.0,158.0,3042.0,34.0,176.0,05,Nelson River
05MH008,True,,7915.0,4587,43.0,14.0,94.0,3234.0,30.0,224.0,05,Nelson River
05MH013,True,,4700.0,4648,7.0,5.0,17.0,35.0,3.0,18.0,05,Nelson River
05MJ001,True,,8035.0,7950,20.0,19.0,64.0,21.0,2.0,21.0,05,Nelson River
05MJ003,True,,7915.0,3979,43.0,19.0,91.0,3845.0,25.0,268.0,05,Nelson River
05MJ004,True,,7915.0,5273,35.0,11.0,49.0,2593.0,25.0,149.0,05,Nelson River
05MJ006,True,,19501.0,16261,104.0,60.0,370.0,2870.0,45.0,217.0,05,Nelson River
05MJ012,True,,8645.0,4133,39.0,12.0,60.0,4452.0,28.0,298.0,05,Nelson River
05MJ013,True,,3897.0,2614,14.0,2.0,10.0,1273.0,13.0,146.0,05,Nelson River
05MJ802,True,,8447.0,3551,40.0,3.0,18.0,4878.0,38.0,277.0,05,Nelson River
05NA003,True,,4748.0,3856,10.0,2.0,24.0,868.0,9.0,236.0,05,Nelson River
05NA004,True,,2667.0,1566,15.0,5.0,19.0,1082.0,11.0,199.0,05,Nelson River
05NA005,True,,4689.0,2581,21.0,7.0,39.0,2069.0,15.0,261.0,05,Nelson River
05NA006,True,,23300.0,11502,812.0,544.0,2168.0,9630.0,269.0,121.0,05,Nelson River
05NA007,False,n_obs<100,,53,,,,,,,05,Nelson River
05NA009,True,,11201.0,6616,317.0,267.0,521.0,4064.0,51.0,151.0,05,Nelson River
05NB001,True,,4748.0,4377,8.0,4.0,22.0,349.0,5.0,182.0,05,Nelson River
05NB005,True,,1779.0,120,64.0,39.0,226.0,1433.0,26.0,226.0,05,Nelson River
05NB011,True,,4552.0,2149,26.0,13.0,80.0,2323.0,14.0,291.0,05,Nelson River
05NB012,True,,23650.0,22664,76.0,64.0,282.0,704.0,13.0,365.0,05,Nelson River
05NB014,True,,4659.0,2107,20.0,5.0,36.0,2516.0,16.0,577.0,05,Nelson River
05NB016,True,,23669.0,10829,942.0,659.0,2433.0,10407.0,284.0,204.0,05,Nelson River
05NB018,True,,4496.0,1454,19.0,4.0,16.0,3026.0,16.0,583.0,05,Nelson River
05NB020,True,,23642.0,22460,167.0,155.0,605.0,577.0,13.0,122.0,05,Nelson River
05NB021,True,,4748.0,4707,2.0,1.0,2.0,39.0,2.0,39.0,05,Nelson River
05NB022,True,,13015.0,5702,361.0,179.0,983.0,6330.0,183.0,229.0,05,Nelson River
05NB024,True,,11912.0,7686,111.0,70.0,224.0,4002.0,42.0,234.0,05,Nelson River
05NB027,True,,365.0,365,0.0,0.0,0.0,0.0,1.0,0.0,05,Nelson River
05NB029,True,,13015.0,4110,358.0,162.0,938.0,7967.0,197.0,369.0,05,Nelson River
05NB031,True,,3168.0,1899,12.0,3.0,15.0,1254.0,10.0,235.0,05,Nelson River
05NB032,True,,11878.0,11813,4.0,2.0,19.0,46.0,3.0,26.0,05,Nelson River
05NB033,True,,4485.0,1997,24.0,9.0,41.0,2447.0,16.0,272.0,05,Nelson River
05NB035,True,,4489.0,1325,17.0,4.0,15.0,3149.0,14.0,645.0,05,Nelson River
05NB036,True,,4748.0,4595,12.0,7.0,44.0,109.0,6.0,34.0,05,Nelson River
05NB037,True,,2134.0,1928,10.0,3.0,19.0,187.0,8.0,30.0,05,Nelson River
05NB038,True,,4615.0,2010,28.0,10.0,66.0,2539.0,19.0,259.0,05,Nelson River
05NB039,True,,4452.0,1249,20.0,6.0,35.0,3168.0,15.0,644.0,05,Nelson River
05NB040,True,,4675.0,2635,35.0,18.0,101.0,1939.0,18.0,262.0,05,Nelson River
05NB041,True,,4571.0,2332,20.0,7.0,37.0,2202.0,14.0,612.0,05,Nelson River
05NC001,True,,3168.0,2443,10.0,3.0,8.0,717.0,8.0,137.0,05,Nelson River
05NC002,True,,23842.0,19065,432.0,325.0,1341.0,3436.0,108.0,155.0,05,Nelson River
05NC006,True,,11880.0,6817,116.0,54.0,330.0,4733.0,63.0,201.0,05,Nelson River
05ND004,True,,1461.0,1355,4.0,3.0,19.0,87.0,2.0,87.0,05,Nelson River
05ND006,True,,11201.0,6950,65.0,29.0,133.0,4118.0,37.0,313.0,05,Nelson River
05ND007,True,,365.0,347,6.0,6.0,18.0,0.0,1.0,7.0,05,Nelson River
05ND008,True,,21260.0,1825,532.0,211.0,1231.0,18204.0,322.0,356.0,05,Nelson River
05ND009,True,,21353.0,5502,848.0,667.0,2811.0,13040.0,182.0,1200.0,05,Nelson River
05ND010,True,,4748.0,4737,6.0,6.0,11.0,0.0,1.0,4.0,05,Nelson River
05ND011,True,,4469.0,1523,28.0,9.0,53.0,2893.0,20.0,340.0,05,Nelson River
05ND012,True,,11688.0,11688,0.0,0.0,0.0,0.0,1.0,0.0,05,Nelson River
05ND013,True,,3689.0,3461,17.0,11.0,34.0,194.0,7.0,42.0,05,Nelson River
05NE002,True,,25108.0,13938,962.0,870.0,2466.0,8704.0,93.0,304.0,05,Nelson River
05NE003,True,,4687.0,3455,14.0,2.0,8.0,1224.0,13.0,143.0,05,Nelson River
05NF001,True,,7550.0,3785,35.0,11.0,63.0,3702.0,25.0,318.0,05,Nelson River
05NF002,True,,7915.0,5064,31.0,3.0,20.0,2831.0,29.0,167.0,05,Nelson River
05NF006,True,,4288.0,3107,13.0,4.0,21.0,1160.0,10.0,205.0,05,Nelson River
05NF007,True,,7915.0,5151,28.0,5.0,21.0,2743.0,24.0,212.0,05,Nelson River
05NF008,True,,7801.0,3079,28.0,4.0,10.0,4712.0,25.0,549.0,05,Nelson River
05NF010,True,,4473.0,1909,22.0,6.0,33.0,2531.0,17.0,271.0,05,Nelson River
05NF012,True,,6209.0,6033,44.0,42.0,112.0,64.0,3.0,35.0,05,Nelson River
05NF014,False,n_obs<100,,16,,,,,,,05,Nelson River
05NF803,True,,5038.0,2419,46.0,16.0,120.0,2499.0,31.0,347.0,05,Nelson River
05NF804,True,,10925.0,6865,166.0,109.0,138.0,3922.0,58.0,365.0,05,Nelson River
05NF805,True,,13011.0,5835,81.0,11.0,86.0,7090.0,71.0,267.0,05,Nelson River
05NG001,True,,8035.0,7884,12.0,9.0,53.0,98.0,4.0,53.0,05,Nelson River
05NG003,True,,7915.0,5007,31.0,7.0,39.0,2869.0,25.0,231.0,05,Nelson River
05NG007,True,,7884.0,4097,28.0,5.0,17.0,3770.0,24.0,287.0,05,Nelson River
05NG010,True,,7180.0,3584,33.0,11.0,30.0,3566.0,23.0,301.0,05,Nelson River
05NG012,True,,7884.0,3886,36.0,13.0,50.0,3948.0,24.0,303.0,05,Nelson River
05NG019,True,,4122.0,2721,17.0,5.0,23.0,1378.0,13.0,151.0,05,Nelson River
05NG020,True,,7434.0,2921,48.0,18.0,85.0,4428.0,31.0,308.0,05,Nelson River
05NG021,True,,7915.0,5196,33.0,9.0,57.0,2662.0,25.0,172.0,05,Nelson River
05NG022,True,,7753.0,2062,604.0,569.0,1060.0,4631.0,36.0,368.0,05,Nelson River
05NG023,True,,19410.0,8683,108.0,42.0,249.0,10478.0,67.0,1054.0,05,Nelson River
05NG024,True,,4748.0,4631,14.0,13.0,47.0,70.0,2.0,70.0,05,Nelson River
05NG801,True,,11891.0,5280,51.0,3.0,28.0,6583.0,49.0,284.0,05,Nelson River
05NG803,True,,12357.0,8981,57.0,10.0,86.0,3290.0,48.0,231.0,05,Nelson River
05NG806,True,,10500.0,5916,69.0,16.0,74.0,4510.0,54.0,233.0,05,Nelson River
05NG807,True,,7218.0,5145,23.0,9.0,40.0,2033.0,15.0,306.0,05,Nelson River
05NG809,True,,21719.0,6026,562.0,467.0,905.0,14788.0,96.0,1783.0,05,Nelson River
05NG810,True,,6748.0,2971,27.0,1.0,9.0,3768.0,27.0,291.0,05,Nelson River
05NG813,True,,21349.0,12243,743.0,644.0,1537.0,7569.0,100.0,970.0,05,Nelson River
05NG814,True,,19085.0,16355,58.0,18.0,120.0,2610.0,41.0,156.0,05,Nelson River
05OA001,True,,3757.0,2488,15.0,4.0,20.0,1249.0,12.0,132.0,05,Nelson River
05OA006,True,,7499.0,3481,38.0,15.0,79.0,3939.0,24.0,312.0,05,Nelson River
05OA007,True,,7915.0,4834,44.0,13.0,68.0,3013.0,32.0,167.0,05,Nelson River
05OA010,True,,7550.0,4292,56.0,29.0,145.0,3113.0,28.0,240.0,05,Nelson River
05OA017,False,n_obs<100,,89,,,,,,,05,Nelson River
05OA019,True,,3492.0,2340,11.0,1.0,7.0,1145.0,11.0,143.0,05,Nelson River
05OA801,True,,11687.0,11015,41.0,34.0,155.0,517.0,8.0,365.0,05,Nelson River
05OA802,True,,23968.0,16301,1154.0,1038.0,3257.0,4410.0,117.0,221.0,05,Nelson River
05OA803,True,,30198.0,18642,183.0,152.0,677.0,10879.0,32.0,9012.0,05,Nelson River
05OA804,True,,438.0,168,5.0,0.0,0.0,270.0,6.0,193.0,05,Nelson River
05OB001,True,,7550.0,4880,36.0,11.0,75.0,2595.0,26.0,166.0,05,Nelson River
05OB007,True,,8035.0,7568,43.0,34.0,164.0,303.0,10.0,75.0,05,Nelson River
05OB010,True,,7505.0,3651,30.0,8.0,55.0,3799.0,23.0,299.0,05,Nelson River
05OB014,True,,21748.0,19733,70.0,31.0,213.0,1802.0,40.0,366.0,05,Nelson River
05OB016,True,,8035.0,7892,11.0,6.0,27.0,116.0,6.0,33.0,05,Nelson River
05OB018,True,,11749.0,6798,53.0,10.0,50.0,4901.0,44.0,191.0,05,Nelson River
05OB019,True,,3753.0,2309,16.0,3.0,18.0,1426.0,14.0,179.0,05,Nelson River
05OB021,True,,8035.0,7719,25.0,16.0,69.0,247.0,10.0,47.0,05,Nelson River
05OB023,True,,7550.0,4876,45.0,20.0,107.0,2567.0,26.0,127.0,05,Nelson River
05OB027,True,,13028.0,9394,43.0,7.0,58.0,3576.0,37.0,189.0,05,Nelson River
05OB034,True,,12046.0,9272,106.0,35.0,320.0,2454.0,72.0,279.0,05,Nelson River
05OB801,True,,10854.0,6380,46.0,3.0,24.0,4450.0,44.0,216.0,05,Nelson River
05OB804,True,,14124.0,7438,2675.0,2656.0,6246.0,440.0,20.0,40.0,05,Nelson River
05OB806,True,,5279.0,1658,37.0,5.0,47.0,3574.0,33.0,268.0,05,Nelson River
05OC001,True,,8035.0,7863,18.0,14.0,43.0,129.0,5.0,42.0,05,Nelson River
05OC003,True,,20005.0,4905,49.0,33.0,123.0,14977.0,17.0,5696.0,05,Nelson River
05OC004,True,,6209.0,5977,65.0,62.0,168.0,64.0,4.0,32.0,05,Nelson River
05OC006,True,,8363.0,852,29.0,3.0,4.0,7507.0,27.0,687.0,05,Nelson River
05OC008,True,,6786.0,2952,27.0,9.0,49.0,3785.0,19.0,1054.0,05,Nelson River
05OC009,True,,8364.0,757,30.0,5.0,29.0,7578.0,26.0,993.0,05,Nelson River
05OC010,True,,23417.0,3687,91.0,30.0,100.0,19630.0,62.0,1061.0,05,Nelson River
05OC012,True,,8035.0,7801,27.0,21.0,65.0,169.0,7.0,43.0,05,Nelson River
05OC016,True,,7547.0,4767,51.0,28.0,142.0,2638.0,24.0,159.0,05,Nelson River
05OC017,True,,7646.0,715,28.0,7.0,31.0,6900.0,22.0,990.0,05,Nelson River
05OC019,True,,7912.0,5038,38.0,11.0,37.0,2837.0,28.0,179.0,05,Nelson River
05OC020,True,,19404.0,3538,67.0,12.0,56.0,15810.0,56.0,1067.0,05,Nelson River
05OC021,True,,19556.0,10052,64.0,15.0,61.0,9443.0,50.0,300.0,05,Nelson River
05OC022,True,,7515.0,3496,31.0,8.0,22.0,3997.0,24.0,283.0,05,Nelson River
05OC024,True,,7491.0,2804,37.0,11.0,66.0,4621.0,27.0,304.0,05,Nelson River
05OC026,True,,15186.0,7012,57.0,12.0,48.0,8126.0,46.0,1063.0,05,Nelson River
05OC027,True,,10168.0,9566,11.0,5.0,36.0,566.0,7.0,184.0,05,Nelson River
05OC028,True,,20428.0,6760,427.0,300.0,668.0,13000.0,128.0,721.0,05,Nelson River
05OC029,True,,5171.0,557,18.0,6.0,29.0,4585.0,13.0,988.0,05,Nelson River
05OC801,True,,1461.0,1345,35.0,34.0,91.0,25.0,2.0,25.0,05,Nelson River
05OD001,True,,7915.0,4945,49.0,20.0,59.0,2911.0,30.0,168.0,05,Nelson River
05OD004,True,,7914.0,4298,31.0,8.0,36.0,3580.0,24.0,260.0,05,Nelson River
05OD028,True,,7887.0,3407,50.0,21.0,99.0,4381.0,30.0,285.0,05,Nelson River
05OD034,True,,4124.0,2478,21.0,5.0,20.0,1626.0,17.0,191.0,05,Nelson River
05OD802,True,,11947.0,7949,64.0,21.0,93.0,3905.0,44.0,186.0,05,Nelson River
05OE001,True,,7915.0,5052,35.0,10.0,65.0,2798.0,26.0,148.0,05,Nelson River
05OE004,True,,7915.0,5124,38.0,11.0,54.0,2737.0,28.0,146.0,05,Nelson River
05OE006,True,,7550.0,3105,61.0,31.0,145.0,4300.0,31.0,303.0,05,Nelson River
05OE007,True,,7516.0,3603,64.0,39.0,168.0,3745.0,26.0,274.0,05,Nelson River
05OE009,True,,7440.0,3916,27.0,5.0,33.0,3491.0,23.0,246.0,05,Nelson River
05OE010,True,,7909.0,4064,27.0,4.0,30.0,3815.0,24.0,298.0,05,Nelson River
05OE011,True,,7550.0,3747,29.0,4.0,29.0,3774.0,26.0,297.0,05,Nelson River
05OE014,True,,7550.0,3391,35.0,9.0,40.0,4119.0,27.0,291.0,05,Nelson River
05OE015,True,,7550.0,4979,32.0,9.0,53.0,2518.0,24.0,139.0,05,Nelson River
05OE823,True,,22111.0,19551,79.0,33.0,223.0,2337.0,47.0,366.0,05,Nelson River
05OF003,True,,7911.0,4265,32.0,10.0,26.0,3620.0,23.0,304.0,05,Nelson River
05OF008,True,,19625.0,13490,704.0,625.0,1468.0,4667.0,80.0,162.0,05,Nelson River
05OF009,True,,7900.0,3813,37.0,10.0,37.0,4050.0,28.0,289.0,05,Nelson River
05OF011,True,,4118.0,2670,20.0,7.0,19.0,1429.0,14.0,169.0,05,Nelson River
05OF014,True,,7914.0,5174,38.0,15.0,53.0,2687.0,24.0,159.0,05,Nelson River
05OF017,True,,7786.0,3527,46.0,15.0,92.0,4167.0,32.0,273.0,05,Nelson River
05OF018,True,,7790.0,2456,68.0,36.0,174.0,5160.0,33.0,331.0,05,Nelson River
05OF020,True,,7911.0,3904,37.0,10.0,60.0,3947.0,28.0,290.0,05,Nelson River
05OF023,True,,7949.0,4637,53.0,21.0,113.0,3199.0,33.0,213.0,05,Nelson River
05OF024,True,,7550.0,3877,38.0,12.0,69.0,3604.0,27.0,274.0,05,Nelson River
05OF025,True,,8505.0,1599,60.0,25.0,164.0,6742.0,36.0,675.0,05,Nelson River
05OF026,True,,7915.0,3873,36.0,10.0,64.0,3978.0,27.0,314.0,05,Nelson River
05OF801,True,,12715.0,9188,65.0,18.0,159.0,3368.0,48.0,295.0,05,Nelson River
05OG001,True,,8035.0,7581,29.0,17.0,84.0,370.0,13.0,92.0,05,Nelson River
05OG002,True,,4249.0,2910,13.0,1.0,2.0,1337.0,13.0,128.0,05,Nelson River
05OG005,True,,7550.0,3793,32.0,12.0,73.0,3684.0,21.0,274.0,05,Nelson River
05OG008,True,,7550.0,3828,28.0,6.0,35.0,3687.0,23.0,304.0,05,Nelson River
05OG801,True,,13358.0,9045,51.0,15.0,118.0,4195.0,37.0,685.0,05,Nelson River
05OG802,True,,7081.0,3149,43.0,19.0,100.0,3832.0,25.0,876.0,05,Nelson River
05OG803,True,,4531.0,2042,31.0,16.0,63.0,2426.0,16.0,249.0,05,Nelson River
05OG804,True,,13126.0,8377,165.0,119.0,366.0,4383.0,47.0,212.0,05,Nelson River
05OG805,True,,12520.0,2237,124.0,45.0,166.0,10117.0,80.0,1283.0,05,Nelson River
05OG806,True,,13147.0,8471,111.0,65.0,244.0,4432.0,47.0,363.0,05,Nelson River
05OG807,True,,11985.0,7061,106.0,57.0,377.0,4547.0,50.0,372.0,05,Nelson River
05OG808,True,,10448.0,4899,102.0,54.0,282.0,5267.0,49.0,222.0,05,Nelson River
05OH007,True,,7915.0,4050,32.0,9.0,37.0,3828.0,24.0,298.0,05,Nelson River
05OH009,True,,7915.0,4184,35.0,11.0,52.0,3679.0,25.0,278.0,05,Nelson River
05OH802,True,,10436.0,5246,81.0,36.0,188.0,5002.0,46.0,246.0,05,Nelson River
05OJ001,True,,23614.0,16038,2906.0,2890.0,5353.0,2223.0,17.0,321.0,05,Nelson River
05OJ005,True,,26901.0,7450,37.0,18.0,56.0,19395.0,20.0,14224.0,05,Nelson River
05OJ008,True,,7915.0,5309,28.0,6.0,19.0,2587.0,23.0,153.0,05,Nelson River
05OJ010,True,,2312.0,1995,15.0,7.0,61.0,256.0,9.0,67.0,05,Nelson River
05OJ015,True,,19271.0,19141,16.0,13.0,75.0,55.0,4.0,22.0,05,Nelson River
05OJ016,True,,7896.0,5246,28.0,6.0,22.0,2628.0,23.0,163.0,05,Nelson River
05OJ017,True,,7912.0,3849,35.0,9.0,48.0,4015.0,27.0,302.0,05,Nelson River
05OJ018,True,,1171.0,539,4.0,1.0,8.0,624.0,4.0,243.0,05,Nelson River
05OJ019,True,,7550.0,3605,33.0,9.0,28.0,3917.0,25.0,311.0,05,Nelson River
05OJ020,True,,7550.0,3605,34.0,9.0,28.0,3917.0,26.0,311.0,05,Nelson River
05OJ021,True,,9983.0,6231,44.0,12.0,67.0,3685.0,33.0,187.0,05,Nelson River
05OJ022,True,,8645.0,4203,34.0,11.0,25.0,4417.0,24.0,269.0,05,Nelson River
05OJ023,True,,468.0,293,2.0,0.0,0.0,175.0,3.0,116.0,05,Nelson River
05OJ024,True,,434.0,282,1.0,0.0,0.0,152.0,2.0,152.0,05,Nelson River
05OJ829,True,,5114.0,4587,12.0,1.0,2.0,525.0,12.0,99.0,05,Nelson River
05PA003,True,,34747.0,34747,0.0,0.0,0.0,0.0,1.0,0.0,05,Nelson River
05PA005,True,,376.0,376,0.0,0.0,0.0,0.0,1.0,0.0,05,Nelson River
05PA006,True,,5478.0,5461,8.0,8.0,17.0,0.0,1.0,6.0,05,Nelson River
05PA007,False,n_obs<100,,31,,,,,,,05,Nelson River
05PA010,True,,13903.0,10209,37.0,7.0,66.0,3628.0,31.0,862.0,05,Nelson River
05PA011,True,,31909.0,31485,30.0,21.0,161.0,263.0,10.0,62.0,05,Nelson River
05PA012,True,,5113.0,5109,1.0,1.0,4.0,0.0,1.0,4.0,05,Nelson River
05PA013,True,,6067.0,6053,4.0,4.0,14.0,0.0,1.0,6.0,05,Nelson River
05PB002,True,,19089.0,18333,115.0,109.0,320.0,436.0,7.0,287.0,05,Nelson River
05PB007,True,,41042.0,40811,28.0,22.0,53.0,178.0,7.0,49.0,05,Nelson River
05PB012,True,,7788.0,1715,1375.0,1357.0,5430.0,643.0,19.0,126.0,05,Nelson River
05PB014,True,,8035.0,7832,14.0,12.0,65.0,138.0,3.0,105.0,05,Nelson River
05PB018,True,,8035.0,7897,15.0,12.0,61.0,77.0,4.0,43.0,05,Nelson River
05PB023,True,,12997.0,4804,2.0,0.0,0.0,8193.0,3.0,8126.0,05,Nelson River
05PB024,True,,12998.0,12998,0.0,0.0,0.0,0.0,1.0,0.0,05,Nelson River
05PB025,True,,407.0,407,0.0,0.0,0.0,0.0,1.0,0.0,05,Nelson River
05PC018,True,,5113.0,5067,18.0,18.0,46.0,0.0,1.0,6.0,05,Nelson River
05PC021,True,,11688.0,11394,7.0,5.0,23.0,271.0,3.0,226.0,05,Nelson River
05PC022,True,,6209.0,5475,17.0,8.0,26.0,708.0,10.0,292.0,05,Nelson River
05PC023,True,,6121.0,5427,22.0,15.0,67.0,627.0,8.0,364.0,05,Nelson River
05PC024,True,,4463.0,4457,1.0,1.0,6.0,0.0,1.0,6.0,05,Nelson River
05PC025,True,,4463.0,4463,0.0,0.0,0.0,0.0,1.0,0.0,05,Nelson River
05PC027,True,,865.0,865,0.0,0.0,0.0,0.0,1.0,0.0,05,Nelson River
05PD001,True,,36525.0,35149,33.0,27.0,159.0,1217.0,7.0,1096.0,05,Nelson River
05PD004,True,,16066.0,10018,888.0,886.0,5318.0,730.0,3.0,365.0,05,Nelson River
05PD008,True,,22343.0,22217,11.0,7.0,30.0,96.0,5.0,38.0,05,Nelson River
05PD011,True,,21970.0,21876,13.0,11.0,60.0,34.0,3.0,18.0,05,Nelson River
05PD018,True,,7815.0,4072,75.0,41.0,227.0,3516.0,35.0,493.0,05,Nelson River
05PD020,True,,7786.0,4350,44.0,20.0,90.0,3346.0,25.0,528.0,05,Nelson River
05PD021,True,,9724.0,8974,27.0,13.0,74.0,676.0,15.0,365.0,05,Nelson River
05PD027,True,,3501.0,2122,12.0,2.0,8.0,1371.0,11.0,154.0,05,Nelson River
05PD029,True,,14797.0,14621,1.0,0.0,0.0,176.0,2.0,176.0,05,Nelson River
05PD030,True,,799.0,509,2.0,0.0,0.0,290.0,3.0,147.0,05,Nelson River
05PD034,True,,1681.0,1033,21.0,5.0,38.0,610.0,17.0,107.0,05,Nelson River
05PD801,True,,19938.0,10003,534.0,426.0,2227.0,7708.0,109.0,550.0,05,Nelson River
05PD802,True,,11614.0,6623,82.0,21.0,147.0,4844.0,62.0,221.0,05,Nelson River
05PE001,True,,40756.0,40431,6.0,4.0,23.0,302.0,3.0,274.0,05,Nelson River
05PE006,True,,8035.0,6533,7.0,5.0,23.0,1479.0,3.0,1461.0,05,Nelson River
05PE009,True,,40276.0,40167,33.0,32.0,83.0,26.0,2.0,26.0,05,Nelson River
05PE011,True,,1826.0,1826,0.0,0.0,0.0,0.0,1.0,0.0,05,Nelson River
05PE012,True,,40262.0,38414,498.0,496.0,1210.0,638.0,3.0,615.0,05,Nelson River
05PE014,True,,40422.0,40386,15.0,14.0,17.0,19.0,2.0,19.0,05,Nelson River
05PE015,True,,21398.0,21347,26.0,26.0,51.0,0.0,1.0,12.0,05,Nelson River
05PE016,True,,16290.0,15690,326.0,323.0,548.0,52.0,4.0,19.0,05,Nelson River
05PE021,True,,1614.0,1003,7.0,2.0,15.0,596.0,6.0,153.0,05,Nelson River
05PE022,True,,5040.0,4907,2.0,1.0,11.0,122.0,2.0,122.0,05,Nelson River
05PE023,True,,6118.0,5768,1.0,0.0,0.0,350.0,2.0,350.0,05,Nelson River
05PE024,True,,6502.0,6274,6.0,1.0,4.0,224.0,6.0,77.0,05,Nelson River
05PE025,True,,6468.0,5989,7.0,5.0,13.0,466.0,3.0,328.0,05,Nelson River
05PE026,True,,6575.0,6512,4.0,3.0,10.0,53.0,2.0,53.0,05,Nelson River
05PE027,True,,6468.0,6122,2.0,0.0,0.0,346.0,3.0,243.0,05,Nelson River
05PE028,True,,6574.0,6166,20.0,17.0,68.0,340.0,4.0,289.0,05,Nelson River
05PE029,True,,4794.0,4794,0.0,0.0,0.0,0.0,1.0,0.0,05,Nelson River
05PE030,True,,2704.0,2704,0.0,0.0,0.0,0.0,1.0,0.0,05,Nelson River
05PE031,True,,1517.0,1517,0.0,0.0,0.0,0.0,1.0,0.0,05,Nelson River
05PF001,True,,730.0,730,0.0,0.0,0.0,0.0,1.0,0.0,05,Nelson River
05PF008,True,,730.0,730,0.0,0.0,0.0,0.0,1.0,0.0,05,Nelson River
05PF022,True,,7939.0,5608,266.0,256.0,817.0,1514.0,11.0,915.0,05,Nelson River
05PF048,True,,16800.0,16434,2.0,1.0,1.0,365.0,2.0,365.0,05,Nelson River
05PF051,True,,15554.0,13818,31.0,6.0,47.0,1689.0,26.0,179.0,05,Nelson River
05PF057,True,,16800.0,16069,2.0,0.0,0.0,731.0,3.0,366.0,05,Nelson River
05PF060,True,,4461.0,4423,1.0,0.0,0.0,38.0,2.0,38.0,05,Nelson River
05PF062,True,,29417.0,28436,80.0,64.0,269.0,712.0,17.0,245.0,05,Nelson River
05PF070,True,,13019.0,10236,95.0,46.0,226.0,2557.0,50.0,222.0,05,Nelson River
05PF801,True,,1280.0,459,25.0,14.0,114.0,707.0,12.0,195.0,05,Nelson River
05PG001,True,,8035.0,7844,14.0,9.0,46.0,145.0,6.0,48.0,05,Nelson River
05PG003,True,,10609.0,4977,77.0,35.0,145.0,5487.0,43.0,283.0,05,Nelson River
05PG801,True,,11971.0,7842,149.0,87.0,485.0,3644.0,63.0,164.0,05,Nelson River
05PG802,True,,4349.0,3417,23.0,19.0,103.0,829.0,5.0,370.0,05,Nelson River
05PG803,True,,11966.0,8441,143.0,89.0,429.0,3096.0,55.0,196.0,05,Nelson River
05PG806,True,,10461.0,5355,150.0,91.0,474.0,4632.0,60.0,186.0,05,Nelson River
05PG807,True,,10152.0,8334,50.0,26.0,176.0,1642.0,25.0,365.0,05,Nelson River
05PG809,True,,5463.0,5024,26.0,18.0,148.0,291.0,9.0,66.0,05,Nelson River
05PG810,True,,2051.0,689,12.0,1.0,6.0,1356.0,12.0,242.0,05,Nelson River
05PG811,True,,10152.0,6758,103.0,51.0,405.0,2989.0,53.0,186.0,05,Nelson River
05PG812,True,,5463.0,3767,126.0,99.0,632.0,1064.0,28.0,112.0,05,Nelson River
05PH003,True,,8035.0,7711,24.0,17.0,94.0,230.0,8.0,52.0,05,Nelson River
05PH004,True,,4924.0,1333,1088.0,1074.0,1477.0,2114.0,15.0,174.0,05,Nelson River
05PH005,True,,6300.0,3647,23.0,2.0,16.0,2637.0,22.0,168.0,05,Nelson River
05PH007,True,,4102.0,2744,15.0,4.0,10.0,1348.0,12.0,138.0,05,Nelson River
05PJ001,True,,7972.0,4316,29.0,4.0,14.0,3642.0,26.0,256.0,05,Nelson River
05QA002,True,,8035.0,8021,1.0,1.0,14.0,0.0,1.0,14.0,05,Nelson River
05QA004,True,,8035.0,8035,0.0,0.0,0.0,0.0,1.0,0.0,05,Nelson River
05QA006,True,,5288.0,5257,2.0,1.0,1.0,30.0,2.0,30.0,05,Nelson River
05QB001,True,,39081.0,23760,17.0,12.0,55.0,15266.0,6.0,15139.0,05,Nelson River
05QB002,True,,37580.0,36341,48.0,30.0,114.0,1125.0,19.0,129.0,05,Nelson River
05QB003,True,,38777.0,31825,241.0,232.0,398.0,6554.0,10.0,6026.0,05,Nelson River
05QB005,True,,4748.0,4645,5.0,3.0,16.0,87.0,3.0,49.0,05,Nelson River
05QC001,True,,8035.0,7662,21.0,10.0,43.0,330.0,12.0,71.0,05,Nelson River
05QC003,True,,5253.0,5085,8.0,4.0,7.0,161.0,5.0,70.0,05,Nelson River
05QC004,True,,10592.0,10425,5.0,2.0,14.0,153.0,4.0,67.0,05,Nelson River
05QC005,True,,6559.0,6280,6.0,3.0,21.0,258.0,4.0,107.0,05,Nelson River
05QC006,True,,4890.0,4814,11.0,10.0,30.0,46.0,2.0,46.0,05,Nelson River
05QC007,True,,2840.0,2840,0.0,0.0,0.0,0.0,1.0,0.0,05,Nelson River
05QD006,True,,8035.0,7819,12.0,7.0,48.0,168.0,6.0,44.0,05,Nelson River
05QD007,False,n_obs<100,,10,,,,,,,05,Nelson River
05QD009,True,,9664.0,4390,31.0,4.0,31.0,5243.0,28.0,2343.0,05,Nelson River
05QD020,True,,1341.0,1129,2.0,0.0,0.0,212.0,3.0,124.0,05,Nelson River
05QD021,True,,5327.0,3023,13.0,0.0,0.0,2304.0,14.0,510.0,05,Nelson River
05QD022,True,,5329.0,3006,15.0,2.0,13.0,2310.0,14.0,525.0,05,Nelson River
05QD028,True,,189.0,189,0.0,0.0,0.0,0.0,1.0,0.0,05,Nelson River
05QD029,True,,7670.0,7143,11.0,3.0,17.0,510.0,9.0,108.0,05,Nelson River
05QE008,True,,8035.0,7574,26.0,19.0,59.0,402.0,8.0,88.0,05,Nelson River
05QE009,True,,5478.0,5476,2.0,2.0,2.0,0.0,1.0,1.0,05,Nelson River
05QE011,True,,17731.0,16287,47.0,17.0,106.0,1338.0,31.0,172.0,05,Nelson River
05QE012,True,,8035.0,7975,2.0,0.0,0.0,60.0,3.0,33.0,05,Nelson River
05QE013,True,,1667.0,1304,5.0,0.0,0.0,363.0,6.0,142.0,05,Nelson River
05QE014,True,,1614.0,1031,5.0,0.0,0.0,583.0,6.0,162.0,05,Nelson River
05QE015,True,,15554.0,15007,13.0,3.0,5.0,542.0,11.0,137.0,05,Nelson River
05RA001,True,,4854.0,4690,6.0,3.0,21.0,143.0,4.0,89.0,05,Nelson River
05RA802,True,,2644.0,756,20.0,2.0,19.0,1869.0,19.0,232.0,05,Nelson River
05RB001,True,,5967.0,2130,68.0,40.0,83.0,3754.0,29.0,586.0,05,Nelson River
05RB002,False,n_obs<100,,95,,,,,,,05,Nelson River
05RB003,True,,8035.0,8010,6.0,6.0,25.0,0.0,1.0,12.0,05,Nelson River
05RC001,True,,6209.0,5996,17.0,13.0,31.0,182.0,5.0,95.0,05,Nelson River
05RD005,True,,40175.0,38116,234.0,195.0,515.0,1544.0,40.0,129.0,05,Nelson River
05RD006,True,,39387.0,24112,77.0,40.0,168.0,15107.0,38.0,12502.0,05,Nelson River
05RD009,True,,5670.0,2630,32.0,12.0,64.0,2976.0,21.0,1013.0,05,Nelson River
05RD010,True,,8323.0,6803,34.0,4.0,35.0,1485.0,31.0,145.0,05,Nelson River
05RD011,True,,18484.0,16964,32.0,3.0,25.0,1495.0,30.0,136.0,05,Nelson River
05RE002,True,,20511.0,19114,33.0,4.0,35.0,1362.0,30.0,91.0,05,Nelson River
05RE003,True,,14965.0,13958,42.0,26.0,161.0,846.0,17.0,131.0,05,Nelson River
05RF001,True,,18614.0,14187,138.0,75.0,434.0,3993.0,64.0,811.0,05,Nelson River
05SA002,True,,7915.0,5191,37.0,12.0,38.0,2686.0,26.0,166.0,05,Nelson River
05SA003,True,,23544.0,22675,75.0,57.0,199.0,670.0,19.0,208.0,05,Nelson River
05SA005,True,,152.0,152,0.0,0.0,0.0,0.0,1.0,0.0,05,Nelson River
05SA801,True,,11571.0,4679,80.0,16.0,135.0,6757.0,65.0,245.0,05,Nelson River
05SB001,True,,19447.0,18651,433.0,428.0,628.0,168.0,6.0,50.0,05,Nelson River
05SB003,True,,8802.0,3916,898.0,865.0,1201.0,3685.0,34.0,173.0,05,Nelson River
05SB006,True,,20975.0,20597,18.0,13.0,80.0,298.0,6.0,155.0,05,Nelson River
05SB801,True,,11835.0,7508,64.0,19.0,130.0,4197.0,46.0,572.0,05,Nelson River
05SC002,True,,7912.0,4308,27.0,4.0,17.0,3587.0,24.0,274.0,05,Nelson River
05SD001,True,,23902.0,22243,78.0,43.0,240.0,1419.0,36.0,131.0,05,Nelson River
05SD002,True,,24273.0,20150,120.0,66.0,265.0,3858.0,55.0,271.0,05,Nelson River
05SD003,True,,5705.0,2500,24.0,4.0,24.0,3181.0,21.0,306.0,05,Nelson River
05SD004,True,,3746.0,2409,17.0,6.0,34.0,1303.0,12.0,161.0,05,Nelson River
05SD005,True,,3745.0,2406,18.0,5.0,26.0,1313.0,14.0,131.0,05,Nelson River
05SD006,True,,2066.0,1364,14.0,7.0,17.0,685.0,8.0,142.0,05,Nelson River
05SD801,True,,11973.0,7342,58.0,10.0,84.0,4547.0,49.0,442.0,05,Nelson River
05SD802,True,,4995.0,878,215.0,119.0,408.0,3709.0,97.0,184.0,05,Nelson River
05SF001,True,,4581.0,4281,13.0,5.0,20.0,280.0,9.0,60.0,05,Nelson River
05SG001,True,,25758.0,20922,413.0,352.0,2015.0,2821.0,62.0,245.0,05,Nelson River
05TA001,True,,7118.0,2517,355.0,309.0,616.0,3985.0,47.0,221.0,05,Nelson River
05TA002,True,,7238.0,1375,696.0,632.0,2101.0,3762.0,65.0,192.0,05,Nelson River
05TB003,True,,9844.0,6787,1512.0,1503.0,2682.0,375.0,10.0,127.0,05,Nelson River
05TB801,True,,13258.0,6127,401.0,344.0,1410.0,5721.0,58.0,494.0,05,Nelson River
05TC701,True,,3303.0,3124,11.0,7.0,22.0,157.0,5.0,56.0,05,Nelson River
05TD001,True,,8035.0,7859,7.0,2.0,16.0,160.0,6.0,40.0,05,Nelson River
05TD002,True,,13779.0,7536,1745.0,1721.0,5251.0,992.0,25.0,140.0,05,Nelson River
05TE002,True,,8035.0,8004,2.0,1.0,2.0,29.0,2.0,29.0,05,Nelson River
05TF001,True,,23119.0,19523,850.0,806.0,1708.0,1888.0,45.0,110.0,05,Nelson River
05TF002,True,,8026.0,7266,14.0,0.0,0.0,760.0,15.0,105.0,05,Nelson River
05TF003,True,,1778.0,1474,7.0,2.0,22.0,282.0,6.0,120.0,05,Nelson River
05TF004,True,,12758.0,12735,5.0,5.0,23.0,0.0,1.0,11.0,05,Nelson River
05TF006,True,,8827.0,8301,40.0,36.0,146.0,380.0,5.0,307.0,05,Nelson River
05TF701,True,,7516.0,7242,28.0,21.0,96.0,178.0,8.0,53.0,05,Nelson River
05TF703,True,,5652.0,5534,21.0,20.0,92.0,26.0,2.0,26.0,05,Nelson River
05TF710,True,,4232.0,4167,4.0,2.0,26.0,39.0,3.0,21.0,05,Nelson River
05TF771,True,,3572.0,3433,13.0,11.0,42.0,97.0,3.0,64.0,05,Nelson River
05TF772,True,,3562.0,3431,21.0,18.0,79.0,52.0,4.0,20.0,05,Nelson River
05TF774,True,,4506.0,4077,16.0,11.0,46.0,383.0,6.0,122.0,05,Nelson River
05TF784,True,,2768.0,2244,5.0,1.0,2.0,522.0,5.0,221.0,05,Nelson River
05TG001,True,,8028.0,7730,21.0,15.0,55.0,243.0,7.0,121.0,05,Nelson River
05TG002,True,,8035.0,7519,15.0,8.0,56.0,460.0,8.0,166.0,05,Nelson River
05TG003,True,,8035.0,7969,7.0,5.0,25.0,41.0,3.0,21.0,05,Nelson River
05TG005,True,,12597.0,12504,4.0,0.0,0.0,93.0,5.0,32.0,05,Nelson River
05TG006,True,,7670.0,7563,13.0,10.0,45.0,62.0,4.0,25.0,05,Nelson River
05TG701,True,,7111.0,7075,16.0,16.0,36.0,0.0,1.0,10.0,05,Nelson River
05TG702,True,,7536.0,7304,34.0,29.0,94.0,138.0,6.0,41.0,05,Nelson River
05TG703,True,,8036.0,7754,23.0,18.0,51.0,231.0,6.0,102.0,05,Nelson River
05TG707,True,,3545.0,3224,21.0,15.0,58.0,263.0,7.0,96.0,05,Nelson River
05TG712,True,,3062.0,3031,2.0,1.0,6.0,25.0,2.0,25.0,05,Nelson River
05UA003,True,,3287.0,3282,1.0,1.0,5.0,0.0,1.0,5.0,05,Nelson River
05UB001,True,,38826.0,30976,584.0,554.0,1499.0,6351.0,31.0,5235.0,05,Nelson River
05UB002,True,,5950.0,3888,20.0,11.0,65.0,1997.0,10.0,613.0,05,Nelson River
05UB003,True,,10300.0,6138,79.0,33.0,199.0,3963.0,47.0,950.0,05,Nelson River
05UB004,True,,6306.0,537,11.0,4.0,19.0,5750.0,8.0,4714.0,05,Nelson River
05UB005,True,,19184.0,11551,41.0,18.0,111.0,7522.0,24.0,4626.0,05,Nelson River
05UB006,True,,2329.0,715,10.0,4.0,15.0,1599.0,7.0,577.0,05,Nelson River
05UB007,True,,7356.0,5256,49.0,20.0,129.0,1971.0,30.0,250.0,05,Nelson River
05UB013,True,,17652.0,16228,47.0,21.0,128.0,1296.0,27.0,106.0,05,Nelson River
05UB014,True,,857.0,251,2.0,0.0,0.0,606.0,3.0,580.0,05,Nelson River
05UB015,True,,857.0,257,6.0,5.0,23.0,577.0,2.0,577.0,05,Nelson River
05UB017,True,,11852.0,10686,45.0,22.0,116.0,1050.0,24.0,127.0,05,Nelson River
05UC701,True,,7252.0,4650,6.0,3.0,4.0,2598.0,4.0,2215.0,05,Nelson River
05UC702,True,,7007.0,6832,8.0,6.0,20.0,155.0,3.0,135.0,05,Nelson River
05UC703,True,,4430.0,4068,10.0,3.0,13.0,349.0,8.0,80.0,05,Nelson River
05UC704,True,,4554.0,4271,10.0,5.0,20.0,263.0,6.0,70.0,05,Nelson River
05UD001,True,,37747.0,29987,123.0,89.0,257.0,7503.0,35.0,6165.0,05,Nelson River
05UD005,True,,1961.0,268,23.0,9.0,53.0,1640.0,15.0,720.0,05,Nelson River
05UD006,True,,20972.0,17799,75.0,33.0,172.0,3001.0,43.0,302.0,05,Nelson River
05UD007,True,,12232.0,11892,29.0,21.0,115.0,225.0,9.0,64.0,05,Nelson River
05UD008,False,n_obs<100,,86,,,,,,,05,Nelson River
05UD009,True,,136.0,132,1.0,1.0,4.0,0.0,1.0,4.0,05,Nelson River
05UD701,True,,9284.0,7731,63.0,35.0,199.0,1354.0,29.0,246.0,05,Nelson River
05UD703,True,,9592.0,9215,24.0,14.0,72.0,305.0,11.0,45.0,05,Nelson River
05UF003,True,,25369.0,20598,804.0,745.0,1376.0,3395.0,60.0,268.0,05,Nelson River
05UF004,True,,8035.0,7913,8.0,4.0,19.0,103.0,5.0,40.0,05,Nelson River
05UG001,True,,7670.0,7518,7.0,5.0,33.0,119.0,3.0,100.0,05,Nelson River
05UH001,True,,7941.0,7529,9.0,3.0,13.0,399.0,7.0,147.0,05,Nelson River
05UH002,True,,8035.0,7571,16.0,10.0,29.0,435.0,7.0,137.0,05,Nelson River
06AA001,True,,4256.0,2922,13.0,1.0,9.0,1325.0,13.0,122.0,06,W & N Hudson Bay
06AA002,True,,3897.0,2600,11.0,1.0,12.0,1285.0,11.0,146.0,06,W & N Hudson Bay
06AA003,True,,8568.0,2693,773.0,704.0,1247.0,4628.0,70.0,195.0,06,W & N Hudson Bay
06AB001,True,,4256.0,2903,15.0,3.0,13.0,1340.0,13.0,126.0,06,W & N Hudson Bay
06AB002,True,,3897.0,2695,10.0,0.0,0.0,1202.0,11.0,121.0,06,W & N Hudson Bay
06AB004,True,,11201.0,7423,48.0,6.0,30.0,3748.0,43.0,130.0,06,W & N Hudson Bay
06AC001,True,,4256.0,2921,11.0,0.0,0.0,1335.0,12.0,127.0,06,W & N Hudson Bay
06AC002,True,,15868.0,10288,57.0,5.0,34.0,5546.0,53.0,181.0,06,W & N Hudson Bay
06AC003,True,,15996.0,6811,735.0,616.0,1957.0,7228.0,120.0,157.0,06,W & N Hudson Bay
06AC004,True,,16057.0,14263,29.0,6.0,52.0,1742.0,24.0,202.0,06,W & N Hudson Bay
06AC005,True,,15990.0,10312,59.0,0.0,0.0,5678.0,60.0,150.0,06,W & N Hudson Bay
06AC007,True,,15548.0,12917,107.0,25.0,194.0,2437.0,83.0,94.0,06,W & N Hudson Bay
06AD001,True,,2822.0,1963,17.0,10.0,47.0,812.0,8.0,120.0,06,W & N Hudson Bay
06AD006,True,,4383.0,4299,10.0,9.0,67.0,17.0,2.0,17.0,06,W & N Hudson Bay
06AD007,True,,2437.0,1683,14.0,6.0,20.0,734.0,9.0,121.0,06,W & N Hudson Bay
06AD008,True,,2762.0,1918,12.0,3.0,16.0,828.0,10.0,120.0,06,W & N Hudson Bay
06AD010,True,,2802.0,1980,8.0,1.0,8.0,814.0,8.0,125.0,06,W & N Hudson Bay
06AD011,True,,2824.0,1868,15.0,6.0,21.0,935.0,10.0,148.0,06,W & N Hudson Bay
06AD012,True,,20525.0,6280,712.0,622.0,1670.0,12575.0,91.0,277.0,06,W & N Hudson Bay
06AD014,True,,23075.0,7316,547.0,409.0,2065.0,13694.0,139.0,742.0,06,W & N Hudson Bay
06AE002,True,,20959.0,9975,628.0,548.0,1308.0,9676.0,81.0,362.0,06,W & N Hudson Bay
06AE003,True,,9085.0,2575,122.0,97.0,456.0,6054.0,26.0,2035.0,06,W & N Hudson Bay
06AE004,True,,17153.0,6568,485.0,419.0,993.0,9592.0,67.0,222.0,06,W & N Hudson Bay
06AF001,True,,4383.0,4367,4.0,4.0,16.0,0.0,1.0,10.0,06,W & N Hudson Bay
06AF002,True,,25272.0,17754,2024.0,1939.0,5004.0,2514.0,86.0,98.0,06,W & N Hudson Bay
06AF003,True,,1480.0,257,32.0,13.0,80.0,1143.0,20.0,235.0,06,W & N Hudson Bay
06AF005,True,,2863.0,2087,11.0,4.0,17.0,759.0,8.0,119.0,06,W & N Hudson Bay
06AF007,True,,20581.0,4690,694.0,588.0,1301.0,14590.0,107.0,329.0,06,W & N Hudson Bay
06AF009,True,,19480.0,8381,89.0,15.0,78.0,11021.0,75.0,273.0,06,W & N Hudson Bay
06AF010,True,,15224.0,2744,708.0,620.0,1520.0,10960.0,89.0,273.0,06,W & N Hudson Bay
06AG001,True,,2863.0,1874,16.0,5.0,19.0,970.0,12.0,134.0,06,W & N Hudson Bay
06AG002,True,,4383.0,4383,0.0,0.0,0.0,0.0,1.0,0.0,06,W & N Hudson Bay
06AG003,True,,7827.0,1413,293.0,247.0,849.0,5565.0,47.0,296.0,06,W & N Hudson Bay
06BA001,True,,14443.0,1762,1420.0,1355.0,7859.0,4822.0,66.0,1278.0,06,W & N Hudson Bay
06BA002,True,,4383.0,4383,0.0,0.0,0.0,0.0,1.0,0.0,06,W & N Hudson Bay
06BB001,True,,8786.0,950,948.0,933.0,5598.0,2238.0,16.0,195.0,06,W & N Hudson Bay
06BB003,True,,4383.0,4383,0.0,0.0,0.0,0.0,1.0,0.0,06,W & N Hudson Bay
06BB005,True,,4383.0,4273,10.0,8.0,30.0,80.0,3.0,61.0,06,W & N Hudson Bay
06BC002,False,n_obs<100,,47,,,,,,,06,W & N Hudson Bay
06BD001,True,,4383.0,3678,7.0,1.0,2.0,703.0,7.0,364.0,06,W & N Hudson Bay
06CA001,True,,4263.0,3372,11.0,2.0,3.0,888.0,10.0,150.0,06,W & N Hudson Bay
06CA002,True,,25421.0,11150,273.0,166.0,697.0,13574.0,108.0,3147.0,06,W & N Hudson Bay
06CA004,True,,10395.0,8226,122.0,76.0,211.0,1958.0,47.0,145.0,06,W & N Hudson Bay
06CA005,True,,5672.0,3311,71.0,52.0,166.0,2195.0,20.0,368.0,06,W & N Hudson Bay
06CA006,True,,14245.0,10745,51.0,7.0,40.0,3460.0,45.0,254.0,06,W & N Hudson Bay
06CA007,True,,1581.0,207,124.0,113.0,414.0,960.0,12.0,191.0,06,W & N Hudson Bay
06CA008,True,,12989.0,6207,126.0,78.0,311.0,6471.0,49.0,1877.0,06,W & N Hudson Bay
06CA010,True,,11224.0,6981,54.0,16.0,100.0,4143.0,39.0,202.0,06,W & N Hudson Bay
06CB001,True,,34151.0,20218,2147.0,2113.0,12267.0,1666.0,35.0,503.0,06,W & N Hudson Bay
06CB002,True,,3652.0,3516,5.0,2.0,19.0,117.0,4.0,86.0,06,W & N Hudson Bay
06CB003,True,,10732.0,1216,479.0,415.0,1367.0,8149.0,65.0,269.0,06,W & N Hudson Bay
06CC001,True,,2842.0,1201,8.0,3.0,23.0,1618.0,6.0,1212.0,06,W & N Hudson Bay
06CD001,False,n_obs<100,,51,,,,,,,06,W & N Hudson Bay
06CD002,True,,4383.0,4383,0.0,0.0,0.0,0.0,1.0,0.0,06,W & N Hudson Bay
06DA001,True,,19155.0,18705,10.0,1.0,5.0,445.0,10.0,105.0,06,W & N Hudson Bay
06DA002,True,,6193.0,5972,5.0,3.0,16.0,205.0,3.0,132.0,06,W & N Hudson Bay
06DA003,True,,7328.0,6501,73.0,62.0,205.0,622.0,12.0,128.0,06,W & N Hudson Bay
06DA004,True,,4383.0,4383,0.0,0.0,0.0,0.0,1.0,0.0,06,W & N Hudson Bay
06DA005,True,,4383.0,4383,0.0,0.0,0.0,0.0,1.0,0.0,06,W & N Hudson Bay
06DB001,True,,34169.0,18456,1971.0,1875.0,11662.0,4051.0,97.0,170.0,06,W & N Hudson Bay
06DB004,True,,1238.0,1238,0.0,0.0,0.0,0.0,1.0,0.0,06,W & N Hudson Bay
06DC001,True,,4383.0,4370,5.0,5.0,13.0,0.0,1.0,4.0,06,W & N Hudson Bay
06DD002,True,,4748.0,4679,3.0,2.0,8.0,61.0,2.0,61.0,06,W & N Hudson Bay
06DD003,True,,3264.0,3264,0.0,0.0,0.0,0.0,1.0,0.0,06,W & N Hudson Bay
06EA002,True,,4748.0,4738,1.0,1.0,10.0,0.0,1.0,10.0,06,W & N Hudson Bay
06EA006,True,,8035.0,7932,4.0,1.0,10.0,93.0,4.0,44.0,06,W & N Hudson Bay
06EA009,True,,4927.0,2917,211.0,190.0,505.0,1505.0,22.0,173.0,06,W & N Hudson Bay
06EA010,True,,2007.0,2007,0.0,0.0,0.0,0.0,1.0,0.0,06,W & N Hudson Bay
06EA011,True,,4748.0,4734,1.0,1.0,14.0,0.0,1.0,14.0,06,W & N Hudson Bay
06EA012,True,,10449.0,10202,9.0,3.0,24.0,223.0,7.0,66.0,06,W & N Hudson Bay
06EA014,True,,840.0,574,3.0,0.0,0.0,266.0,4.0,109.0,06,W & N Hudson Bay
06EB002,True,,26390.0,24974,63.0,29.0,148.0,1268.0,35.0,115.0,06,W & N Hudson Bay
06EB004,True,,8035.0,7988,4.0,3.0,14.0,33.0,2.0,33.0,06,W & N Hudson Bay
06EB006,True,,14798.0,13929,17.0,1.0,9.0,860.0,17.0,92.0,06,W & N Hudson Bay
06EB007,True,,13705.0,13199,12.0,4.0,53.0,453.0,9.0,105.0,06,W & N Hudson Bay
06EC001,True,,24602.0,19946,410.0,348.0,920.0,3736.0,63.0,227.0,06,W & N Hudson Bay
06EC002,True,,16436.0,8789,13.0,2.0,11.0,7636.0,12.0,6994.0,06,W & N Hudson Bay
06EC003,True,,16994.0,16214,22.0,5.0,22.0,758.0,18.0,74.0,06,W & N Hudson Bay
06EC006,True,,14074.0,13490,13.0,3.0,37.0,547.0,11.0,92.0,06,W & N Hudson Bay
06EC007,True,,14075.0,13581,14.0,6.0,41.0,453.0,9.0,93.0,06,W & N Hudson Bay
06FA001,True,,8035.0,7544,16.0,3.0,28.0,463.0,14.0,65.0,06,W & N Hudson Bay
06FB001,True,,8035.0,7487,23.0,12.0,74.0,474.0,12.0,142.0,06,W & N Hudson Bay
06FB002,True,,8035.0,7757,10.0,4.0,22.0,256.0,7.0,76.0,06,W & N Hudson Bay
06FC001,True,,7998.0,7091,17.0,6.0,21.0,886.0,12.0,171.0,06,W & N Hudson Bay
06FD001,True,,8035.0,6355,35.0,12.0,73.0,1607.0,24.0,177.0,06,W & N Hudson Bay
06FD002,True,,8035.0,7006,25.0,8.0,41.0,988.0,18.0,103.0,06,W & N Hudson Bay
06GD001,True,,8005.0,6742,22.0,7.0,40.0,1223.0,16.0,222.0,06,W & N Hudson Bay
06HA001,True,,7481.0,4119,43.0,1.0,11.0,3351.0,43.0,229.0,06,W & N Hudson Bay
06HB002,True,,7305.0,7303,2.0,2.0,2.0,0.0,1.0,1.0,06,W & N Hudson Bay
06JA001,True,,1890.0,1890,0.0,0.0,0.0,0.0,1.0,0.0,06,W & N Hudson Bay
06JB001,True,,8013.0,4110,7.0,4.0,27.0,3876.0,4.0,3819.0,06,W & N Hudson Bay
06JC002,True,,6574.0,5354,21.0,8.0,39.0,1181.0,14.0,276.0,06,W & N Hudson Bay
06KB002,True,,239.0,175,1.0,0.0,0.0,64.0,2.0,64.0,06,W & N Hudson Bay
06KB003,True,,1950.0,1630,5.0,0.0,0.0,320.0,6.0,97.0,06,W & N Hudson Bay
06KC002,True,,8932.0,6193,43.0,1.0,3.0,2736.0,43.0,290.0,06,W & N Hudson Bay
06KC003,True,,8035.0,7363,28.0,24.0,82.0,590.0,5.0,366.0,06,W & N Hudson Bay
06KC004,True,,9688.0,6176,42.0,6.0,30.0,3482.0,37.0,365.0,06,W & N Hudson Bay
06LA001,True,,1461.0,1095,1.0,0.0,0.0,366.0,2.0,366.0,06,W & N Hudson Bay
06LA002,True,,12144.0,9808,44.0,17.0,72.0,2264.0,28.0,686.0,06,W & N Hudson Bay
06LA003,True,,10227.0,9435,14.0,5.0,20.0,772.0,10.0,206.0,06,W & N Hudson Bay
06LC001,True,,7305.0,7057,6.0,2.0,12.0,236.0,5.0,97.0,06,W & N Hudson Bay
06LC004,True,,6452.0,5166,17.0,0.0,0.0,1286.0,18.0,209.0,06,W & N Hudson Bay
06MA001,True,,10835.0,9535,67.0,45.0,192.0,1108.0,23.0,99.0,06,W & N Hudson Bay
06MA006,True,,7896.0,7513,6.0,2.0,2.0,381.0,5.0,242.0,06,W & N Hudson Bay
06NB001,False,n_obs<100,,78,,,,,,,06,W & N Hudson Bay
06OA007,True,,6706.0,6705,1.0,1.0,1.0,0.0,1.0,1.0,06,W & N Hudson Bay
06SA001,True,,1978.0,887,5.0,0.0,0.0,1091.0,6.0,559.0,06,W & N Hudson Bay
06SA002,True,,1976.0,909,6.0,1.0,1.0,1066.0,6.0,365.0,06,W & N Hudson Bay
06SB001,True,,1975.0,1034,13.0,7.0,23.0,918.0,7.0,393.0,06,W & N Hudson Bay
06SB002,True,,1974.0,824,14.0,6.0,19.0,1131.0,9.0,426.0,06,W & N Hudson Bay
07AA001,True,,4383.0,4370,1.0,1.0,13.0,0.0,1.0,13.0,07,Great Slave Lake
07AA002,True,,4383.0,4333,5.0,4.0,17.0,33.0,2.0,33.0,07,Great Slave Lake
07AA007,True,,4201.0,2186,12.0,1.0,3.0,2012.0,12.0,195.0,07,Great Slave Lake
07AC001,True,,4200.0,2098,16.0,4.0,46.0,2056.0,13.0,195.0,07,Great Slave Lake
07AC007,True,,4262.0,2843,18.0,5.0,27.0,1392.0,14.0,124.0,07,Great Slave Lake
07AC008,True,,4228.0,2674,15.0,1.0,1.0,1553.0,15.0,167.0,07,Great Slave Lake
07AD002,True,,4383.0,4347,3.0,2.0,14.0,22.0,2.0,22.0,07,Great Slave Lake
07AF002,True,,3653.0,3597,9.0,8.0,40.0,16.0,2.0,16.0,07,Great Slave Lake
07AF003,True,,4229.0,2324,21.0,6.0,20.0,1885.0,16.0,189.0,07,Great Slave Lake
07AF010,True,,3892.0,2506,16.0,1.0,10.0,1376.0,16.0,139.0,07,Great Slave Lake
07AF013,True,,3897.0,2648,14.0,3.0,18.0,1231.0,12.0,127.0,07,Great Slave Lake
07AF014,True,,4257.0,2802,20.0,8.0,20.0,1435.0,13.0,167.0,07,Great Slave Lake
07AF015,True,,3836.0,2399,15.0,2.0,9.0,1428.0,14.0,195.0,07,Great Slave Lake
07AG003,True,,3981.0,3793,19.0,15.0,99.0,89.0,5.0,27.0,07,Great Slave Lake
07AG004,True,,3897.0,2696,11.0,0.0,0.0,1201.0,12.0,121.0,07,Great Slave Lake
07AG007,True,,4018.0,3989,3.0,3.0,29.0,0.0,1.0,11.0,07,Great Slave Lake
07AG008,True,,3900.0,2475,25.0,14.0,88.0,1337.0,12.0,193.0,07,Great Slave Lake
07AH001,True,,4258.0,2723,22.0,5.0,22.0,1513.0,18.0,167.0,07,Great Slave Lake
07AH002,True,,4227.0,2895,13.0,1.0,6.0,1326.0,13.0,124.0,07,Great Slave Lake
07AH003,True,,3899.0,2592,22.0,10.0,41.0,1266.0,13.0,155.0,07,Great Slave Lake
07BA001,True,,10411.0,5029,48.0,15.0,100.0,5282.0,34.0,212.0,07,Great Slave Lake
07BA002,True,,3897.0,2608,18.0,6.0,32.0,1257.0,13.0,150.0,07,Great Slave Lake
07BA003,True,,4201.0,2153,11.0,0.0,0.0,2048.0,12.0,196.0,07,Great Slave Lake
07BB002,True,,4018.0,3910,27.0,26.0,89.0,19.0,2.0,19.0,07,Great Slave Lake
07BB004,True,,3900.0,2564,20.0,6.0,36.0,1300.0,15.0,130.0,07,Great Slave Lake
07BB005,True,,4240.0,2870,18.0,5.0,36.0,1334.0,14.0,121.0,07,Great Slave Lake
07BB006,True,,3893.0,2660,10.0,0.0,0.0,1233.0,11.0,132.0,07,Great Slave Lake
07BB007,True,,18789.0,9146,175.0,88.0,418.0,9225.0,88.0,546.0,07,Great Slave Lake
07BB008,True,,13647.0,6653,263.0,182.0,559.0,6435.0,82.0,208.0,07,Great Slave Lake
07BB011,True,,3900.0,2635,15.0,4.0,23.0,1242.0,12.0,145.0,07,Great Slave Lake
07BB012,True,,5002.0,2985,48.0,24.0,123.0,1894.0,25.0,236.0,07,Great Slave Lake
07BB013,True,,4998.0,3274,29.0,9.0,38.0,1686.0,21.0,127.0,07,Great Slave Lake
07BB014,True,,4226.0,2596,12.0,1.0,7.0,1623.0,12.0,207.0,07,Great Slave Lake
07BB914,True,,13443.0,12550,31.0,18.0,135.0,758.0,14.0,364.0,07,Great Slave Lake
07BC002,True,,4016.0,3924,19.0,18.0,77.0,15.0,2.0,15.0,07,Great Slave Lake
07BC005,True,,8581.0,3148,932.0,880.0,1418.0,4015.0,53.0,180.0,07,Great Slave Lake
07BC006,True,,3894.0,2557,15.0,3.0,20.0,1317.0,13.0,139.0,07,Great Slave Lake
07BC007,True,,3894.0,2559,12.0,0.0,0.0,1335.0,13.0,144.0,07,Great Slave Lake
07BE001,True,,4383.0,4236,19.0,16.0,78.0,69.0,4.0,28.0,07,Great Slave Lake
07BE002,True,,13681.0,6218,352.0,281.0,539.0,6924.0,72.0,545.0,07,Great Slave Lake
07BE003,True,,3898.0,2450,12.0,2.0,8.0,1440.0,11.0,167.0,07,Great Slave Lake
07BE004,True,,3892.0,2102,37.0,15.0,86.0,1704.0,23.0,182.0,07,Great Slave Lake
07BF001,True,,4262.0,2708,26.0,10.0,44.0,1510.0,17.0,131.0,07,Great Slave Lake
07BF002,True,,4383.0,3926,41.0,30.0,116.0,341.0,12.0,61.0,07,Great Slave Lake
07BF006,True,,24682.0,8426,1158.0,986.0,2572.0,13684.0,173.0,1000.0,07,Great Slave Lake
07BF008,True,,15567.0,10255,71.0,18.0,88.0,5224.0,54.0,137.0,07,Great Slave Lake
07BF009,True,,4263.0,2745,21.0,8.0,15.0,1503.0,14.0,178.0,07,Great Slave Lake
07BF010,True,,4251.0,2862,16.0,3.0,13.0,1376.0,14.0,126.0,07,Great Slave Lake
07BF905,True,,4383.0,4266,9.0,7.0,33.0,84.0,3.0,50.0,07,Great Slave Lake
07BG004,True,,3890.0,2368,27.0,12.0,54.0,1468.0,16.0,179.0,07,Great Slave Lake
07BH003,True,,3527.0,2302,26.0,14.0,57.0,1168.0,13.0,126.0,07,Great Slave Lake
07BJ001,True,,4383.0,3862,34.0,23.0,75.0,446.0,12.0,108.0,07,Great Slave Lake
07BJ002,True,,26419.0,7679,969.0,831.0,4427.0,14313.0,139.0,764.0,07,Great Slave Lake
07BJ003,True,,3897.0,2540,20.0,4.0,15.0,1342.0,17.0,121.0,07,Great Slave Lake
07BJ005,True,,1960.0,1938,5.0,4.0,4.0,18.0,2.0,18.0,07,Great Slave Lake
07BJ006,True,,16392.0,16161,30.0,24.0,75.0,156.0,7.0,42.0,07,Great Slave Lake
07BK001,True,,4383.0,4383,0.0,0.0,0.0,0.0,1.0,0.0,07,Great Slave Lake
07BK005,True,,4262.0,2654,24.0,4.0,23.0,1585.0,21.0,121.0,07,Great Slave Lake
07BK007,True,,4383.0,4383,0.0,0.0,0.0,0.0,1.0,0.0,07,Great Slave Lake
07BK008,True,,18439.0,12482,121.0,54.0,240.0,5717.0,68.0,208.0,07,Great Slave Lake
07BK009,True,,3897.0,2508,19.0,5.0,21.0,1368.0,15.0,131.0,07,Great Slave Lake
07BK010,True,,17502.0,8588,57.0,50.0,118.0,8796.0,8.0,7233.0,07,Great Slave Lake
07BK012,True,,4018.0,3969,7.0,6.0,25.0,24.0,2.0,24.0,07,Great Slave Lake
07CA002,True,,4323.0,172,162.0,103.0,595.0,3556.0,60.0,250.0,07,Great Slave Lake
07CA003,True,,3881.0,2320,26.0,14.0,42.0,1519.0,13.0,250.0,07,Great Slave Lake
07CA004,True,,34178.0,15564,1455.0,1329.0,6716.0,11898.0,127.0,724.0,07,Great Slave Lake
07CA005,True,,3891.0,2487,14.0,3.0,25.0,1379.0,12.0,224.0,07,Great Slave Lake
07CA006,True,,4255.0,2523,20.0,5.0,41.0,1691.0,16.0,334.0,07,Great Slave Lake
07CA008,True,,3871.0,2126,19.0,7.0,35.0,1710.0,13.0,316.0,07,Great Slave Lake
07CA012,True,,4262.0,2807,19.0,6.0,31.0,1424.0,14.0,137.0,07,Great Slave Lake
07CA013,True,,4263.0,2870,23.0,11.0,39.0,1354.0,13.0,132.0,07,Great Slave Lake
07CB001,True,,19522.0,8564,441.0,346.0,1028.0,9930.0,96.0,208.0,07,Great Slave Lake
07CB002,True,,4262.0,2751,25.0,10.0,59.0,1452.0,16.0,144.0,07,Great Slave Lake
07CC002,True,,8150.0,2898,311.0,284.0,348.0,4904.0,28.0,296.0,07,Great Slave Lake
07CD001,True,,4376.0,4101,23.0,15.0,65.0,210.0,9.0,52.0,07,Great Slave Lake
07CD002,True,,9313.0,4090,111.0,85.0,230.0,4993.0,27.0,244.0,07,Great Slave Lake
07CD003,True,,5187.0,2284,114.0,97.0,183.0,2720.0,18.0,214.0,07,Great Slave Lake
07CD004,True,,4017.0,3674,27.0,19.0,71.0,272.0,9.0,50.0,07,Great Slave Lake
07CD005,True,,4017.0,3939,19.0,18.0,33.0,45.0,2.0,45.0,07,Great Slave Lake
07CD008,True,,2556.0,2437,7.0,5.0,20.0,99.0,3.0,74.0,07,Great Slave Lake
07CD009,True,,2556.0,2478,18.0,17.0,40.0,38.0,2.0,38.0,07,Great Slave Lake
07CE001,True,,19815.0,10361,415.0,335.0,765.0,8689.0,81.0,258.0,07,Great Slave Lake
07CE002,True,,4003.0,3900,24.0,23.0,35.0,68.0,2.0,68.0,07,Great Slave Lake
07CE003,True,,4245.0,2754,19.0,7.0,29.0,1462.0,13.0,147.0,07,Great Slave Lake
07CE005,True,,2556.0,2512,13.0,12.0,26.0,18.0,2.0,18.0,07,Great Slave Lake
07CE007,True,,2556.0,2214,30.0,18.0,52.0,290.0,13.0,41.0,07,Great Slave Lake
07CE008,True,,2556.0,2507,25.0,25.0,49.0,0.0,1.0,13.0,07,Great Slave Lake
07CE010,True,,2556.0,2515,14.0,14.0,41.0,0.0,1.0,11.0,07,Great Slave Lake
07CE013,True,,2556.0,2537,7.0,7.0,19.0,0.0,1.0,7.0,07,Great Slave Lake
07CE906,True,,7765.0,7566,4.0,0.0,0.0,199.0,5.0,62.0,07,Great Slave Lake
07DA001,True,,4382.0,4125,35.0,29.0,126.0,131.0,7.0,33.0,07,Great Slave Lake
07DA002,False,n_obs<100,,71,,,,,,,07,Great Slave Lake
07DA003,True,,2644.0,724,11.0,2.0,19.0,1901.0,10.0,599.0,07,Great Slave Lake
07DA004,True,,2661.0,640,23.0,12.0,69.0,1952.0,12.0,627.0,07,Great Slave Lake
07DA006,True,,4017.0,3885,23.0,20.0,46.0,86.0,4.0,38.0,07,Great Slave Lake
07DA007,True,,2556.0,2073,14.0,7.0,18.0,465.0,8.0,113.0,07,Great Slave Lake
07DA008,True,,4017.0,3993,18.0,18.0,24.0,0.0,1.0,3.0,07,Great Slave Lake
07DA018,True,,4017.0,3856,25.0,21.0,46.0,115.0,5.0,37.0,07,Great Slave Lake
07DA020,False,n_obs<100,,13,,,,,,,07,Great Slave Lake
07DA021,True,,893.0,205,134.0,126.0,194.0,494.0,9.0,216.0,07,Great Slave Lake
07DA022,True,,914.0,444,10.0,0.0,0.0,470.0,11.0,126.0,07,Great Slave Lake
07DA023,True,,2556.0,2348,9.0,3.0,5.0,203.0,7.0,59.0,07,Great Slave Lake
07DA024,True,,2556.0,2484,3.0,1.0,2.0,70.0,3.0,52.0,07,Great Slave Lake
07DA025,True,,2556.0,2528,4.0,3.0,11.0,17.0,2.0,17.0,07,Great Slave Lake
07DA026,True,,2556.0,2537,8.0,8.0,19.0,0.0,1.0,10.0,07,Great Slave Lake
07DA027,True,,2396.0,2314,7.0,6.0,15.0,67.0,2.0,67.0,07,Great Slave Lake
07DA028,True,,2556.0,2556,0.0,0.0,0.0,0.0,1.0,0.0,07,Great Slave Lake
07DA029,True,,2556.0,2450,11.0,7.0,25.0,81.0,5.0,25.0,07,Great Slave Lake
07DA030,True,,2556.0,2484,7.0,6.0,11.0,61.0,2.0,61.0,07,Great Slave Lake
07DA032,True,,2556.0,2487,17.0,16.0,31.0,38.0,2.0,38.0,07,Great Slave Lake
07DA033,True,,2438.0,2348,13.0,11.0,37.0,53.0,3.0,35.0,07,Great Slave Lake
07DA034,True,,2556.0,2486,13.0,12.0,26.0,44.0,2.0,44.0,07,Great Slave Lake
07DA035,True,,2556.0,2534,13.0,13.0,22.0,0.0,1.0,7.0,07,Great Slave Lake
07DA037,True,,2447.0,2319,17.0,14.0,40.0,88.0,4.0,37.0,07,Great Slave Lake
07DA038,True,,2556.0,2335,22.0,20.0,64.0,157.0,3.0,102.0,07,Great Slave Lake
07DA039,True,,2556.0,2418,19.0,17.0,50.0,88.0,3.0,64.0,07,Great Slave Lake
07DA040,True,,2556.0,2548,7.0,7.0,8.0,0.0,1.0,2.0,07,Great Slave Lake
07DA041,True,,2480.0,2292,22.0,17.0,75.0,113.0,6.0,28.0,07,Great Slave Lake
07DA042,True,,2063.0,1971,23.0,20.0,38.0,54.0,4.0,19.0,07,Great Slave Lake
07DA044,True,,2555.0,2259,85.0,79.0,156.0,140.0,7.0,31.0,07,Great Slave Lake
07DA045,True,,2395.0,2047,11.0,6.0,14.0,334.0,6.0,127.0,07,Great Slave Lake
07DB001,True,,4017.0,3685,51.0,43.0,98.0,234.0,9.0,59.0,07,Great Slave Lake
07DB002,True,,2556.0,2213,27.0,20.0,80.0,263.0,8.0,63.0,07,Great Slave Lake
07DB003,True,,2554.0,2256,15.0,9.0,13.0,285.0,7.0,79.0,07,Great Slave Lake
07DB006,True,,2556.0,2416,18.0,15.0,46.0,94.0,4.0,38.0,07,Great Slave Lake
07DC001,True,,4017.0,3915,13.0,11.0,28.0,74.0,3.0,48.0,07,Great Slave Lake
07DC003,True,,2556.0,2204,56.0,49.0,149.0,203.0,8.0,50.0,07,Great Slave Lake
07DC004,True,,2048.0,1958,37.0,36.0,57.0,33.0,2.0,33.0,07,Great Slave Lake
07DD001,True,,3429.0,3227,20.0,14.0,45.0,157.0,7.0,49.0,07,Great Slave Lake
07DD002,True,,4242.0,2866,21.0,9.0,20.0,1356.0,13.0,138.0,07,Great Slave Lake
07DD003,True,,3102.0,1827,18.0,6.0,9.0,1266.0,13.0,208.0,07,Great Slave Lake
07DD007,True,,19146.0,14792,198.0,120.0,824.0,3530.0,79.0,1189.0,07,Great Slave Lake
07DD008,True,,5626.0,1349,43.0,21.0,166.0,4111.0,23.0,1313.0,07,Great Slave Lake
07DD010,True,,3788.0,1087,45.0,26.0,156.0,2545.0,20.0,600.0,07,Great Slave Lake
07DD011,True,,17876.0,14020,205.0,115.0,688.0,3168.0,91.0,365.0,07,Great Slave Lake
07EA004,True,,4371.0,4370,1.0,1.0,1.0,0.0,1.0,1.0,07,Great Slave Lake
07EA005,True,,4748.0,4504,15.0,12.0,38.0,206.0,4.0,133.0,07,Great Slave Lake
07EA006,True,,1167.0,1167,0.0,0.0,0.0,0.0,1.0,0.0,07,Great Slave Lake
07EA007,True,,4383.0,4354,3.0,2.0,5.0,24.0,2.0,24.0,07,Great Slave Lake
07EB002,True,,4748.0,4414,11.0,8.0,21.0,313.0,4.0,145.0,07,Great Slave Lake
07EC002,True,,4748.0,4584,5.0,3.0,10.0,154.0,3.0,135.0,07,Great Slave Lake
07EC003,True,,4748.0,4739,5.0,5.0,9.0,0.0,1.0,5.0,07,Great Slave Lake
07EC004,True,,4383.0,4364,2.0,1.0,2.0,17.0,2.0,17.0,07,Great Slave Lake
07ED001,True,,902.0,902,0.0,0.0,0.0,0.0,1.0,0.0,07,Great Slave Lake
07ED002,True,,5555.0,5555,0.0,0.0,0.0,0.0,1.0,0.0,07,Great Slave Lake
07ED003,True,,4719.0,4602,16.0,14.0,78.0,39.0,3.0,24.0,07,Great Slave Lake
07EE007,True,,4302.0,4169,21.0,20.0,89.0,44.0,2.0,44.0,07,Great Slave Lake
07EE008,True,,2367.0,1212,35.0,28.0,75.0,1080.0,8.0,491.0,07,Great Slave Lake
07EE009,True,,4371.0,4340,9.0,9.0,31.0,0.0,1.0,6.0,07,Great Slave Lake
07EE010,True,,4383.0,4310,10.0,9.0,21.0,52.0,2.0,52.0,07,Great Slave Lake
07EF001,True,,3168.0,3168,0.0,0.0,0.0,0.0,1.0,0.0,07,Great Slave Lake
07EF002,True,,16957.0,16413,6.0,2.0,12.0,532.0,5.0,241.0,07,Great Slave Lake
07EF003,True,,15410.0,15302,5.0,2.0,16.0,92.0,4.0,46.0,07,Great Slave Lake
07EF004,True,,4280.0,3868,7.0,0.0,0.0,412.0,8.0,135.0,07,Great Slave Lake
07FA003,True,,3744.0,3465,5.0,1.0,4.0,275.0,5.0,113.0,07,Great Slave Lake
07FA004,True,,4748.0,4720,3.0,2.0,13.0,15.0,2.0,15.0,07,Great Slave Lake
07FA005,True,,4748.0,4643,12.0,10.0,27.0,78.0,3.0,39.0,07,Great Slave Lake
07FA006,True,,15690.0,5038,27.0,14.0,53.0,10599.0,14.0,9914.0,07,Great Slave Lake
07FB001,True,,4748.0,4189,17.0,13.0,57.0,502.0,5.0,364.0,07,Great Slave Lake
07FB002,True,,4748.0,4465,20.0,15.0,75.0,208.0,6.0,86.0,07,Great Slave Lake
07FB003,True,,4745.0,2975,35.0,30.0,117.0,1653.0,6.0,1461.0,07,Great Slave Lake
07FB004,True,,4748.0,4593,6.0,2.0,7.0,148.0,5.0,53.0,07,Great Slave Lake
07FB006,True,,4748.0,4560,8.0,6.0,14.0,174.0,3.0,106.0,07,Great Slave Lake
07FB008,True,,4748.0,4683,6.0,4.0,16.0,49.0,3.0,28.0,07,Great Slave Lake
07FB009,True,,4716.0,4504,33.0,30.0,80.0,132.0,4.0,83.0,07,Great Slave Lake
07FC001,True,,4737.0,4119,25.0,16.0,62.0,556.0,10.0,148.0,07,Great Slave Lake
07FC003,True,,4650.0,3853,29.0,15.0,85.0,712.0,15.0,94.0,07,Great Slave Lake
07FC005,True,,8267.0,4595,61.0,49.0,257.0,3415.0,13.0,2791.0,07,Great Slave Lake
07FD001,True,,4748.0,4590,6.0,4.0,10.0,148.0,3.0,130.0,07,Great Slave Lake
07FD002,True,,4748.0,4669,2.0,1.0,3.0,76.0,2.0,76.0,07,Great Slave Lake
07FD003,True,,4383.0,4242,16.0,12.0,59.0,82.0,5.0,25.0,07,Great Slave Lake
07FD004,True,,2162.0,1953,4.0,1.0,3.0,206.0,4.0,118.0,07,Great Slave Lake
07FD006,True,,4263.0,2757,23.0,9.0,47.0,1459.0,15.0,179.0,07,Great Slave Lake
07FD007,True,,4748.0,4135,34.0,26.0,57.0,556.0,9.0,211.0,07,Great Slave Lake
07FD009,True,,4234.0,2603,33.0,16.0,74.0,1557.0,18.0,155.0,07,Great Slave Lake
07FD010,True,,17954.0,8969,24.0,18.0,75.0,8910.0,7.0,6940.0,07,Great Slave Lake
07FD011,True,,4263.0,2621,21.0,3.0,16.0,1626.0,19.0,169.0,07,Great Slave Lake
07FD012,True,,3879.0,2510,15.0,4.0,31.0,1338.0,12.0,178.0,07,Great Slave Lake
07FD013,True,,4228.0,2661,21.0,6.0,42.0,1525.0,16.0,169.0,07,Great Slave Lake
07FD017,True,,546.0,220,13.0,9.0,45.0,281.0,5.0,209.0,07,Great Slave Lake
07FD019,True,,2632.0,2525,15.0,13.0,28.0,79.0,3.0,48.0,07,Great Slave Lake
07FD901,True,,8766.0,8516,35.0,30.0,106.0,144.0,6.0,46.0,07,Great Slave Lake
07FD934,True,,8680.0,8162,55.0,47.0,138.0,380.0,9.0,83.0,07,Great Slave Lake
07GA001,True,,4262.0,2844,17.0,5.0,24.0,1394.0,13.0,133.0,07,Great Slave Lake
07GA002,True,,4257.0,2920,12.0,0.0,0.0,1337.0,13.0,125.0,07,Great Slave Lake
07GB001,True,,4262.0,2898,13.0,1.0,6.0,1358.0,13.0,130.0,07,Great Slave Lake
07GB003,True,,4235.0,2833,20.0,7.0,44.0,1358.0,14.0,127.0,07,Great Slave Lake
07GD001,True,,3897.0,2686,12.0,2.0,19.0,1192.0,11.0,121.0,07,Great Slave Lake
07GD004,True,,4383.0,4318,4.0,1.0,2.0,63.0,4.0,30.0,07,Great Slave Lake
07GE001,True,,4018.0,3374,25.0,21.0,113.0,531.0,5.0,366.0,07,Great Slave Lake
07GE002,True,,3766.0,1767,22.0,8.0,65.0,1934.0,15.0,252.0,07,Great Slave Lake
07GE003,True,,4263.0,2601,21.0,7.0,32.0,1630.0,15.0,195.0,07,Great Slave Lake
07GE004,True,,14512.0,2983,841.0,734.0,1980.0,9549.0,108.0,247.0,07,Great Slave Lake
07GE007,True,,4262.0,2872,13.0,1.0,2.0,1388.0,13.0,147.0,07,Great Slave Lake
07GF001,True,,4262.0,2706,29.0,13.0,75.0,1481.0,17.0,132.0,07,Great Slave Lake
07GF008,True,,4201.0,2349,23.0,11.0,42.0,1810.0,13.0,182.0,07,Great Slave Lake
07GG001,True,,4383.0,4322,5.0,4.0,24.0,37.0,2.0,37.0,07,Great Slave Lake
07GG002,True,,3897.0,2627,22.0,11.0,49.0,1221.0,12.0,121.0,07,Great Slave Lake
07GG003,True,,3897.0,2690,12.0,2.0,4.0,1203.0,11.0,129.0,07,Great Slave Lake
07GH002,True,,4018.0,3871,24.0,22.0,82.0,65.0,3.0,34.0,07,Great Slave Lake
07GH003,True,,18773.0,7362,720.0,592.0,1770.0,9641.0,129.0,203.0,07,Great Slave Lake
07GH004,True,,4262.0,2709,33.0,19.0,69.0,1484.0,15.0,133.0,07,Great Slave Lake
07GJ001,True,,4383.0,4130,31.0,25.0,107.0,146.0,7.0,46.0,07,Great Slave Lake
07HA001,True,,4383.0,4292,23.0,23.0,91.0,0.0,1.0,13.0,07,Great Slave Lake
07HA003,True,,4359.0,4340,2.0,2.0,19.0,0.0,1.0,13.0,07,Great Slave Lake
07HA005,True,,4213.0,2699,25.0,9.0,39.0,1475.0,17.0,134.0,07,Great Slave Lake
07HB001,True,,3901.0,2673,15.0,4.0,9.0,1219.0,12.0,121.0,07,Great Slave Lake
07HC001,True,,3950.0,3686,16.0,8.0,25.0,239.0,9.0,78.0,07,Great Slave Lake
07HC002,True,,4262.0,2560,26.0,11.0,57.0,1645.0,16.0,234.0,07,Great Slave Lake
07HD001,True,,6032.0,5560,29.0,19.0,109.0,363.0,11.0,55.0,07,Great Slave Lake
07HF001,True,,15951.0,6849,73.0,40.0,232.0,8870.0,34.0,6632.0,07,Great Slave Lake
07HF002,True,,4262.0,2719,19.0,5.0,21.0,1522.0,15.0,154.0,07,Great Slave Lake
07JA001,True,,14673.0,2216,668.0,474.0,1841.0,10616.0,195.0,202.0,07,Great Slave Lake
07JA002,True,,18725.0,9985,218.0,121.0,316.0,8424.0,98.0,196.0,07,Great Slave Lake
07JA003,True,,3897.0,2600,16.0,4.0,17.0,1280.0,13.0,139.0,07,Great Slave Lake
07JB001,True,,3167.0,1950,21.0,3.0,34.0,1183.0,19.0,118.0,07,Great Slave Lake
07JC001,True,,3901.0,2659,17.0,6.0,21.0,1221.0,12.0,124.0,07,Great Slave Lake
07JC002,True,,3901.0,2520,16.0,2.0,12.0,1369.0,15.0,166.0,07,Great Slave Lake
07JC003,True,,4018.0,3630,28.0,18.0,90.0,298.0,11.0,50.0,07,Great Slave Lake
07JD002,True,,4018.0,3840,23.0,19.0,88.0,90.0,5.0,30.0,07,Great Slave Lake
07JD003,True,,3900.0,2693,10.0,0.0,0.0,1207.0,11.0,125.0,07,Great Slave Lake
07JD004,True,,4234.0,2455,16.0,3.0,19.0,1760.0,14.0,219.0,07,Great Slave Lake
07JF002,True,,4262.0,2698,18.0,4.0,26.0,1538.0,15.0,175.0,07,Great Slave Lake
07JF003,True,,3899.0,2513,20.0,6.0,29.0,1357.0,15.0,132.0,07,Great Slave Lake
07JF005,True,,4228.0,2449,23.0,6.0,19.0,1760.0,18.0,163.0,07,Great Slave Lake
07KC001,True,,8035.0,7379,58.0,44.0,212.0,444.0,15.0,65.0,07,Great Slave Lake
07KC003,False,n_obs<100,,15,,,,,,,07,Great Slave Lake
07KC004,False,n_obs<100,,53,,,,,,,07,Great Slave Lake
07KC005,True,,18825.0,14445,203.0,109.0,766.0,3614.0,95.0,414.0,07,Great Slave Lake
07KE001,True,,4262.0,2785,19.0,4.0,13.0,1464.0,16.0,133.0,07,Great Slave Lake
07KF001,True,,11475.0,2402,78.0,48.0,166.0,8907.0,31.0,3528.0,07,Great Slave Lake
07KF002,True,,19647.0,14985,218.0,103.0,689.0,3973.0,116.0,150.0,07,Great Slave Lake
07KF003,True,,19218.0,17030,130.0,80.0,540.0,1648.0,51.0,218.0,07,Great Slave Lake
07KF004,True,,4200.0,282,20.0,17.0,56.0,3862.0,4.0,3736.0,07,Great Slave Lake
07KF005,True,,147.0,120,2.0,1.0,5.0,22.0,2.0,22.0,07,Great Slave Lake
07KF007,False,n_obs<100,,19,,,,,,,07,Great Slave Lake
07KF008,False,n_obs<100,,62,,,,,,,07,Great Slave Lake
07KF013,False,n_obs<100,,36,,,,,,,07,Great Slave Lake
07KF015,True,,3102.0,1035,18.0,7.0,30.0,2037.0,12.0,604.0,07,Great Slave Lake
07LB001,False,n_obs<100,,90,,,,,,,07,Great Slave Lake
07LB002,True,,4383.0,4383,0.0,0.0,0.0,0.0,1.0,0.0,07,Great Slave Lake
07LD001,True,,10895.0,8805,50.0,21.0,86.0,2004.0,30.0,193.0,07,Great Slave Lake
07LE002,True,,4748.0,4582,3.0,0.0,0.0,166.0,4.0,114.0,07,Great Slave Lake
07MA003,True,,4383.0,4365,3.0,3.0,18.0,0.0,1.0,9.0,07,Great Slave Lake
07MB001,True,,4383.0,4226,3.0,1.0,1.0,156.0,3.0,98.0,07,Great Slave Lake
07MC002,True,,12291.0,1697,57.0,45.0,281.0,10313.0,13.0,5224.0,07,Great Slave Lake
07MC003,True,,24782.0,23731,44.0,23.0,87.0,964.0,22.0,84.0,07,Great Slave Lake
07MD001,True,,34020.0,21627,513.0,413.0,1797.0,10596.0,101.0,1163.0,07,Great Slave Lake
07MD002,True,,7622.0,6245,75.0,36.0,289.0,1088.0,40.0,54.0,07,Great Slave Lake
07NA001,True,,23259.0,15726,228.0,147.0,817.0,6716.0,82.0,3528.0,07,Great Slave Lake
07NA003,True,,5333.0,3171,111.0,92.0,478.0,1684.0,20.0,1192.0,07,Great Slave Lake
07NA005,False,n_obs<100,,69,,,,,,,07,Great Slave Lake
07NA007,True,,23199.0,14345,254.0,178.0,938.0,7916.0,77.0,3880.0,07,Great Slave Lake
07NA008,True,,23199.0,11468,228.0,144.0,835.0,10896.0,85.0,3880.0,07,Great Slave Lake
07NB001,True,,8035.0,7755,23.0,16.0,108.0,172.0,8.0,45.0,07,Great Slave Lake
07NB002,True,,4016.0,1603,31.0,18.0,96.0,2317.0,14.0,245.0,07,Great Slave Lake
07NB003,True,,11802.0,2462,327.0,294.0,451.0,8889.0,34.0,4346.0,07,Great Slave Lake
07NB004,False,n_obs<100,,66,,,,,,,07,Great Slave Lake
07NB005,False,n_obs<100,,68,,,,,,,07,Great Slave Lake
07OA001,True,,3871.0,2497,23.0,11.0,37.0,1337.0,13.0,177.0,07,Great Slave Lake
07OB001,True,,8035.0,7929,7.0,6.0,31.0,75.0,2.0,75.0,07,Great Slave Lake
07OB002,True,,23741.0,17393,65.0,28.0,193.0,6155.0,38.0,4557.0,07,Great Slave Lake
07OB003,True,,3898.0,2564,17.0,7.0,37.0,1297.0,11.0,173.0,07,Great Slave Lake
07OB004,True,,3898.0,2493,16.0,3.0,23.0,1382.0,14.0,166.0,07,Great Slave Lake
07OB006,True,,3888.0,2376,21.0,6.0,28.0,1484.0,16.0,140.0,07,Great Slave Lake
07OB008,True,,13234.0,7699,36.0,9.0,33.0,5502.0,28.0,2105.0,07,Great Slave Lake
07OC001,True,,4018.0,3892,14.0,11.0,62.0,64.0,4.0,28.0,07,Great Slave Lake
07PB001,True,,17431.0,13823,24.0,4.0,28.0,3580.0,21.0,1083.0,07,Great Slave Lake
07QB001,True,,6125.0,5463,17.0,10.0,25.0,637.0,8.0,232.0,07,Great Slave Lake
07QC002,True,,30967.0,14061,34.0,19.0,70.0,16836.0,16.0,7708.0,07,Great Slave Lake
07QC005,True,,3933.0,3603,10.0,5.0,25.0,305.0,6.0,98.0,07,Great Slave Lake
07QC006,True,,3933.0,3748,3.0,0.0,0.0,185.0,4.0,75.0,07,Great Slave Lake
07QC007,True,,6018.0,5394,20.0,11.0,84.0,540.0,10.0,145.0,07,Great Slave Lake
07QC008,True,,3932.0,3932,0.0,0.0,0.0,0.0,1.0,0.0,07,Great Slave Lake
07QD002,True,,22469.0,21055,49.0,16.0,112.0,1302.0,34.0,110.0,07,Great Slave Lake
07QD004,True,,2744.0,2662,2.0,0.0,0.0,82.0,3.0,63.0,07,Great Slave Lake
07QD007,True,,8035.0,7545,9.0,3.0,14.0,476.0,7.0,365.0,07,Great Slave Lake
07RB001,True,,1964.0,1383,6.0,4.0,10.0,571.0,3.0,504.0,07,Great Slave Lake
07RC002,False,n_obs<100,,23,,,,,,,07,Great Slave Lake
07RC003,True,,627.0,627,0.0,0.0,0.0,0.0,1.0,0.0,07,Great Slave Lake
07RD001,True,,8034.0,7950,1.0,0.0,0.0,84.0,2.0,84.0,07,Great Slave Lake
07SA002,True,,8035.0,7990,5.0,4.0,29.0,16.0,2.0,16.0,07,Great Slave Lake
07SA004,True,,8035.0,7272,8.0,6.0,32.0,731.0,3.0,366.0,07,Great Slave Lake
07SA008,True,,8035.0,7964,10.0,8.0,30.0,41.0,3.0,25.0,07,Great Slave Lake
07SB001,True,,32842.0,30632,26.0,11.0,83.0,2127.0,16.0,1083.0,07,Great Slave Lake
07SB003,True,,8035.0,8032,1.0,1.0,3.0,0.0,1.0,3.0,07,Great Slave Lake
07SB008,True,,4210.0,2178,39.0,14.0,93.0,1939.0,26.0,201.0,07,Great Slave Lake
07SB010,True,,8035.0,7936,4.0,3.0,18.0,81.0,2.0,81.0,07,Great Slave Lake
07SB012,True,,17897.0,14759,10.0,3.0,12.0,3126.0,8.0,2303.0,07,Great Slave Lake
07SB013,True,,8035.0,7857,6.0,2.0,19.0,159.0,5.0,110.0,07,Great Slave Lake
07SB014,True,,13390.0,13390,0.0,0.0,0.0,0.0,1.0,0.0,07,Great Slave Lake
07SB015,True,,12940.0,12903,3.0,1.0,4.0,33.0,3.0,18.0,07,Great Slave Lake
07SB017,True,,10454.0,10412,2.0,1.0,8.0,34.0,2.0,34.0,07,Great Slave Lake
07SB020,True,,2263.0,2038,7.0,3.0,11.0,214.0,5.0,100.0,07,Great Slave Lake
07SC001,True,,4645.0,4576,1.0,0.0,0.0,69.0,2.0,69.0,07,Great Slave Lake
07SC002,True,,6786.0,4830,16.0,11.0,56.0,1900.0,6.0,1470.0,07,Great Slave Lake
07SC003,True,,4190.0,2888,18.0,2.0,15.0,1287.0,17.0,165.0,07,Great Slave Lake
07SC004,True,,4573.0,4549,2.0,1.0,9.0,15.0,2.0,15.0,07,Great Slave Lake
07SC005,True,,4573.0,4573,0.0,0.0,0.0,0.0,1.0,0.0,07,Great Slave Lake
07SC006,True,,627.0,624,1.0,1.0,3.0,0.0,1.0,3.0,07,Great Slave Lake
07TA001,True,,6940.0,6940,0.0,0.0,0.0,0.0,1.0,0.0,07,Great Slave Lake
07TA002,True,,5763.0,3943,128.0,94.0,354.0,1466.0,35.0,118.0,07,Great Slave Lake
07UB001,True,,104.0,104,0.0,0.0,0.0,0.0,1.0,0.0,07,Great Slave Lake
07UC001,True,,3400.0,3382,1.0,0.0,0.0,18.0,2.0,18.0,07,Great Slave Lake
07UC002,True,,1262.0,127,68.0,45.0,205.0,930.0,24.0,90.0,07,Great Slave Lake
08AA003,True,,4018.0,3853,13.0,9.0,16.0,149.0,5.0,49.0,08,Pacific
08AA005,True,,18967.0,18814,14.0,9.0,48.0,105.0,6.0,27.0,08,Pacific
08AA007,True,,15812.0,14851,40.0,19.0,93.0,868.0,22.0,83.0,08,Pacific
08AA008,True,,3287.0,2911,2.0,0.0,0.0,376.0,3.0,348.0,08,Pacific
08AA009,True,,3898.0,3004,7.0,1.0,3.0,891.0,7.0,206.0,08,Pacific
08AA010,True,,4748.0,4739,2.0,2.0,9.0,0.0,1.0,6.0,08,Pacific
08AA011,True,,1743.0,1743,0.0,0.0,0.0,0.0,1.0,0.0,08,Pacific
08AA012,True,,10592.0,10456,11.0,7.0,29.0,107.0,5.0,39.0,08,Pacific
08AB001,True,,4018.0,3984,7.0,7.0,34.0,0.0,1.0,9.0,08,Pacific
08AC001,True,,4748.0,4697,3.0,2.0,13.0,38.0,2.0,38.0,08,Pacific
08AC002,True,,4018.0,4018,0.0,0.0,0.0,0.0,1.0,0.0,08,Pacific
08BB003,True,,9327.0,3307,78.0,29.0,172.0,5848.0,50.0,1421.0,08,Pacific
08BB004,False,n_obs<100,,44,,,,,,,08,Pacific
08CD001,True,,4748.0,4565,7.0,3.0,13.0,170.0,5.0,80.0,08,Pacific
08CE001,True,,4362.0,3992,18.0,12.0,51.0,319.0,7.0,84.0,08,Pacific
08CE005,True,,866.0,866,0.0,0.0,0.0,0.0,1.0,0.0,08,Pacific
08CF002,True,,452.0,403,3.0,2.0,14.0,35.0,2.0,35.0,08,Pacific
08CG001,True,,4383.0,4216,19.0,15.0,64.0,103.0,5.0,31.0,08,Pacific
08CG002,True,,5709.0,3236,69.0,42.0,240.0,2233.0,28.0,798.0,08,Pacific
08CG007,True,,1281.0,909,10.0,4.0,29.0,343.0,7.0,84.0,08,Pacific
08DA005,True,,4383.0,3926,24.0,15.0,100.0,357.0,10.0,98.0,08,Pacific
08DA012,True,,4240.0,2624,17.0,4.0,10.0,1606.0,14.0,151.0,08,Pacific
08DB001,True,,4383.0,3709,8.0,3.0,8.0,666.0,6.0,438.0,08,Pacific
08DB013,True,,4748.0,4741,1.0,1.0,7.0,0.0,1.0,7.0,08,Pacific
08DB014,True,,2497.0,2453,3.0,2.0,13.0,31.0,2.0,31.0,08,Pacific
08EB003,True,,13879.0,5523,30.0,19.0,86.0,8270.0,12.0,7746.0,08,Pacific
08EB004,True,,4749.0,4565,11.0,7.0,28.0,156.0,5.0,71.0,08,Pacific
08EB005,True,,4340.0,4340,0.0,0.0,0.0,0.0,1.0,0.0,08,Pacific
08EB006,True,,1310.0,856,3.0,0.0,0.0,454.0,4.0,152.0,08,Pacific
08EB007,True,,630.0,509,1.0,0.0,0.0,121.0,2.0,121.0,08,Pacific
08EC001,True,,13795.0,12491,77.0,49.0,258.0,1046.0,29.0,81.0,08,Pacific
08EC003,True,,24635.0,14252,2884.0,2858.0,8269.0,2114.0,27.0,410.0,08,Pacific
08EC004,True,,4383.0,4379,3.0,3.0,4.0,0.0,1.0,2.0,08,Pacific
08EC006,True,,998.0,345,9.0,2.0,17.0,636.0,8.0,184.0,08,Pacific
08EC007,True,,3503.0,2191,358.0,353.0,796.0,516.0,6.0,246.0,08,Pacific
08EC010,True,,2037.0,1196,15.0,8.0,34.0,807.0,8.0,178.0,08,Pacific
08EC011,True,,1830.0,1238,10.0,5.0,25.0,567.0,6.0,155.0,08,Pacific
08EC012,True,,1719.0,1275,5.0,0.0,0.0,444.0,6.0,123.0,08,Pacific
08EC013,True,,13514.0,5008,9.0,5.0,33.0,8473.0,5.0,8401.0,08,Pacific
08EC014,True,,4202.0,2478,16.0,5.0,28.0,1696.0,12.0,181.0,08,Pacific
08ED001,True,,4383.0,4383,0.0,0.0,0.0,0.0,1.0,0.0,08,Pacific
08ED002,True,,4748.0,4701,6.0,5.0,13.0,34.0,2.0,34.0,08,Pacific
08ED004,True,,4232.0,2470,14.0,1.0,1.0,1761.0,14.0,152.0,08,Pacific
08EE001,True,,3135.0,760,596.0,583.0,913.0,1462.0,14.0,159.0,08,Pacific
08EE003,True,,4748.0,4720,7.0,6.0,12.0,16.0,2.0,16.0,08,Pacific
08EE004,True,,4748.0,4258,10.0,3.0,22.0,468.0,8.0,111.0,08,Pacific
08EE005,True,,4748.0,4714,4.0,3.0,8.0,26.0,2.0,26.0,08,Pacific
08EE008,True,,4383.0,3360,20.0,8.0,19.0,1004.0,13.0,188.0,08,Pacific
08EE011,True,,4386.0,3059,8.0,5.0,11.0,1316.0,4.0,820.0,08,Pacific
08EE012,True,,4382.0,3775,20.0,9.0,60.0,547.0,12.0,101.0,08,Pacific
08EE013,True,,4748.0,4167,7.0,3.0,10.0,571.0,5.0,458.0,08,Pacific
08EE020,True,,4383.0,4378,3.0,3.0,5.0,0.0,1.0,3.0,08,Pacific
08EE025,True,,4383.0,4088,6.0,1.0,4.0,291.0,6.0,132.0,08,Pacific
08EE026,True,,164.0,164,0.0,0.0,0.0,0.0,1.0,0.0,08,Pacific
08EF001,True,,15337.0,14404,38.0,33.0,106.0,827.0,6.0,369.0,08,Pacific
08EF005,True,,4383.0,4055,25.0,21.0,92.0,236.0,5.0,157.0,08,Pacific
08EF006,True,,4232.0,2451,24.0,11.0,40.0,1741.0,14.0,179.0,08,Pacific
08EG012,True,,4394.0,4122,19.0,13.0,57.0,215.0,7.0,58.0,08,Pacific
08EG014,True,,587.0,548,2.0,1.0,7.0,32.0,2.0,32.0,08,Pacific
08EG016,True,,4221.0,4216,1.0,1.0,5.0,0.0,1.0,5.0,08,Pacific
08EG018,True,,4232.0,2417,15.0,1.0,11.0,1804.0,15.0,160.0,08,Pacific
08EG019,True,,1922.0,1908,1.0,1.0,14.0,0.0,1.0,14.0,08,Pacific
08FA002,True,,2557.0,2492,4.0,3.0,13.0,52.0,2.0,52.0,08,Pacific
08FA007,True,,22959.0,22376,16.0,6.0,27.0,556.0,11.0,96.0,08,Pacific
08FB004,True,,4748.0,4691,8.0,7.0,13.0,44.0,2.0,44.0,08,Pacific
08FB006,True,,4723.0,3855,12.0,1.0,2.0,866.0,12.0,365.0,08,Pacific
08FB011,True,,4451.0,4292,3.0,2.0,3.0,156.0,2.0,156.0,08,Pacific
08FC003,True,,4747.0,4717,12.0,12.0,30.0,0.0,1.0,6.0,08,Pacific
08FE003,True,,4383.0,4351,7.0,7.0,32.0,0.0,1.0,9.0,08,Pacific
08FF001,True,,4383.0,4288,7.0,5.0,28.0,67.0,3.0,52.0,08,Pacific
08FF002,True,,4383.0,4374,3.0,3.0,9.0,0.0,1.0,5.0,08,Pacific
08FF003,True,,4748.0,4694,3.0,1.0,2.0,52.0,3.0,35.0,08,Pacific
08FF006,True,,4317.0,4214,6.0,3.0,12.0,91.0,4.0,42.0,08,Pacific
08GA010,True,,4748.0,4747,1.0,1.0,1.0,0.0,1.0,1.0,08,Pacific
08GA022,True,,4748.0,4705,2.0,1.0,4.0,39.0,2.0,39.0,08,Pacific
08GA026,True,,117.0,117,0.0,0.0,0.0,0.0,1.0,0.0,08,Pacific
08GA030,True,,4748.0,4493,18.0,14.0,61.0,194.0,5.0,102.0,08,Pacific
08GA032,True,,634.0,243,202.0,201.0,268.0,123.0,2.0,123.0,08,Pacific
08GA034,True,,614.0,231,202.0,201.0,273.0,110.0,2.0,110.0,08,Pacific
08GA035,True,,503.0,218,199.0,199.0,285.0,0.0,1.0,8.0,08,Pacific
08GA043,True,,4748.0,4748,0.0,0.0,0.0,0.0,1.0,0.0,08,Pacific
08GA047,True,,4748.0,4718,4.0,4.0,30.0,0.0,1.0,12.0,08,Pacific
08GA048,True,,2702.0,2622,20.0,18.0,32.0,48.0,3.0,26.0,08,Pacific
08GA049,True,,1317.0,680,85.0,72.0,311.0,326.0,14.0,55.0,08,Pacific
08GA053,True,,350.0,327,1.0,0.0,0.0,23.0,2.0,23.0,08,Pacific
08GA061,True,,4748.0,4747,1.0,1.0,1.0,0.0,1.0,1.0,08,Pacific
08GA069,True,,799.0,723,8.0,6.0,7.0,69.0,3.0,46.0,08,Pacific
08GA070,True,,799.0,723,9.0,7.0,7.0,69.0,3.0,46.0,08,Pacific
08GA071,True,,4383.0,4355,4.0,4.0,28.0,0.0,1.0,10.0,08,Pacific
08GA072,True,,4748.0,4690,12.0,12.0,58.0,0.0,1.0,13.0,08,Pacific
08GA075,True,,4748.0,4521,8.0,4.0,33.0,194.0,5.0,56.0,08,Pacific
08GA076,True,,4748.0,4651,12.0,9.0,20.0,77.0,4.0,34.0,08,Pacific
08GA077,True,,4748.0,4720,10.0,9.0,12.0,16.0,2.0,16.0,08,Pacific
08GA079,True,,4748.0,4728,2.0,1.0,5.0,15.0,2.0,15.0,08,Pacific
08GB008,True,,236.0,229,1.0,1.0,7.0,0.0,1.0,7.0,08,Pacific
08GB012,True,,254.0,156,39.0,39.0,98.0,0.0,1.0,9.0,08,Pacific
08GB013,True,,4748.0,4732,2.0,2.0,16.0,0.0,1.0,11.0,08,Pacific
08GB014,True,,4748.0,4720,3.0,2.0,3.0,25.0,2.0,25.0,08,Pacific
08GC005,True,,4748.0,4603,8.0,3.0,18.0,127.0,6.0,46.0,08,Pacific
08GC006,True,,4748.0,4729,2.0,1.0,1.0,18.0,2.0,18.0,08,Pacific
08GC007,True,,4748.0,4692,4.0,2.0,2.0,54.0,3.0,28.0,08,Pacific
08GC008,True,,4748.0,4709,4.0,4.0,39.0,0.0,1.0,14.0,08,Pacific
08GD004,True,,4748.0,4748,0.0,0.0,0.0,0.0,1.0,0.0,08,Pacific
08GD008,True,,4748.0,4644,3.0,1.0,7.0,97.0,3.0,58.0,08,Pacific
08GD010,True,,922.0,868,5.0,4.0,25.0,29.0,2.0,29.0,08,Pacific
08GE002,True,,4748.0,4735,2.0,2.0,13.0,0.0,1.0,10.0,08,Pacific
08GE003,True,,4383.0,4172,5.0,0.0,0.0,211.0,6.0,69.0,08,Pacific
08GF003,True,,606.0,596,1.0,1.0,10.0,0.0,1.0,10.0,08,Pacific
08GF006,True,,972.0,885,3.0,1.0,1.0,86.0,3.0,70.0,08,Pacific
08GF007,True,,4518.0,4503,1.0,0.0,0.0,15.0,2.0,15.0,08,Pacific
08GF009,True,,4301.0,4149,4.0,2.0,24.0,128.0,3.0,83.0,08,Pacific
08HA001,True,,4748.0,4738,3.0,3.0,10.0,0.0,1.0,4.0,08,Pacific
08HA002,True,,4748.0,4742,2.0,2.0,6.0,0.0,1.0,4.0,08,Pacific
08HA003,True,,4748.0,4681,2.0,1.0,6.0,61.0,2.0,61.0,08,Pacific
08HA009,True,,40483.0,24843,2840.0,2832.0,3998.0,11642.0,9.0,11400.0,08,Pacific
08HA010,True,,4748.0,4635,5.0,2.0,19.0,94.0,4.0,42.0,08,Pacific
08HA011,True,,4748.0,4725,3.0,3.0,23.0,0.0,1.0,10.0,08,Pacific
08HA013,True,,10443.0,1706,478.0,435.0,1668.0,7069.0,44.0,4898.0,08,Pacific
08HA016,True,,4383.0,4346,7.0,7.0,37.0,0.0,1.0,14.0,08,Pacific
08HA020,True,,4951.0,1826,20.0,9.0,69.0,3056.0,12.0,1604.0,08,Pacific
08HA024,True,,1279.0,723,11.0,7.0,12.0,544.0,5.0,182.0,08,Pacific
08HA032,True,,8884.0,3283,961.0,873.0,3090.0,2511.0,89.0,88.0,08,Pacific
08HA038,True,,8176.0,7925,14.0,8.0,53.0,198.0,7.0,68.0,08,Pacific
08HA041,True,,1919.0,723,6.0,1.0,9.0,1187.0,6.0,1096.0,08,Pacific
08HA044,True,,2907.0,1881,62.0,45.0,312.0,714.0,18.0,167.0,08,Pacific
08HA048,False,n_obs<100,,50,,,,,,,08,Pacific
08HA049,True,,1352.0,122,119.0,113.0,683.0,547.0,7.0,161.0,08,Pacific
08HA050,True,,1352.0,100,98.0,86.0,599.0,653.0,13.0,173.0,08,Pacific
08HA051,False,n_obs<100,,86,,,,,,,08,Pacific
08HA052,True,,2760.0,1426,57.0,47.0,86.0,1248.0,11.0,179.0,08,Pacific
08HA053,True,,4238.0,2207,20.0,6.0,22.0,2009.0,15.0,182.0,08,Pacific
08HA057,True,,1233.0,117,115.0,97.0,581.0,535.0,19.0,60.0,08,Pacific
08HA058,False,n_obs<100,,94,,,,,,,08,Pacific
08HA068,True,,4748.0,4596,10.0,7.0,30.0,122.0,4.0,68.0,08,Pacific
08HA069,True,,4748.0,4739,1.0,1.0,9.0,0.0,1.0,9.0,08,Pacific
08HA070,True,,4748.0,4742,2.0,2.0,6.0,0.0,1.0,4.0,08,Pacific
08HA072,True,,4383.0,4337,4.0,3.0,13.0,33.0,2.0,33.0,08,Pacific
08HB002,True,,4748.0,4486,7.0,5.0,13.0,249.0,3.0,216.0,08,Pacific
08HB006,True,,4748.0,4743,1.0,1.0,5.0,0.0,1.0,5.0,08,Pacific
08HB008,True,,4724.0,4628,12.0,10.0,62.0,34.0,3.0,19.0,08,Pacific
08HB011,True,,4748.0,4748,0.0,0.0,0.0,0.0,1.0,0.0,08,Pacific
08HB014,True,,4383.0,4342,2.0,1.0,1.0,40.0,2.0,40.0,08,Pacific
08HB015,True,,30472.0,26751,151.0,146.0,223.0,3498.0,6.0,2999.0,08,Pacific
08HB017,True,,365.0,365,0.0,0.0,0.0,0.0,1.0,0.0,08,Pacific
08HB021,True,,1542.0,1427,40.0,39.0,97.0,18.0,2.0,18.0,08,Pacific
08HB022,True,,4748.0,4514,6.0,2.0,3.0,231.0,5.0,126.0,08,Pacific
08HB023,True,,4383.0,4383,0.0,0.0,0.0,0.0,1.0,0.0,08,Pacific
08HB025,True,,4748.0,4696,3.0,1.0,5.0,47.0,3.0,31.0,08,Pacific
08HB026,True,,6480.0,5997,261.0,258.0,415.0,68.0,4.0,33.0,08,Pacific
08HB028,True,,6011.0,3107,980.0,972.0,2497.0,407.0,9.0,81.0,08,Pacific
08HB029,True,,3811.0,3193,8.0,6.0,26.0,592.0,3.0,364.0,08,Pacific
08HB031,True,,6041.0,3468,2399.0,2395.0,2497.0,76.0,5.0,27.0,08,Pacific
08HB032,True,,4383.0,3991,7.0,6.0,24.0,368.0,2.0,368.0,08,Pacific
08HB034,True,,4383.0,4267,6.0,4.0,7.0,109.0,3.0,68.0,08,Pacific
08HB041,True,,4748.0,4734,1.0,1.0,14.0,0.0,1.0,14.0,08,Pacific
08HB048,True,,4383.0,4365,1.0,0.0,0.0,18.0,2.0,18.0,08,Pacific
08HB053,True,,2457.0,2039,25.0,23.0,59.0,359.0,3.0,326.0,08,Pacific
08HB055,True,,1664.0,951,13.0,8.0,47.0,666.0,6.0,175.0,08,Pacific
08HB056,True,,1673.0,502,457.0,451.0,526.0,645.0,7.0,177.0,08,Pacific
08HB057,True,,1659.0,984,10.0,4.0,31.0,644.0,7.0,177.0,08,Pacific
08HB058,True,,552.0,400,4.0,3.0,26.0,126.0,2.0,126.0,08,Pacific
08HB060,True,,1584.0,476,1.0,0.0,0.0,1108.0,2.0,1108.0,08,Pacific
08HB066,True,,697.0,109,99.0,98.0,500.0,88.0,2.0,88.0,08,Pacific
08HB070,True,,1639.0,840,11.0,2.0,22.0,777.0,10.0,201.0,08,Pacific
08HB071,True,,1972.0,836,124.0,114.0,184.0,952.0,11.0,171.0,08,Pacific
08HB074,True,,4383.0,4378,1.0,1.0,5.0,0.0,1.0,5.0,08,Pacific
08HB075,True,,4748.0,4712,8.0,8.0,36.0,0.0,1.0,13.0,08,Pacific
08HB076,False,n_obs<100,,66,,,,,,,08,Pacific
08HB082,True,,11322.0,11187,9.0,6.0,31.0,104.0,4.0,47.0,08,Pacific
08HB083,True,,1826.0,1822,1.0,1.0,4.0,0.0,1.0,4.0,08,Pacific
08HB084,True,,4748.0,4723,6.0,5.0,5.0,20.0,2.0,20.0,08,Pacific
08HB086,True,,4748.0,4649,6.0,4.0,34.0,65.0,3.0,40.0,08,Pacific
08HB087,True,,1826.0,1826,0.0,0.0,0.0,0.0,1.0,0.0,08,Pacific
08HB089,True,,1552.0,1500,2.0,1.0,4.0,48.0,2.0,48.0,08,Pacific
08HB092,True,,4383.0,4289,7.0,5.0,33.0,61.0,3.0,43.0,08,Pacific
08HC001,True,,4748.0,4721,2.0,2.0,27.0,0.0,1.0,14.0,08,Pacific
08HC002,True,,1258.0,985,3.0,2.0,4.0,269.0,2.0,269.0,08,Pacific
08HC005,True,,3077.0,2951,6.0,4.0,13.0,113.0,3.0,61.0,08,Pacific
08HC006,True,,9861.0,5073,3.0,1.0,11.0,4777.0,3.0,4760.0,08,Pacific
08HC007,True,,5401.0,627,4.0,3.0,26.0,4748.0,2.0,4748.0,08,Pacific
08HD003,True,,4018.0,3909,3.0,1.0,2.0,107.0,3.0,79.0,08,Pacific
08HD005,True,,4748.0,4744,2.0,2.0,4.0,0.0,1.0,3.0,08,Pacific
08HD006,True,,4748.0,4474,15.0,7.0,41.0,233.0,9.0,50.0,08,Pacific
08HD007,True,,4748.0,4719,5.0,5.0,29.0,0.0,1.0,9.0,08,Pacific
08HD011,True,,4748.0,4748,0.0,0.0,0.0,0.0,1.0,0.0,08,Pacific
08HD015,True,,2708.0,2703,1.0,1.0,5.0,0.0,1.0,5.0,08,Pacific
08HD018,True,,4730.0,4612,13.0,10.0,47.0,71.0,4.0,26.0,08,Pacific
08HD020,True,,1522.0,1009,28.0,18.0,75.0,438.0,11.0,119.0,08,Pacific
08HD021,True,,4748.0,4748,0.0,0.0,0.0,0.0,1.0,0.0,08,Pacific
08HD022,True,,9861.0,9062,8.0,3.0,10.0,789.0,6.0,368.0,08,Pacific
08HD023,True,,4383.0,4363,3.0,2.0,4.0,16.0,2.0,16.0,08,Pacific
08HD024,True,,1319.0,1319,0.0,0.0,0.0,0.0,1.0,0.0,08,Pacific
08HD025,True,,9861.0,9758,11.0,9.0,41.0,62.0,3.0,44.0,08,Pacific
08HD026,True,,4748.0,4744,3.0,3.0,4.0,0.0,1.0,2.0,08,Pacific
08HD027,True,,4383.0,4383,0.0,0.0,0.0,0.0,1.0,0.0,08,Pacific
08HD031,True,,5892.0,5741,8.0,1.0,4.0,147.0,8.0,27.0,08,Pacific
08HD032,True,,4018.0,3681,8.0,5.0,17.0,320.0,4.0,258.0,08,Pacific
08HD033,True,,4748.0,4698,1.0,0.0,0.0,50.0,2.0,50.0,08,Pacific
08HD034,True,,2104.0,2074,2.0,1.0,10.0,20.0,2.0,20.0,08,Pacific
08HD035,True,,1095.0,1056,1.0,0.0,0.0,39.0,2.0,39.0,08,Pacific
08HDX03,True,,1674.0,1662,1.0,1.0,12.0,0.0,1.0,12.0,08,Pacific
08HDX05,True,,269.0,269,0.0,0.0,0.0,0.0,1.0,0.0,08,Pacific
08HE001,True,,431.0,431,0.0,0.0,0.0,0.0,1.0,0.0,08,Pacific
08HE006,True,,4748.0,4466,2.0,0.0,0.0,282.0,3.0,184.0,08,Pacific
08HE008,True,,4748.0,4683,5.0,4.0,17.0,48.0,2.0,48.0,08,Pacific
08HE009,True,,4383.0,4358,1.0,0.0,0.0,25.0,2.0,25.0,08,Pacific
08HE010,True,,1305.0,1304,1.0,1.0,1.0,0.0,1.0,1.0,08,Pacific
08HF004,True,,4748.0,4483,10.0,4.0,17.0,248.0,7.0,88.0,08,Pacific
08HF005,True,,4383.0,4288,5.0,4.0,25.0,70.0,2.0,70.0,08,Pacific
08HF006,True,,4383.0,4321,1.0,0.0,0.0,62.0,2.0,62.0,08,Pacific
08HF012,True,,4383.0,4083,16.0,13.0,35.0,265.0,4.0,224.0,08,Pacific
08HF013,True,,4383.0,3851,3.0,0.0,0.0,532.0,4.0,393.0,08,Pacific
08HF014,True,,2376.0,2323,3.0,2.0,17.0,36.0,2.0,36.0,08,Pacific
08HF015,True,,1182.0,1182,0.0,0.0,0.0,0.0,1.0,0.0,08,Pacific
08JA015,True,,4383.0,4383,0.0,0.0,0.0,0.0,1.0,0.0,08,Pacific
08JA017,True,,4748.0,4603,18.0,14.0,56.0,89.0,5.0,28.0,08,Pacific
08JA018,True,,15509.0,11230,13.0,4.0,30.0,4249.0,10.0,3502.0,08,Pacific
08JA022,True,,1095.0,1095,0.0,0.0,0.0,0.0,1.0,0.0,08,Pacific
08JA023,True,,11322.0,5475,3.0,2.0,3.0,5844.0,2.0,5844.0,08,Pacific
08JA027,True,,1440.0,1406,1.0,0.0,0.0,34.0,2.0,34.0,08,Pacific
08JA028,True,,880.0,880,0.0,0.0,0.0,0.0,1.0,0.0,08,Pacific
08JA029,True,,4241.0,2590,13.0,1.0,1.0,1650.0,13.0,181.0,08,Pacific
08JA030,True,,4959.0,4640,10.0,7.0,52.0,267.0,4.0,232.0,08,Pacific
08JB001,True,,14301.0,7946,321.0,297.0,557.0,5798.0,25.0,3689.0,08,Pacific
08JB002,True,,4383.0,4359,3.0,2.0,5.0,19.0,2.0,19.0,08,Pacific
08JB003,True,,4748.0,4633,10.0,6.0,30.0,85.0,5.0,33.0,08,Pacific
08JB005,True,,10226.0,9251,216.0,209.0,302.0,673.0,8.0,213.0,08,Pacific
08JB007,True,,21290.0,18804,257.0,245.0,602.0,1884.0,13.0,198.0,08,Pacific
08JB008,True,,4383.0,4292,15.0,13.0,34.0,57.0,3.0,34.0,08,Pacific
08JB011,True,,7683.0,7629,6.0,4.0,4.0,50.0,3.0,29.0,08,Pacific
08JB013,True,,4202.0,2123,18.0,3.0,24.0,2055.0,16.0,503.0,08,Pacific
08JC001,True,,4748.0,4732,3.0,3.0,16.0,0.0,1.0,7.0,08,Pacific
08JC002,True,,4748.0,4737,4.0,4.0,11.0,0.0,1.0,5.0,08,Pacific
08JC016,True,,1052.0,104,100.0,95.0,246.0,702.0,6.0,253.0,08,Pacific
08JD006,True,,4352.0,4348,2.0,2.0,4.0,0.0,1.0,3.0,08,Pacific
08JE001,True,,4748.0,4748,0.0,0.0,0.0,0.0,1.0,0.0,08,Pacific
08JE003,True,,14828.0,11886,894.0,876.0,1320.0,1622.0,19.0,175.0,08,Pacific
08JE004,True,,4748.0,4399,28.0,24.0,70.0,279.0,5.0,132.0,08,Pacific
08KA001,True,,4383.0,4145,10.0,7.0,46.0,192.0,4.0,110.0,08,Pacific
08KA004,True,,4743.0,4621,27.0,26.0,96.0,26.0,2.0,26.0,08,Pacific
08KA005,True,,4383.0,4315,5.0,4.0,12.0,56.0,2.0,56.0,08,Pacific
08KA007,True,,4748.0,4746,1.0,1.0,2.0,0.0,1.0,2.0,08,Pacific
08KA009,True,,4748.0,4537,20.0,17.0,52.0,159.0,4.0,106.0,08,Pacific
08KA013,True,,4748.0,4563,12.0,8.0,21.0,164.0,5.0,63.0,08,Pacific
08KB001,True,,4748.0,4426,38.0,31.0,181.0,141.0,8.0,28.0,08,Pacific
08KB003,True,,4748.0,4740,4.0,4.0,8.0,0.0,1.0,3.0,08,Pacific
08KB006,True,,4748.0,4679,1.0,0.0,0.0,69.0,2.0,69.0,08,Pacific
08KC001,True,,4352.0,3806,42.0,32.0,170.0,376.0,11.0,90.0,08,Pacific
08KD005,True,,11894.0,7894,350.0,313.0,790.0,3210.0,38.0,294.0,08,Pacific
08KD006,True,,257.0,253,3.0,3.0,4.0,0.0,1.0,2.0,08,Pacific
08KD007,True,,4748.0,4584,7.0,5.0,17.0,147.0,3.0,76.0,08,Pacific
08KE001,True,,7915.0,5238,339.0,316.0,397.0,2280.0,24.0,258.0,08,Pacific
08KE002,True,,19450.0,14072,117.0,67.0,219.0,5159.0,51.0,890.0,08,Pacific
08KE016,True,,4748.0,4610,10.0,8.0,50.0,88.0,3.0,61.0,08,Pacific
08KE018,True,,20354.0,20239,18.0,17.0,85.0,30.0,2.0,30.0,08,Pacific
08KE024,True,,4748.0,4588,33.0,31.0,88.0,72.0,3.0,46.0,08,Pacific
08KG001,True,,4748.0,4431,31.0,25.0,66.0,251.0,7.0,100.0,08,Pacific
08KH001,True,,2557.0,2556,1.0,1.0,1.0,0.0,1.0,1.0,08,Pacific
08KH006,True,,4748.0,4728,8.0,8.0,20.0,0.0,1.0,9.0,08,Pacific
08KH010,True,,4748.0,4658,15.0,14.0,66.0,24.0,2.0,24.0,08,Pacific
08KH011,True,,24707.0,24191,80.0,72.0,178.0,338.0,9.0,98.0,08,Pacific
08KH015,True,,7875.0,5783,28.0,6.0,48.0,2044.0,23.0,278.0,08,Pacific
08KH017,True,,6049.0,1916,1813.0,1792.0,1905.0,2228.0,22.0,161.0,08,Pacific
08KH019,True,,4748.0,4572,6.0,3.0,7.0,169.0,4.0,108.0,08,Pacific
08KH020,True,,4748.0,4588,12.0,9.0,18.0,142.0,4.0,63.0,08,Pacific
08KH029,True,,1629.0,1312,6.0,3.0,8.0,309.0,4.0,155.0,08,Pacific
08KH030,True,,9187.0,4618,16.0,12.0,38.0,4531.0,5.0,4383.0,08,Pacific
08KH031,True,,4359.0,4068,17.0,10.0,46.0,245.0,8.0,77.0,08,Pacific
08LA001,True,,4748.0,4555,11.0,6.0,9.0,184.0,6.0,59.0,08,Pacific
08LA004,True,,1537.0,498,302.0,293.0,506.0,533.0,10.0,163.0,08,Pacific
08LA010,True,,12584.0,9874,51.0,24.0,123.0,2587.0,28.0,965.0,08,Pacific
08LA011,True,,12841.0,7115,1317.0,1293.0,2242.0,3484.0,25.0,553.0,08,Pacific
08LA012,True,,16356.0,14452,64.0,47.0,197.0,1707.0,18.0,200.0,08,Pacific
08LA014,True,,8631.0,6596,34.0,8.0,47.0,1988.0,27.0,184.0,08,Pacific
08LA017,True,,5691.0,4510,528.0,517.0,814.0,367.0,12.0,78.0,08,Pacific
08LA027,True,,4748.0,4519,13.0,9.0,54.0,175.0,5.0,62.0,08,Pacific
08LA028,True,,1224.0,1125,4.0,1.0,10.0,89.0,4.0,39.0,08,Pacific
08LB020,True,,4659.0,3930,31.0,22.0,116.0,613.0,10.0,157.0,08,Pacific
08LB024,True,,4383.0,3971,14.0,7.0,22.0,390.0,8.0,204.0,08,Pacific
08LB038,True,,4748.0,4640,2.0,1.0,1.0,107.0,2.0,107.0,08,Pacific
08LB047,True,,4748.0,4342,11.0,6.0,15.0,391.0,6.0,228.0,08,Pacific
08LB053,True,,3394.0,925,537.0,528.0,746.0,1723.0,10.0,206.0,08,Pacific
08LB064,True,,4748.0,4737,2.0,2.0,11.0,0.0,1.0,9.0,08,Pacific
08LB066,True,,3043.0,388,344.0,336.0,798.0,1857.0,9.0,646.0,08,Pacific
08LB069,True,,4654.0,4411,8.0,4.0,17.0,226.0,5.0,97.0,08,Pacific
08LB076,True,,4383.0,4217,12.0,7.0,20.0,146.0,6.0,51.0,08,Pacific
08LB078,True,,4748.0,4518,20.0,15.0,86.0,144.0,6.0,40.0,08,Pacific
08LB082,True,,2802.0,2594,18.0,13.0,46.0,162.0,6.0,47.0,08,Pacific
08LC002,True,,4748.0,4729,4.0,4.0,19.0,0.0,1.0,13.0,08,Pacific
08LC003,True,,4748.0,4504,17.0,12.0,36.0,208.0,6.0,62.0,08,Pacific
08LC018,True,,30315.0,4911,10.0,9.0,49.0,25355.0,2.0,25355.0,08,Pacific
08LC032,True,,507.0,506,1.0,1.0,1.0,0.0,1.0,1.0,08,Pacific
08LC037,True,,5000.0,4688,40.0,32.0,109.0,203.0,9.0,37.0,08,Pacific
08LC038,True,,3520.0,3414,4.0,1.0,8.0,98.0,4.0,43.0,08,Pacific
08LC039,True,,4308.0,2981,23.0,10.0,42.0,1285.0,14.0,258.0,08,Pacific
08LC040,True,,4297.0,3641,21.0,9.0,42.0,614.0,13.0,159.0,08,Pacific
08LC041,True,,19577.0,19577,0.0,0.0,0.0,0.0,1.0,0.0,08,Pacific
08LC042,True,,4383.0,4342,3.0,2.0,18.0,23.0,2.0,23.0,08,Pacific
08LC043,True,,6773.0,1114,348.0,247.0,1410.0,4249.0,102.0,259.0,08,Pacific
08LC044,True,,6773.0,1142,366.0,258.0,1408.0,4223.0,109.0,243.0,08,Pacific
08LC047,True,,3198.0,236,235.0,169.0,1001.0,1961.0,67.0,55.0,08,Pacific
08LD001,True,,2557.0,2557,0.0,0.0,0.0,0.0,1.0,0.0,08,Pacific
08LD003,True,,27332.0,23969,1311.0,1306.0,2743.0,620.0,6.0,510.0,08,Pacific
08LE020,True,,4383.0,4102,18.0,10.0,43.0,238.0,9.0,50.0,08,Pacific
08LE021,True,,4383.0,4304,2.0,0.0,0.0,79.0,3.0,58.0,08,Pacific
08LE024,True,,4748.0,4728,6.0,6.0,20.0,0.0,1.0,11.0,08,Pacific
08LE027,True,,4748.0,4722,3.0,3.0,26.0,0.0,1.0,12.0,08,Pacific
08LE031,True,,4383.0,4245,10.0,6.0,26.0,112.0,5.0,51.0,08,Pacific
08LE047,True,,20658.0,19982,206.0,201.0,242.0,434.0,6.0,196.0,08,Pacific
08LE053,True,,18812.0,6393,161.0,151.0,340.0,12079.0,11.0,11424.0,08,Pacific
08LE057,True,,13989.0,12456,258.0,237.0,570.0,963.0,22.0,215.0,08,Pacific
08LE068,True,,6742.0,1409,1308.0,1288.0,1933.0,3400.0,21.0,193.0,08,Pacific
08LE069,True,,309.0,288,3.0,2.0,6.0,15.0,2.0,15.0,08,Pacific
08LE070,True,,26151.0,13906,23.0,8.0,32.0,12213.0,16.0,9131.0,08,Pacific
08LE071,True,,6825.0,6785,3.0,2.0,10.0,30.0,2.0,30.0,08,Pacific
08LE077,True,,4383.0,3580,29.0,15.0,107.0,696.0,15.0,109.0,08,Pacific
08LE079,True,,6769.0,2108,214.0,193.0,413.0,4248.0,22.0,299.0,08,Pacific
08LE108,True,,4717.0,4135,18.0,8.0,31.0,551.0,11.0,172.0,08,Pacific
08LE109,True,,8953.0,4941,48.0,20.0,124.0,3888.0,29.0,294.0,08,Pacific
08LE111,False,n_obs<100,,98,,,,,,,08,Pacific
08LE112,True,,4383.0,4179,10.0,6.0,13.0,191.0,5.0,86.0,08,Pacific
08LF002,True,,4383.0,4289,6.0,5.0,16.0,78.0,2.0,78.0,08,Pacific
08LF007,True,,4383.0,4241,11.0,9.0,16.0,126.0,3.0,104.0,08,Pacific
08LF023,True,,41180.0,37380,252.0,223.0,653.0,3147.0,30.0,547.0,08,Pacific
08LF027,True,,4383.0,4227,21.0,19.0,71.0,85.0,3.0,49.0,08,Pacific
08LF033,True,,1014.0,1014,0.0,0.0,0.0,0.0,1.0,0.0,08,Pacific
08LF046,True,,11414.0,11152,28.0,24.0,88.0,174.0,5.0,57.0,08,Pacific
08LF051,True,,4328.0,4312,3.0,3.0,16.0,0.0,1.0,6.0,08,Pacific
08LF075,True,,9638.0,8305,492.0,478.0,703.0,630.0,15.0,193.0,08,Pacific
08LF085,True,,6501.0,6501,0.0,0.0,0.0,0.0,1.0,0.0,08,Pacific
08LF094,True,,4588.0,2542,13.0,1.0,2.0,2044.0,13.0,287.0,08,Pacific
08LF099,True,,4383.0,3303,25.0,11.0,75.0,1005.0,15.0,147.0,08,Pacific
08LF100,True,,4270.0,2698,27.0,11.0,44.0,1528.0,17.0,356.0,08,Pacific
08LG004,True,,336.0,334,1.0,1.0,2.0,0.0,1.0,2.0,08,Pacific
08LG006,True,,3971.0,3890,7.0,5.0,24.0,57.0,3.0,31.0,08,Pacific
08LG008,True,,4288.0,3413,5.0,1.0,9.0,866.0,5.0,791.0,08,Pacific
08LG010,True,,4748.0,4659,6.0,4.0,17.0,72.0,3.0,48.0,08,Pacific
08LG016,True,,4748.0,4643,2.0,0.0,0.0,105.0,3.0,83.0,08,Pacific
08LG017,True,,1370.0,1370,0.0,0.0,0.0,0.0,1.0,0.0,08,Pacific
08LG031,True,,7117.0,1947,1261.0,1237.0,1366.0,3804.0,25.0,249.0,08,Pacific
08LG034,True,,20226.0,4411,216.0,173.0,366.0,15449.0,44.0,5758.0,08,Pacific
08LG041,True,,28724.0,4029,171.0,160.0,199.0,24496.0,12.0,23540.0,08,Pacific
08LG046,True,,33102.0,24639,381.0,365.0,505.0,7958.0,17.0,4931.0,08,Pacific
08LG048,True,,4383.0,4174,14.0,12.0,60.0,149.0,3.0,121.0,08,Pacific
08LG049,True,,2679.0,1890,20.0,10.0,32.0,757.0,11.0,210.0,08,Pacific
08LG056,True,,3960.0,3410,17.0,12.0,52.0,498.0,6.0,152.0,08,Pacific
08LG065,True,,4748.0,4663,10.0,9.0,33.0,52.0,2.0,52.0,08,Pacific
08LG067,True,,2318.0,1431,13.0,7.0,22.0,865.0,7.0,351.0,08,Pacific
08LG068,True,,2937.0,2764,10.0,7.0,17.0,156.0,4.0,82.0,08,Pacific
08LG069,True,,2106.0,2093,1.0,1.0,13.0,0.0,1.0,13.0,08,Pacific
08LG070,True,,627.0,627,0.0,0.0,0.0,0.0,1.0,0.0,08,Pacific
08MA001,True,,4748.0,4590,12.0,9.0,31.0,127.0,4.0,62.0,08,Pacific
08MA002,True,,4748.0,4457,16.0,10.0,50.0,241.0,7.0,62.0,08,Pacific
08MA003,True,,4748.0,4611,9.0,7.0,27.0,110.0,3.0,56.0,08,Pacific
08MA006,True,,4748.0,4385,14.0,10.0,49.0,314.0,5.0,159.0,08,Pacific
08MB005,True,,3198.0,3157,14.0,14.0,41.0,0.0,1.0,11.0,08,Pacific
08MB006,True,,4308.0,3427,32.0,18.0,72.0,809.0,15.0,141.0,08,Pacific
08MB007,True,,4296.0,4019,12.0,8.0,21.0,256.0,5.0,140.0,08,Pacific
08MB012,True,,1186.0,1135,5.0,4.0,21.0,30.0,2.0,30.0,08,Pacific
08MC009,True,,9002.0,5779,604.0,581.0,929.0,2294.0,24.0,232.0,08,Pacific
08MC016,False,n_obs<100,,16,,,,,,,08,Pacific
08MC018,True,,4383.0,4260,22.0,20.0,82.0,41.0,3.0,24.0,08,Pacific
08MC023,True,,12756.0,10397,307.0,275.0,486.0,1873.0,33.0,203.0,08,Pacific
08MC039,True,,3125.0,1960,30.0,15.0,67.0,1098.0,16.0,190.0,08,Pacific
08MC040,True,,4345.0,3434,17.0,7.0,35.0,876.0,11.0,298.0,08,Pacific
08MC045,True,,4383.0,4224,18.0,14.0,49.0,110.0,5.0,39.0,08,Pacific
08MC046,False,n_obs<100,,88,,,,,,,08,Pacific
08MC049,True,,1186.0,1118,3.0,1.0,12.0,56.0,3.0,31.0,08,Pacific
08MD013,True,,1635.0,1634,1.0,1.0,1.0,0.0,1.0,1.0,08,Pacific
08MD014,True,,4598.0,699,592.0,576.0,615.0,3284.0,17.0,716.0,08,Pacific
08MD031,True,,4623.0,2672,18.0,2.0,19.0,1932.0,17.0,182.0,08,Pacific
08MD035,True,,4717.0,4451,13.0,7.0,42.0,224.0,7.0,65.0,08,Pacific
08ME002,True,,4748.0,4567,10.0,6.0,34.0,147.0,5.0,75.0,08,Pacific
08ME003,True,,4748.0,4712,3.0,2.0,9.0,27.0,2.0,27.0,08,Pacific
08ME017,True,,18643.0,14921,114.0,101.0,445.0,3277.0,14.0,2749.0,08,Pacific
08ME019,True,,9650.0,3065,180.0,150.0,241.0,6344.0,31.0,312.0,08,Pacific
08ME023,True,,4383.0,4314,4.0,2.0,2.0,67.0,3.0,52.0,08,Pacific
08ME025,True,,4748.0,4737,3.0,3.0,11.0,0.0,1.0,8.0,08,Pacific
08ME027,True,,4748.0,4357,25.0,19.0,73.0,318.0,7.0,112.0,08,Pacific
08ME028,True,,4313.0,3813,22.0,14.0,62.0,438.0,9.0,114.0,08,Pacific
08ME029,True,,2236.0,1973,4.0,2.0,4.0,259.0,3.0,160.0,08,Pacific
08MF005,True,,40840.0,38818,140.0,120.0,462.0,1560.0,21.0,730.0,08,Pacific
08MF017,True,,4819.0,875,104.0,92.0,110.0,3834.0,13.0,629.0,08,Pacific
08MF028,True,,1473.0,1297,8.0,6.0,49.0,127.0,3.0,90.0,08,Pacific
08MF035,True,,27160.0,12867,99.0,72.0,269.0,14024.0,28.0,5923.0,08,Pacific
08MF038,True,,1967.0,972,6.0,1.0,6.0,989.0,6.0,215.0,08,Pacific
08MF040,True,,4748.0,4686,12.0,11.0,39.0,23.0,2.0,23.0,08,Pacific
08MF047,True,,1311.0,913,25.0,22.0,35.0,363.0,4.0,123.0,08,Pacific
08MF052,True,,176.0,169,1.0,1.0,7.0,0.0,1.0,7.0,08,Pacific
08MF062,True,,4748.0,4724,13.0,13.0,24.0,0.0,1.0,4.0,08,Pacific
08MF064,True,,6374.0,2988,448.0,442.0,2260.0,1126.0,7.0,421.0,08,Pacific
08MF065,True,,4748.0,4727,8.0,8.0,21.0,0.0,1.0,8.0,08,Pacific
08MF068,True,,4748.0,4689,8.0,7.0,37.0,22.0,2.0,22.0,08,Pacific
08MF072,True,,4165.0,1714,11.0,1.0,4.0,2447.0,11.0,587.0,08,Pacific
08MF073,True,,4087.0,1620,14.0,2.0,10.0,2457.0,13.0,265.0,08,Pacific
08MF074,True,,1208.0,482,5.0,2.0,15.0,711.0,4.0,260.0,08,Pacific
08MF075,True,,1194.0,622,8.0,5.0,30.0,542.0,4.0,199.0,08,Pacific
08MF076,True,,1247.0,729,4.0,0.0,0.0,518.0,5.0,199.0,08,Pacific
08MG001,True,,4748.0,4682,6.0,4.0,16.0,50.0,3.0,35.0,08,Pacific
08MG005,True,,4315.0,4162,5.0,4.0,25.0,128.0,2.0,128.0,08,Pacific
08MG012,True,,33122.0,32746,44.0,36.0,164.0,212.0,9.0,67.0,08,Pacific
08MG014,True,,31355.0,20906,38.0,37.0,146.0,10303.0,2.0,10303.0,08,Pacific
08MG020,True,,19225.0,18048,30.0,12.0,71.0,1106.0,19.0,366.0,08,Pacific
08MG022,True,,18476.0,17223,53.0,34.0,163.0,1090.0,20.0,180.0,08,Pacific
08MG025,True,,4748.0,4682,4.0,2.0,15.0,51.0,3.0,27.0,08,Pacific
08MG026,True,,4383.0,3362,10.0,6.0,20.0,1001.0,5.0,846.0,08,Pacific
08MG027,True,,4248.0,3515,12.0,6.0,43.0,690.0,7.0,204.0,08,Pacific
08MG028,True,,943.0,934,1.0,1.0,9.0,0.0,1.0,9.0,08,Pacific
08MH001,True,,4748.0,4716,4.0,4.0,32.0,0.0,1.0,12.0,08,Pacific
08MH002,True,,4748.0,4742,2.0,2.0,6.0,0.0,1.0,3.0,08,Pacific
08MH005,True,,4748.0,4557,7.0,4.0,20.0,171.0,4.0,82.0,08,Pacific
08MH006,True,,4345.0,3739,15.0,4.0,20.0,586.0,12.0,181.0,08,Pacific
08MH011,True,,366.0,268,3.0,2.0,6.0,92.0,2.0,92.0,08,Pacific
08MH016,True,,4748.0,4721,2.0,1.0,10.0,17.0,2.0,17.0,08,Pacific
08MH024,True,,19723.0,17631,91.0,81.0,290.0,1802.0,11.0,1492.0,08,Pacific
08MH028,True,,2557.0,2556,1.0,1.0,1.0,0.0,1.0,1.0,08,Pacific
08MH029,True,,31858.0,14015,216.0,187.0,596.0,17247.0,30.0,14975.0,08,Pacific
08MH031,True,,330.0,330,0.0,0.0,0.0,0.0,1.0,0.0,08,Pacific
08MH032,True,,1827.0,1572,7.0,5.0,15.0,240.0,3.0,218.0,08,Pacific
08MH035,True,,1827.0,1693,7.0,4.0,23.0,111.0,4.0,73.0,08,Pacific
08MH044,True,,1462.0,1462,0.0,0.0,0.0,0.0,1.0,0.0,08,Pacific
08MH046,True,,3519.0,2887,26.0,18.0,96.0,536.0,9.0,123.0,08,Pacific
08MH047,True,,15915.0,15858,12.0,11.0,28.0,29.0,2.0,29.0,08,Pacific
08MH053,True,,1827.0,1728,3.0,1.0,14.0,85.0,3.0,57.0,08,Pacific
08MH056,True,,4748.0,4528,26.0,24.0,89.0,131.0,3.0,89.0,08,Pacific
08MH068,True,,397.0,393,1.0,1.0,4.0,0.0,1.0,4.0,08,Pacific
08MH069,True,,1508.0,974,10.0,6.0,11.0,523.0,5.0,153.0,08,Pacific
08MH071,True,,1230.0,772,87.0,84.0,99.0,359.0,4.0,124.0,08,Pacific
08MH074,True,,1569.0,549,347.0,343.0,466.0,554.0,5.0,156.0,08,Pacific
08MH075,True,,1263.0,946,18.0,15.0,23.0,294.0,4.0,124.0,08,Pacific
08MH076,True,,4383.0,4375,2.0,2.0,8.0,0.0,1.0,5.0,08,Pacific
08MH083,True,,4269.0,1643,59.0,53.0,85.0,2541.0,7.0,2031.0,08,Pacific
08MH085,True,,1564.0,1036,5.0,1.0,3.0,525.0,5.0,156.0,08,Pacific
08MH086,True,,1585.0,989,7.0,3.0,15.0,581.0,5.0,225.0,08,Pacific
08MH090,True,,4372.0,4349,9.0,9.0,23.0,0.0,1.0,5.0,08,Pacific
08MH093,True,,2988.0,2661,15.0,12.0,68.0,259.0,4.0,189.0,08,Pacific
08MH094,True,,1262.0,792,18.0,14.0,27.0,443.0,5.0,190.0,08,Pacific
08MH098,True,,4357.0,4113,20.0,17.0,60.0,184.0,4.0,80.0,08,Pacific
08MH100,True,,1673.0,1644,14.0,14.0,29.0,0.0,1.0,6.0,08,Pacific
08MH103,True,,4748.0,4748,0.0,0.0,0.0,0.0,1.0,0.0,08,Pacific
08MH125,True,,3402.0,3078,13.0,5.0,43.0,281.0,9.0,53.0,08,Pacific
08MH126,True,,9496.0,3014,9.0,4.0,21.0,6461.0,6.0,4382.0,08,Pacific
08MH130,True,,975.0,937,1.0,0.0,0.0,38.0,2.0,38.0,08,Pacific
08MH131,True,,1582.0,1582,0.0,0.0,0.0,0.0,1.0,0.0,08,Pacific
08MH133,True,,3653.0,3527,17.0,15.0,76.0,50.0,3.0,34.0,08,Pacific
08MH134,False,n_obs<100,,41,,,,,,,08,Pacific
08MH141,True,,4748.0,4744,2.0,2.0,4.0,0.0,1.0,3.0,08,Pacific
08MH147,True,,4383.0,4359,1.0,0.0,0.0,24.0,2.0,24.0,08,Pacific
08MH148,True,,4616.0,4611,1.0,1.0,5.0,0.0,1.0,5.0,08,Pacific
08MH149,True,,14369.0,14292,10.0,9.0,56.0,21.0,2.0,21.0,08,Pacific
08MH153,True,,4383.0,4225,4.0,1.0,4.0,154.0,4.0,87.0,08,Pacific
08MH155,True,,4383.0,4371,4.0,4.0,12.0,0.0,1.0,6.0,08,Pacific
08MH156,True,,4228.0,2309,18.0,6.0,23.0,1896.0,13.0,182.0,08,Pacific
08MH166,True,,4748.0,4559,18.0,15.0,66.0,123.0,4.0,69.0,08,Pacific
08MH167,True,,5479.0,5450,6.0,5.0,13.0,16.0,2.0,16.0,08,Pacific
08MH168,True,,4383.0,4108,24.0,19.0,78.0,197.0,6.0,104.0,08,Pacific
08NA002,True,,14610.0,13717,39.0,14.0,56.0,837.0,26.0,90.0,08,Pacific
08NA004,True,,26512.0,14537,86.0,80.0,247.0,11728.0,7.0,8809.0,08,Pacific
08NA006,True,,4748.0,4563,4.0,2.0,5.0,180.0,3.0,148.0,08,Pacific
08NA011,True,,4748.0,4688,9.0,7.0,21.0,39.0,3.0,20.0,08,Pacific
08NB005,True,,4737.0,4552,19.0,15.0,73.0,112.0,5.0,43.0,08,Pacific
08NB012,True,,4748.0,4641,16.0,13.0,56.0,51.0,4.0,21.0,08,Pacific
08NB014,True,,4681.0,4316,19.0,15.0,54.0,311.0,5.0,129.0,08,Pacific
08NB016,True,,4736.0,4013,28.0,12.0,43.0,680.0,17.0,99.0,08,Pacific
08NB017,True,,15903.0,15696,11.0,7.0,66.0,141.0,5.0,45.0,08,Pacific
08NB019,True,,3641.0,3439,15.0,11.0,46.0,156.0,5.0,90.0,08,Pacific
08NB020,True,,2701.0,1565,14.0,6.0,21.0,1115.0,9.0,191.0,08,Pacific
08NB021,True,,579.0,579,0.0,0.0,0.0,0.0,1.0,0.0,08,Pacific
08NC004,True,,4748.0,4634,3.0,2.0,18.0,96.0,2.0,96.0,08,Pacific
08ND002,True,,28292.0,18603,1109.0,1082.0,1260.0,8429.0,28.0,3497.0,08,Pacific
08ND006,True,,1172.0,1164,1.0,1.0,8.0,0.0,1.0,8.0,08,Pacific
08ND012,True,,4748.0,4744,1.0,1.0,4.0,0.0,1.0,4.0,08,Pacific
08ND013,True,,4371.0,4124,11.0,4.0,7.0,240.0,8.0,66.0,08,Pacific
08ND017,True,,16438.0,16310,11.0,8.0,16.0,112.0,4.0,47.0,08,Pacific
08ND021,True,,804.0,804,0.0,0.0,0.0,0.0,1.0,0.0,08,Pacific
08ND026,True,,2069.0,2069,0.0,0.0,0.0,0.0,1.0,0.0,08,Pacific
08NE002,True,,19984.0,19981,2.0,2.0,3.0,0.0,1.0,2.0,08,Pacific
08NE003,True,,20554.0,20467,19.0,17.0,40.0,47.0,3.0,31.0,08,Pacific
08NE006,True,,4748.0,4719,8.0,8.0,29.0,0.0,1.0,11.0,08,Pacific
08NE008,True,,4724.0,4392,13.0,9.0,17.0,315.0,5.0,146.0,08,Pacific
08NE038,True,,14118.0,9494,115.0,100.0,290.0,4334.0,16.0,2680.0,08,Pacific
08NE039,True,,4383.0,4355,9.0,8.0,12.0,16.0,2.0,16.0,08,Pacific
08NE044,True,,1369.0,723,98.0,97.0,533.0,113.0,2.0,113.0,08,Pacific
08NE045,True,,17296.0,16805,108.0,103.0,285.0,206.0,6.0,80.0,08,Pacific
08NE046,True,,14162.0,13843,103.0,99.0,181.0,138.0,5.0,70.0,08,Pacific
08NE049,True,,4748.0,4748,0.0,0.0,0.0,0.0,1.0,0.0,08,Pacific
08NE068,True,,180.0,179,1.0,1.0,1.0,0.0,1.0,1.0,08,Pacific
08NE074,True,,4748.0,4652,16.0,14.0,36.0,60.0,3.0,36.0,08,Pacific
08NE077,True,,3418.0,3056,15.0,9.0,57.0,305.0,7.0,92.0,08,Pacific
08NE087,True,,4748.0,4649,6.0,4.0,13.0,86.0,3.0,50.0,08,Pacific
08NE098,True,,5027.0,4911,11.0,8.0,43.0,73.0,4.0,29.0,08,Pacific
08NE102,True,,20044.0,20001,22.0,22.0,43.0,0.0,1.0,3.0,08,Pacific
08NE103,True,,7305.0,7305,0.0,0.0,0.0,0.0,1.0,0.0,08,Pacific
08NE104,True,,19959.0,19943,8.0,8.0,16.0,0.0,1.0,5.0,08,Pacific
08NE105,True,,6940.0,6940,0.0,0.0,0.0,0.0,1.0,0.0,08,Pacific
08NE107,True,,1920.0,608,6.0,1.0,3.0,1309.0,6.0,572.0,08,Pacific
08NE110,True,,4748.0,4610,5.0,2.0,14.0,124.0,4.0,51.0,08,Pacific
08NE114,True,,4383.0,4333,5.0,4.0,15.0,35.0,2.0,35.0,08,Pacific
08NE119,True,,6052.0,1472,1425.0,1416.0,4401.0,179.0,10.0,30.0,08,Pacific
08NE123,True,,4748.0,4730,2.0,1.0,2.0,16.0,2.0,16.0,08,Pacific
08NE128,True,,2720.0,2356,3.0,0.0,0.0,364.0,4.0,166.0,08,Pacific
08NE130,True,,730.0,730,0.0,0.0,0.0,0.0,1.0,0.0,08,Pacific
08NF001,True,,4748.0,4548,10.0,6.0,19.0,181.0,5.0,61.0,08,Pacific
08NG002,True,,4383.0,4380,1.0,1.0,3.0,0.0,1.0,3.0,08,Pacific
08NG065,True,,4748.0,4678,5.0,3.0,10.0,60.0,3.0,39.0,08,Pacific
08NG076,True,,4383.0,3897,11.0,2.0,7.0,479.0,10.0,100.0,08,Pacific
08NG077,True,,4748.0,4463,19.0,12.0,59.0,226.0,8.0,58.0,08,Pacific
08NG079,True,,8083.0,2209,23.0,4.0,38.0,5836.0,20.0,663.0,08,Pacific
08NH005,True,,4748.0,4711,4.0,4.0,37.0,0.0,1.0,14.0,08,Pacific
08NH007,True,,4748.0,4454,14.0,7.0,20.0,274.0,8.0,68.0,08,Pacific
08NH016,True,,4728.0,4515,17.0,14.0,75.0,138.0,4.0,51.0,08,Pacific
08NH018,True,,9329.0,4607,319.0,317.0,342.0,4380.0,3.0,4218.0,08,Pacific
08NH024,True,,1286.0,677,16.0,15.0,19.0,590.0,2.0,590.0,08,Pacific
08NH026,True,,16967.0,10737,1092.0,1073.0,2262.0,3968.0,20.0,2130.0,08,Pacific
08NH028,True,,17755.0,15971,231.0,221.0,481.0,1303.0,11.0,201.0,08,Pacific
08NH053,True,,1693.0,1519,4.0,3.0,12.0,162.0,2.0,162.0,08,Pacific
08NH060,True,,7526.0,1152,56.0,45.0,72.0,6302.0,12.0,5418.0,08,Pacific
08NH062,True,,15163.0,8551,1082.0,1064.0,2236.0,4376.0,19.0,2289.0,08,Pacific
08NH064,True,,33945.0,33846,41.0,41.0,99.0,0.0,1.0,8.0,08,Pacific
08NH067,True,,32047.0,31759,46.0,43.0,188.0,100.0,4.0,60.0,08,Pacific
08NH084,True,,4748.0,4563,16.0,13.0,80.0,105.0,4.0,44.0,08,Pacific
08NH089,False,n_obs<100,,55,,,,,,,08,Pacific
08NH090,False,n_obs<100,,57,,,,,,,08,Pacific
08NH091,False,n_obs<100,,60,,,,,,,08,Pacific
08NH092,True,,1721.0,409,388.0,387.0,974.0,338.0,2.0,338.0,08,Pacific
08NH093,True,,1721.0,501,482.0,482.0,1220.0,0.0,1.0,9.0,08,Pacific
08NH094,True,,1716.0,354,351.0,345.0,925.0,437.0,7.0,121.0,08,Pacific
08NH095,True,,1721.0,358,357.0,354.0,952.0,411.0,4.0,335.0,08,Pacific
08NH096,True,,1721.0,360,356.0,353.0,944.0,417.0,4.0,341.0,08,Pacific
08NH098,True,,3128.0,1505,88.0,73.0,380.0,1243.0,16.0,589.0,08,Pacific
08NH107,True,,19230.0,4717,2565.0,2544.0,14010.0,503.0,22.0,64.0,08,Pacific
08NH108,True,,870.0,114,113.0,111.0,277.0,479.0,3.0,276.0,08,Pacific
08NH110,True,,19114.0,13531,19.0,12.0,37.0,5546.0,8.0,5249.0,08,Pacific
08NH111,True,,9462.0,8472,470.0,461.0,786.0,204.0,10.0,52.0,08,Pacific
08NH115,True,,4183.0,3823,16.0,7.0,27.0,333.0,10.0,62.0,08,Pacific
08NH118,True,,4748.0,4739,2.0,2.0,9.0,0.0,1.0,5.0,08,Pacific
08NH119,True,,4748.0,4740,2.0,2.0,8.0,0.0,1.0,5.0,08,Pacific
08NH120,True,,2922.0,2437,19.0,15.0,76.0,409.0,5.0,291.0,08,Pacific
08NH127,True,,20699.0,20699,0.0,0.0,0.0,0.0,1.0,0.0,08,Pacific
08NH129,True,,6270.0,3534,1952.0,1951.0,2715.0,21.0,2.0,21.0,08,Pacific
08NH130,True,,3022.0,2542,13.0,6.0,38.0,442.0,8.0,202.0,08,Pacific
08NH132,True,,4744.0,4641,8.0,5.0,14.0,89.0,4.0,40.0,08,Pacific
08NH138,True,,4748.0,4621,3.0,0.0,0.0,127.0,4.0,63.0,08,Pacific
08NH139,True,,1461.0,1461,0.0,0.0,0.0,0.0,1.0,0.0,08,Pacific
08NJ009,True,,33079.0,32658,183.0,180.0,351.0,70.0,4.0,37.0,08,Pacific
08NJ013,True,,4748.0,4707,6.0,6.0,41.0,0.0,1.0,13.0,08,Pacific
08NJ026,True,,4743.0,4585,16.0,13.0,81.0,77.0,4.0,31.0,08,Pacific
08NJ061,True,,4383.0,4294,9.0,7.0,39.0,50.0,3.0,35.0,08,Pacific
08NJ073,True,,7120.0,4704,374.0,368.0,665.0,1751.0,7.0,1393.0,08,Pacific
08NJ074,True,,7120.0,2156,325.0,318.0,595.0,4369.0,8.0,4252.0,08,Pacific
08NJ075,True,,1640.0,960,295.0,289.0,560.0,120.0,7.0,26.0,08,Pacific
08NJ076,True,,7123.0,1693,158.0,147.0,240.0,5190.0,12.0,4653.0,08,Pacific
08NJ077,True,,7120.0,1678,146.0,140.0,252.0,5190.0,7.0,4885.0,08,Pacific
08NJ078,True,,7283.0,1831,166.0,155.0,262.0,5190.0,12.0,4639.0,08,Pacific
08NJ079,True,,7302.0,1825,137.0,127.0,223.0,5254.0,11.0,4668.0,08,Pacific
08NJ080,True,,7326.0,2139,76.0,59.0,156.0,5031.0,18.0,2075.0,08,Pacific
08NJ081,True,,7352.0,2544,63.0,48.0,124.0,4684.0,16.0,2075.0,08,Pacific
08NJ082,True,,7335.0,2481,59.0,45.0,117.0,4737.0,15.0,2519.0,08,Pacific
08NJ084,True,,7303.0,1726,133.0,128.0,177.0,5400.0,6.0,5043.0,08,Pacific
08NJ085,True,,7301.0,1815,142.0,131.0,238.0,5248.0,12.0,4656.0,08,Pacific
08NJ086,True,,7301.0,1838,141.0,131.0,230.0,5233.0,11.0,4665.0,08,Pacific
08NJ087,True,,7123.0,1566,147.0,136.0,268.0,5289.0,12.0,4671.0,08,Pacific
08NJ088,True,,7303.0,1891,131.0,122.0,207.0,5205.0,10.0,4657.0,08,Pacific
08NJ089,True,,7435.0,3154,436.0,424.0,805.0,3476.0,13.0,3159.0,08,Pacific
08NJ090,True,,3927.0,2898,467.0,459.0,842.0,187.0,9.0,49.0,08,Pacific
08NJ091,True,,7435.0,2464,437.0,425.0,819.0,4152.0,13.0,3890.0,08,Pacific
08NJ092,True,,7435.0,2703,301.0,284.0,668.0,4064.0,18.0,1390.0,08,Pacific
08NJ096,True,,7265.0,2016,48.0,41.0,111.0,5138.0,8.0,4671.0,08,Pacific
08NJ113,True,,25868.0,25849,9.0,9.0,19.0,0.0,1.0,9.0,08,Pacific
08NJ114,True,,25868.0,25866,1.0,1.0,2.0,0.0,1.0,2.0,08,Pacific
08NJ128,True,,2099.0,2089,2.0,2.0,10.0,0.0,1.0,8.0,08,Pacific
08NJ130,True,,4748.0,4401,8.0,2.0,5.0,342.0,7.0,173.0,08,Pacific
08NJ137,True,,19449.0,10071,877.0,871.0,1368.0,8010.0,7.0,4785.0,08,Pacific
08NJ160,True,,4383.0,4356,7.0,7.0,27.0,0.0,1.0,9.0,08,Pacific
08NJ168,True,,1663.0,1566,7.0,4.0,14.0,83.0,4.0,43.0,08,Pacific
08NK001,True,,7213.0,6862,117.0,114.0,302.0,49.0,4.0,17.0,08,Pacific
08NK002,True,,4748.0,4722,10.0,10.0,26.0,0.0,1.0,8.0,08,Pacific
08NK016,True,,4383.0,4161,16.0,10.0,42.0,180.0,7.0,48.0,08,Pacific
08NK018,True,,4383.0,4208,11.0,6.0,23.0,152.0,6.0,45.0,08,Pacific
08NK022,True,,4748.0,4226,21.0,11.0,45.0,477.0,11.0,78.0,08,Pacific
08NK026,True,,3971.0,3434,13.0,7.0,35.0,502.0,7.0,143.0,08,Pacific
08NK030,True,,4748.0,4647,21.0,20.0,76.0,25.0,2.0,25.0,08,Pacific
08NL004,True,,4670.0,4262,10.0,4.0,17.0,391.0,7.0,116.0,08,Pacific
08NL007,True,,4383.0,4260,12.0,11.0,54.0,69.0,2.0,69.0,08,Pacific
08NL024,True,,4372.0,4028,15.0,8.0,45.0,299.0,8.0,114.0,08,Pacific
08NL038,True,,4383.0,4320,7.0,5.0,24.0,39.0,3.0,24.0,08,Pacific
08NL039,True,,4383.0,3930,12.0,3.0,8.0,445.0,10.0,102.0,08,Pacific
08NL042,True,,5033.0,4564,8.0,2.0,7.0,462.0,7.0,145.0,08,Pacific
08NL045,True,,4748.0,4678,6.0,4.0,8.0,62.0,3.0,47.0,08,Pacific
08NL046,True,,4265.0,2668,199.0,187.0,562.0,1035.0,13.0,541.0,08,Pacific
08NL047,True,,2974.0,142,136.0,92.0,603.0,2229.0,45.0,285.0,08,Pacific
08NL050,True,,4748.0,4566,10.0,6.0,27.0,155.0,5.0,68.0,08,Pacific
08NL052,True,,4993.0,1229,196.0,171.0,930.0,2834.0,26.0,1600.0,08,Pacific
08NL058,True,,3068.0,404,122.0,103.0,599.0,2065.0,20.0,1170.0,08,Pacific
08NL059,True,,4376.0,3979,42.0,33.0,72.0,325.0,10.0,76.0,08,Pacific
08NL061,False,n_obs<100,,72,,,,,,,08,Pacific
08NL064,True,,917.0,391,51.0,47.0,280.0,246.0,5.0,181.0,08,Pacific
08NL065,False,n_obs<100,,42,,,,,,,08,Pacific
08NL069,True,,4748.0,4640,15.0,12.0,33.0,75.0,4.0,31.0,08,Pacific
08NL070,True,,4383.0,4346,3.0,2.0,4.0,33.0,2.0,33.0,08,Pacific
08NL071,True,,4383.0,4370,6.0,6.0,13.0,0.0,1.0,6.0,08,Pacific
08NL076,True,,4325.0,4232,4.0,2.0,4.0,89.0,3.0,47.0,08,Pacific
08NM002,True,,4748.0,4744,2.0,2.0,4.0,0.0,1.0,2.0,08,Pacific
08NM037,True,,4383.0,3812,14.0,3.0,21.0,550.0,12.0,128.0,08,Pacific
08NM041,True,,1310.0,697,3.0,0.0,0.0,613.0,4.0,308.0,08,Pacific
08NM050,True,,4748.0,4747,1.0,1.0,1.0,0.0,1.0,1.0,08,Pacific
08NM062,True,,24338.0,2130,1942.0,1855.0,4629.0,17579.0,88.0,15176.0,08,Pacific
08NM065,True,,4383.0,4369,2.0,2.0,14.0,0.0,1.0,7.0,08,Pacific
08NM066,True,,16355.0,6563,106.0,51.0,290.0,9502.0,56.0,5988.0,08,Pacific
08NM067,True,,4383.0,4001,15.0,6.0,23.0,359.0,10.0,79.0,08,Pacific
08NM071,True,,19754.0,19709,10.0,10.0,45.0,0.0,1.0,9.0,08,Pacific
08NM073,True,,33029.0,32281,65.0,53.0,303.0,445.0,13.0,151.0,08,Pacific
08NM083,True,,29385.0,29177,26.0,23.0,122.0,86.0,4.0,51.0,08,Pacific
08NM084,True,,29109.0,27870,286.0,269.0,842.0,397.0,18.0,49.0,08,Pacific
08NM085,True,,4748.0,4741,2.0,2.0,7.0,0.0,1.0,6.0,08,Pacific
08NM113,True,,21185.0,10720,4.0,1.0,7.0,10458.0,4.0,10218.0,08,Pacific
08NM116,True,,4748.0,4669,11.0,9.0,33.0,46.0,3.0,31.0,08,Pacific
08NM125,True,,7574.0,6476,732.0,729.0,1024.0,74.0,4.0,29.0,08,Pacific
08NM131,True,,17532.0,12474,122.0,118.0,284.0,4774.0,5.0,3287.0,08,Pacific
08NM132,True,,14174.0,10337,18.0,10.0,42.0,3795.0,9.0,3287.0,08,Pacific
08NM134,True,,4748.0,4237,29.0,18.0,101.0,410.0,12.0,97.0,08,Pacific
08NM142,True,,3406.0,2861,16.0,9.0,50.0,495.0,8.0,129.0,08,Pacific
08NM143,True,,20599.0,20338,163.0,162.0,210.0,51.0,2.0,51.0,08,Pacific
08NM146,True,,3806.0,3655,7.0,3.0,5.0,146.0,5.0,74.0,08,Pacific
08NM148,True,,3427.0,829,630.0,621.0,868.0,1730.0,10.0,212.0,08,Pacific
08NM158,True,,429.0,346,1.0,0.0,0.0,83.0,2.0,83.0,08,Pacific
08NM163,True,,4238.0,975,899.0,852.0,2113.0,1150.0,48.0,125.0,08,Pacific
08NM171,True,,4352.0,3151,27.0,15.0,83.0,1118.0,13.0,274.0,08,Pacific
08NM172,True,,591.0,591,0.0,0.0,0.0,0.0,1.0,0.0,08,Pacific
08NM173,True,,4383.0,3768,12.0,2.0,13.0,602.0,11.0,115.0,08,Pacific
08NM174,True,,4383.0,3782,18.0,14.0,76.0,525.0,5.0,310.0,08,Pacific
08NM183,True,,2940.0,2435,23.0,14.0,102.0,403.0,10.0,77.0,08,Pacific
08NM200,True,,4383.0,4285,7.0,5.0,21.0,77.0,3.0,54.0,08,Pacific
08NM213,True,,4981.0,1601,386.0,345.0,1050.0,2330.0,42.0,487.0,08,Pacific
08NM215,True,,1449.0,128,20.0,13.0,57.0,1264.0,8.0,714.0,08,Pacific
08NM216,True,,1471.0,129,30.0,22.0,123.0,1219.0,9.0,675.0,08,Pacific
08NM217,True,,1452.0,120,21.0,15.0,61.0,1271.0,7.0,673.0,08,Pacific
08NM220,True,,4383.0,654,283.0,227.0,1090.0,2639.0,57.0,1100.0,08,Pacific
08NM224,True,,9343.0,512,489.0,363.0,2201.0,6630.0,127.0,1222.0,08,Pacific
08NM227,True,,3193.0,870,258.0,228.0,1166.0,1157.0,31.0,143.0,08,Pacific
08NM230,True,,7931.0,1249,130.0,75.0,424.0,6258.0,56.0,649.0,08,Pacific
08NM231,True,,6470.0,311,266.0,200.0,856.0,5303.0,67.0,1095.0,08,Pacific
08NM232,True,,13090.0,2698,17.0,7.0,39.0,10353.0,11.0,8887.0,08,Pacific
08NM234,True,,5055.0,196,169.0,90.0,495.0,4364.0,80.0,1945.0,08,Pacific
08NM238,True,,3150.0,236,205.0,170.0,784.0,2130.0,36.0,1118.0,08,Pacific
08NM240,True,,2218.0,2151,4.0,2.0,3.0,64.0,3.0,37.0,08,Pacific
08NM241,True,,2192.0,2165,7.0,7.0,27.0,0.0,1.0,11.0,08,Pacific
08NM242,True,,2192.0,2071,6.0,4.0,15.0,106.0,3.0,65.0,08,Pacific
08NM243,True,,11939.0,11939,0.0,0.0,0.0,0.0,1.0,0.0,08,Pacific
08NM247,True,,4375.0,4370,4.0,4.0,5.0,0.0,1.0,2.0,08,Pacific
08NM248,True,,606.0,564,1.0,0.0,0.0,42.0,2.0,42.0,08,Pacific
08NN002,True,,4748.0,4715,3.0,2.0,3.0,30.0,2.0,30.0,08,Pacific
08NN003,True,,4748.0,4554,7.0,3.0,11.0,183.0,5.0,71.0,08,Pacific
08NN006,True,,6511.0,5821,186.0,176.0,373.0,317.0,11.0,57.0,08,Pacific
08NN014,True,,16871.0,12675,287.0,271.0,1411.0,2785.0,17.0,1854.0,08,Pacific
08NN015,True,,4383.0,4301,4.0,2.0,10.0,72.0,3.0,45.0,08,Pacific
08NN017,True,,638.0,444,4.0,1.0,4.0,190.0,4.0,79.0,08,Pacific
08NN019,True,,4307.0,4105,26.0,22.0,56.0,146.0,5.0,83.0,08,Pacific
08NN023,True,,4383.0,4373,1.0,1.0,10.0,0.0,1.0,10.0,08,Pacific
08NN024,True,,6322.0,2010,36.0,18.0,22.0,4290.0,19.0,303.0,08,Pacific
08NN025,True,,792.0,174,4.0,2.0,13.0,605.0,3.0,308.0,08,Pacific
08NN026,True,,4748.0,4745,1.0,1.0,3.0,0.0,1.0,3.0,08,Pacific
08NN028,True,,4748.0,4489,17.0,11.0,45.0,214.0,7.0,89.0,08,Pacific
08NP003,True,,2021.0,1980,2.0,1.0,1.0,40.0,2.0,40.0,08,Pacific
08NP004,True,,2892.0,2560,28.0,21.0,61.0,271.0,8.0,68.0,08,Pacific
08OA002,True,,4383.0,3857,5.0,1.0,10.0,516.0,5.0,435.0,08,Pacific
08OA003,True,,4309.0,3543,7.0,2.0,20.0,746.0,6.0,293.0,08,Pacific
08OA004,True,,4296.0,2780,15.0,7.0,28.0,1488.0,9.0,227.0,08,Pacific
08OA005,True,,4297.0,2887,10.0,2.0,5.0,1405.0,9.0,193.0,08,Pacific
08OB002,True,,4383.0,4044,9.0,4.0,18.0,321.0,6.0,161.0,08,Pacific
08PA004,True,,25128.0,13907,163.0,87.0,382.0,10839.0,77.0,630.0,08,Pacific
08PA009,True,,26390.0,26017,8.0,7.0,8.0,365.0,2.0,365.0,08,Pacific
08PA010,True,,2344.0,393,261.0,255.0,778.0,1173.0,7.0,232.0,08,Pacific
08PA012,True,,1650.0,1624,3.0,2.0,6.0,20.0,2.0,20.0,08,Pacific
09AA001,True,,26835.0,20495,1757.0,1727.0,5005.0,1335.0,31.0,152.0,09,Yukon River
09AA003,True,,15879.0,8699,1295.0,1244.0,5064.0,2116.0,52.0,152.0,09,Yukon River
09AA004,True,,27943.0,24787,588.0,550.0,1401.0,1755.0,39.0,214.0,09,Yukon River
09AA006,True,,2193.0,1827,1.0,0.0,0.0,366.0,2.0,366.0,09,Yukon River
09AA012,True,,4748.0,4725,3.0,3.0,23.0,0.0,1.0,13.0,09,Yukon River
09AA013,True,,4748.0,4671,4.0,2.0,12.0,65.0,3.0,35.0,09,Yukon River
09AA016,True,,13591.0,7413,104.0,21.0,96.0,6082.0,84.0,261.0,09,Yukon River
09AA017,True,,10378.0,9546,10.0,2.0,9.0,823.0,9.0,422.0,09,Yukon River
09AA018,True,,1870.0,1832,1.0,0.0,0.0,38.0,2.0,38.0,09,Yukon River
09AB001,True,,44440.0,22548,492.0,445.0,686.0,21206.0,48.0,15325.0,09,Yukon River
09AB004,True,,26907.0,22929,1193.0,1164.0,3050.0,928.0,30.0,204.0,09,Yukon River
09AB010,True,,15879.0,12830,22.0,8.0,57.0,2992.0,15.0,2404.0,09,Yukon River
09AC001,True,,3287.0,2733,14.0,9.0,40.0,514.0,6.0,365.0,09,Yukon River
09AC005,True,,12549.0,8373,69.0,26.0,195.0,3981.0,44.0,596.0,09,Yukon River
09AC007,True,,4383.0,4089,17.0,15.0,43.0,251.0,3.0,212.0,09,Yukon River
09AD002,True,,2385.0,2369,2.0,2.0,16.0,0.0,1.0,13.0,09,Yukon River
09AE002,True,,28998.0,21622,2279.0,2229.0,4948.0,2428.0,51.0,569.0,09,Yukon River
09AE003,True,,4748.0,4596,18.0,15.0,47.0,105.0,4.0,62.0,09,Yukon River
09AE006,True,,4383.0,4253,4.0,1.0,4.0,126.0,4.0,63.0,09,Yukon River
09AG001,True,,2385.0,2293,6.0,3.0,9.0,83.0,4.0,34.0,09,Yukon River
09AG002,True,,2734.0,1627,27.0,7.0,26.0,1081.0,21.0,106.0,09,Yukon River
09AH001,True,,2832.0,2282,5.0,2.0,3.0,547.0,4.0,183.0,09,Yukon River
09AH003,True,,4018.0,3590,31.0,22.0,105.0,323.0,10.0,75.0,09,Yukon River
09AH004,True,,4748.0,4072,45.0,31.0,124.0,552.0,15.0,69.0,09,Yukon River
09AH005,True,,3101.0,3071,2.0,1.0,3.0,27.0,2.0,27.0,09,Yukon River
09BA001,True,,4369.0,3588,36.0,17.0,57.0,724.0,20.0,67.0,09,Yukon River
09BA002,True,,1374.0,1252,4.0,1.0,9.0,113.0,4.0,55.0,09,Yukon River
09BB001,True,,3100.0,3030,1.0,0.0,0.0,70.0,2.0,70.0,09,Yukon River
09BC001,True,,4748.0,4064,33.0,20.0,86.0,598.0,14.0,63.0,09,Yukon River
09BC002,True,,17401.0,3229,27.0,17.0,59.0,14113.0,11.0,12693.0,09,Yukon River
09BC004,True,,4748.0,4380,42.0,36.0,122.0,246.0,7.0,76.0,09,Yukon River
09CA001,True,,25580.0,19378,753.0,718.0,2393.0,3809.0,36.0,2192.0,09,Yukon River
09CA002,True,,1426.0,1343,2.0,0.0,0.0,83.0,3.0,42.0,09,Yukon River
09CA004,True,,3916.0,3541,17.0,10.0,48.0,327.0,8.0,83.0,09,Yukon River
09CA006,True,,4748.0,4638,13.0,10.0,18.0,92.0,4.0,57.0,09,Yukon River
09CB001,True,,4748.0,4618,6.0,4.0,11.0,119.0,3.0,67.0,09,Yukon River
09CD001,True,,4383.0,2900,44.0,17.0,95.0,1388.0,28.0,127.0,09,Yukon River
09DA001,True,,2713.0,2629,5.0,3.0,18.0,66.0,3.0,40.0,09,Yukon River
09DB001,True,,4370.0,3756,15.0,4.0,15.0,599.0,12.0,136.0,09,Yukon River
09DC003,True,,108.0,108,0.0,0.0,0.0,0.0,1.0,0.0,09,Yukon River
09DC004,True,,7775.0,7541,14.0,7.0,43.0,191.0,8.0,40.0,09,Yukon River
09DC005,True,,15818.0,15626,7.0,0.0,0.0,192.0,8.0,51.0,09,Yukon River
09DC006,True,,15954.0,10464,59.0,13.0,82.0,5408.0,47.0,298.0,09,Yukon River
09DD003,True,,4360.0,3765,28.0,15.0,68.0,527.0,14.0,77.0,09,Yukon River
09DD004,True,,4332.0,3976,11.0,4.0,17.0,339.0,8.0,108.0,09,Yukon River
09EA003,True,,4748.0,4330,20.0,9.0,28.0,390.0,12.0,54.0,09,Yukon River
09EA004,True,,4748.0,4274,27.0,18.0,67.0,407.0,10.0,81.0,09,Yukon River
09EA005,True,,3087.0,2891,2.0,0.0,0.0,196.0,3.0,141.0,09,Yukon River
09EA006,True,,3285.0,1525,11.0,0.0,0.0,1760.0,12.0,215.0,09,Yukon River
09EB001,True,,29063.0,11316,203.0,138.0,375.0,17372.0,66.0,6672.0,09,Yukon River
09EB003,True,,4383.0,3569,34.0,23.0,92.0,722.0,12.0,133.0,09,Yukon River
09EB004,True,,3922.0,2592,39.0,15.0,49.0,1281.0,25.0,155.0,09,Yukon River
09FA001,True,,1969.0,1267,25.0,10.0,59.0,643.0,16.0,65.0,09,Yukon River
09FB002,True,,3406.0,2711,30.0,19.0,69.0,626.0,12.0,97.0,09,Yukon River
09FB003,True,,2644.0,1596,8.0,0.0,0.0,1048.0,9.0,172.0,09,Yukon River
09FC001,True,,4289.0,3546,33.0,15.0,73.0,670.0,19.0,84.0,09,Yukon River
09FD002,True,,4383.0,3699,17.0,8.0,43.0,641.0,10.0,165.0,09,Yukon River
09FD003,True,,6443.0,2617,31.0,10.0,47.0,3779.0,22.0,255.0,09,Yukon River
10AA001,True,,4717.0,4620,18.0,17.0,67.0,30.0,2.0,30.0,10,Arctic
10AA004,True,,4748.0,3719,42.0,20.0,82.0,947.0,23.0,84.0,10,Arctic
10AA005,True,,4345.0,4096,12.0,6.0,32.0,217.0,7.0,63.0,10,Arctic
10AA006,True,,2280.0,2111,5.0,0.0,0.0,169.0,6.0,44.0,10,Arctic
10AB001,True,,4748.0,4623,18.0,16.0,49.0,76.0,3.0,40.0,10,Arctic
10AB002,True,,7135.0,6270,18.0,2.0,9.0,856.0,17.0,90.0,10,Arctic
10AC001,True,,18907.0,9614,1814.0,1768.0,5657.0,3636.0,47.0,366.0,10,Arctic
10AC005,True,,4269.0,3863,6.0,0.0,0.0,406.0,7.0,105.0,10,Arctic
10AD002,True,,2684.0,2684,0.0,0.0,0.0,0.0,1.0,0.0,10,Arctic
10BD001,True,,3036.0,3036,0.0,0.0,0.0,0.0,1.0,0.0,10,Arctic
10BE001,True,,4383.0,4160,21.0,16.0,66.0,157.0,6.0,49.0,10,Arctic
10BE004,True,,4383.0,4123,10.0,5.0,31.0,229.0,6.0,58.0,10,Arctic
10BE007,True,,4715.0,4150,33.0,23.0,139.0,426.0,11.0,82.0,10,Arctic
10BE009,True,,4748.0,4209,18.0,5.0,39.0,500.0,14.0,69.0,10,Arctic
10BE013,True,,3998.0,3354,33.0,17.0,78.0,566.0,17.0,74.0,10,Arctic
10CA001,True,,4748.0,4575,18.0,15.0,56.0,117.0,4.0,52.0,10,Arctic
10CB001,True,,4748.0,4180,23.0,16.0,55.0,513.0,8.0,141.0,10,Arctic
10CD001,True,,4748.0,4004,17.0,6.0,34.0,710.0,12.0,126.0,10,Arctic
10CD003,True,,4748.0,4399,16.0,9.0,61.0,288.0,8.0,92.0,10,Arctic
10CD004,True,,4355.0,4095,18.0,11.0,58.0,202.0,8.0,94.0,10,Arctic
10CD005,True,,4721.0,3408,19.0,5.0,42.0,1271.0,15.0,171.0,10,Arctic
10DA001,True,,4017.0,3047,6.0,3.0,12.0,958.0,4.0,848.0,10,Arctic
10DB001,True,,2425.0,2352,3.0,2.0,4.0,69.0,2.0,69.0,10,Arctic
10EA003,True,,7924.0,6148,33.0,12.0,74.0,1702.0,22.0,195.0,10,Arctic
10EB001,True,,6531.0,6367,9.0,6.0,38.0,126.0,4.0,52.0,10,Arctic
10EC002,True,,1099.0,1028,4.0,3.0,14.0,57.0,2.0,57.0,10,Arctic
10EC003,True,,3365.0,3159,10.0,5.0,15.0,191.0,6.0,55.0,10,Arctic
10ED001,True,,7263.0,6932,40.0,36.0,136.0,195.0,5.0,63.0,10,Arctic
10ED002,True,,7288.0,6708,67.0,59.0,176.0,404.0,9.0,101.0,10,Arctic
10ED003,True,,7662.0,6972,12.0,4.0,11.0,679.0,9.0,180.0,10,Arctic
10ED007,True,,7058.0,6887,12.0,10.0,48.0,123.0,3.0,105.0,10,Arctic
10ED009,True,,7670.0,6898,19.0,9.0,19.0,753.0,11.0,159.0,10,Arctic
10ED010,True,,1544.0,1388,3.0,0.0,0.0,156.0,4.0,66.0,10,Arctic
10FA002,True,,8035.0,7133,21.0,12.0,41.0,861.0,10.0,194.0,10,Arctic
10FB001,True,,16338.0,7141,57.0,14.0,93.0,9104.0,44.0,3078.0,10,Arctic
10FB002,True,,114.0,114,0.0,0.0,0.0,0.0,1.0,0.0,10,Arctic
10FB003,True,,113.0,113,0.0,0.0,0.0,0.0,1.0,0.0,10,Arctic
10FB004,True,,111.0,105,3.0,3.0,6.0,0.0,1.0,3.0,10,Arctic
10FB005,True,,8035.0,7607,23.0,17.0,99.0,329.0,7.0,145.0,10,Arctic
10FB006,True,,7305.0,6099,43.0,23.0,139.0,1067.0,21.0,152.0,10,Arctic
10GA001,True,,7200.0,6089,33.0,19.0,83.0,1028.0,15.0,199.0,10,Arctic
10GB002,True,,501.0,259,3.0,2.0,8.0,234.0,2.0,234.0,10,Arctic
10GB003,False,n_obs<100,,69,,,,,,,10,Arctic
10GB004,True,,156.0,156,0.0,0.0,0.0,0.0,1.0,0.0,10,Arctic
10GB006,True,,7462.0,5929,34.0,18.0,102.0,1431.0,17.0,239.0,10,Arctic
10GC001,True,,8400.0,7756,59.0,48.0,186.0,458.0,12.0,97.0,10,Arctic
10GC003,True,,8035.0,7532,33.0,26.0,107.0,396.0,8.0,155.0,10,Arctic
10GC006,True,,1848.0,1305,13.0,8.0,31.0,512.0,6.0,167.0,10,Arctic
10GD001,True,,1475.0,479,8.0,2.0,7.0,989.0,7.0,281.0,10,Arctic
10GD002,True,,1057.0,875,2.0,1.0,2.0,180.0,2.0,180.0,10,Arctic
10HA001,True,,148.0,148,0.0,0.0,0.0,0.0,1.0,0.0,10,Arctic
10HA004,True,,7529.0,5430,35.0,12.0,64.0,2035.0,24.0,201.0,10,Arctic
10HB002,True,,1224.0,141,6.0,2.0,11.0,1072.0,5.0,1002.0,10,Arctic
10HB005,True,,7850.0,3169,36.0,10.0,55.0,4626.0,27.0,378.0,10,Arctic
10HC001,True,,11544.0,4492,70.0,26.0,191.0,6861.0,45.0,1084.0,10,Arctic
10HC002,True,,1622.0,221,5.0,4.0,19.0,1382.0,2.0,1382.0,10,Arctic
10HC004,False,n_obs<100,,79,,,,,,,10,Arctic
10HC007,True,,3217.0,2434,22.0,11.0,67.0,716.0,12.0,169.0,10,Arctic
10HC008,True,,6209.0,5203,16.0,7.0,20.0,986.0,10.0,490.0,10,Arctic
10JA001,True,,18452.0,7982,712.0,659.0,1232.0,9238.0,54.0,1521.0,10,Arctic
10JA002,True,,7670.0,7587,6.0,5.0,35.0,48.0,2.0,48.0,10,Arctic
10JA003,True,,1921.0,1818,4.0,2.0,3.0,100.0,3.0,69.0,10,Arctic
10JB001,True,,2044.0,1593,9.0,2.0,10.0,441.0,8.0,164.0,10,Arctic
10JC001,True,,2643.0,552,182.0,173.0,346.0,1745.0,10.0,278.0,10,Arctic
10JC002,True,,2444.0,1006,22.0,11.0,27.0,1411.0,12.0,662.0,10,Arctic
10JC003,True,,7670.0,6871,26.0,12.0,62.0,737.0,15.0,157.0,10,Arctic
10JD002,True,,1617.0,1161,10.0,6.0,43.0,413.0,5.0,281.0,10,Arctic
10JE002,True,,14054.0,12338,25.0,1.0,14.0,1702.0,25.0,287.0,10,Arctic
10KA001,True,,8035.0,7658,29.0,20.0,78.0,299.0,10.0,74.0,10,Arctic
10KA002,True,,799.0,159,12.0,10.0,69.0,571.0,3.0,289.0,10,Arctic
10KA004,False,n_obs<100,,83,,,,,,,10,Arctic
10KA006,True,,4934.0,2616,25.0,10.0,24.0,2294.0,16.0,234.0,10,Arctic
10KA007,True,,5099.0,4344,18.0,10.0,34.0,721.0,9.0,360.0,10,Arctic
10KA008,True,,4933.0,2812,19.0,5.0,25.0,2096.0,15.0,245.0,10,Arctic
10KA009,True,,5767.0,2347,21.0,7.0,33.0,3387.0,15.0,939.0,10,Arctic
10KB001,True,,7895.0,6061,41.0,17.0,67.0,1767.0,25.0,220.0,10,Arctic
10KC001,True,,1759.0,970,15.0,6.0,14.0,775.0,10.0,152.0,10,Arctic
10KD001,True,,21993.0,8043,82.0,17.0,84.0,13866.0,66.0,1439.0,10,Arctic
10KD002,False,n_obs<100,,99,,,,,,,10,Arctic
10KD003,False,n_obs<100,,98,,,,,,,10,Arctic
10KD005,True,,1971.0,762,6.0,0.0,0.0,1209.0,7.0,256.0,10,Arctic
10KD006,True,,1951.0,920,6.0,0.0,0.0,1031.0,7.0,227.0,10,Arctic
10KD007,True,,472.0,276,1.0,0.0,0.0,196.0,2.0,196.0,10,Arctic
10KD008,True,,509.0,311,2.0,0.0,0.0,198.0,3.0,179.0,10,Arctic
10KD009,True,,6155.0,3144,26.0,8.0,15.0,2996.0,19.0,230.0,10,Arctic
10LA001,True,,794.0,140,7.0,2.0,19.0,635.0,6.0,295.0,10,Arctic
10LA002,True,,7305.0,6546,43.0,30.0,109.0,650.0,14.0,87.0,10,Arctic
10LB001,True,,751.0,146,2.0,0.0,0.0,605.0,3.0,320.0,10,Arctic
10LB002,False,n_obs<100,,68,,,,,,,10,Arctic
10LB003,False,n_obs<100,,69,,,,,,,10,Arctic
10LB004,True,,5458.0,4285,30.0,14.0,73.0,1100.0,17.0,215.0,10,Arctic
10LB005,True,,4451.0,3123,19.0,5.0,9.0,1319.0,15.0,177.0,10,Arctic
10LB006,True,,4203.0,2200,51.0,35.0,107.0,1896.0,17.0,366.0,10,Arctic
10LB007,True,,4526.0,2256,19.0,8.0,24.0,2246.0,12.0,525.0,10,Arctic
10LC001,True,,794.0,182,5.0,3.0,30.0,582.0,3.0,295.0,10,Arctic
10LC002,True,,12408.0,7706,22.0,13.0,40.0,4662.0,10.0,4018.0,10,Arctic
10LC003,True,,5712.0,4271,34.0,19.0,69.0,1372.0,16.0,175.0,10,Arctic
10LC005,False,n_obs<100,,46,,,,,,,10,Arctic
10LC006,True,,1126.0,411,5.0,1.0,9.0,706.0,5.0,240.0,10,Arctic
10LC007,True,,5707.0,3874,41.0,25.0,107.0,1726.0,17.0,225.0,10,Arctic
10LC011,True,,1226.0,517,4.0,0.0,0.0,709.0,5.0,235.0,10,Arctic
10LC012,True,,12954.0,6618,101.0,58.0,237.0,6099.0,44.0,283.0,10,Arctic
10LC013,True,,12943.0,6940,60.0,18.0,126.0,5877.0,43.0,291.0,10,Arctic
10LC014,True,,6574.0,5871,35.0,23.0,106.0,597.0,13.0,129.0,10,Arctic
10LC015,True,,10381.0,5413,50.0,15.0,68.0,4900.0,36.0,241.0,10,Arctic
10LC017,True,,5666.0,2500,29.0,9.0,21.0,3145.0,21.0,340.0,10,Arctic
10LC019,True,,7700.0,4538,41.0,11.0,68.0,3094.0,31.0,291.0,10,Arctic
10LC020,True,,4121.0,2985,18.0,7.0,21.0,1115.0,12.0,230.0,10,Arctic
10LC021,True,,4121.0,3731,13.0,8.0,46.0,344.0,6.0,125.0,10,Arctic
10LD001,True,,21982.0,8262,82.0,17.0,109.0,13611.0,66.0,302.0,10,Arctic
10LD004,True,,5447.0,3603,31.0,18.0,61.0,1783.0,14.0,782.0,10,Arctic
10MA001,True,,4369.0,2969,54.0,31.0,133.0,1267.0,24.0,341.0,10,Arctic
10MA002,True,,2427.0,2098,13.0,7.0,53.0,276.0,7.0,71.0,10,Arctic
10MA003,True,,4281.0,2840,37.0,16.0,88.0,1353.0,22.0,174.0,10,Arctic
10MB004,True,,1248.0,1025,3.0,1.0,5.0,218.0,3.0,126.0,10,Arctic
10MC001,True,,485.0,229,8.0,7.0,9.0,247.0,2.0,247.0,10,Arctic
10MC002,True,,6209.0,5161,32.0,18.0,79.0,969.0,15.0,205.0,10,Arctic
10MC003,True,,13688.0,7156,61.0,28.0,199.0,6333.0,34.0,1761.0,10,Arctic
10MC005,True,,1175.0,494,6.0,1.0,7.0,674.0,6.0,238.0,10,Arctic
10MC007,True,,142.0,142,0.0,0.0,0.0,0.0,1.0,0.0,10,Arctic
10MC008,True,,13097.0,6715,56.0,18.0,120.0,6262.0,39.0,1760.0,10,Arctic
10MC009,True,,1498.0,679,7.0,0.0,0.0,819.0,8.0,200.0,10,Arctic
10MC010,True,,12912.0,4512,49.0,12.0,55.0,8345.0,38.0,4036.0,10,Arctic
10MC011,True,,12912.0,7331,66.0,18.0,105.0,5476.0,49.0,255.0,10,Arctic
10MC022,True,,7361.0,3434,64.0,28.0,148.0,3779.0,37.0,289.0,10,Arctic
10MC023,True,,7466.0,5469,27.0,10.0,54.0,1943.0,18.0,512.0,10,Arctic
10MD001,True,,6065.0,3344,25.0,5.0,24.0,2697.0,21.0,528.0,10,Arctic
10NB001,True,,1750.0,439,5.0,0.0,0.0,1311.0,6.0,602.0,10,Arctic
10NC001,True,,5844.0,4125,44.0,31.0,137.0,1582.0,14.0,380.0,10,Arctic
10ND002,True,,5288.0,2443,23.0,8.0,19.0,2826.0,16.0,247.0,10,Arctic
10ND004,True,,5244.0,2380,34.0,15.0,71.0,2793.0,20.0,311.0,10,Arctic
10ND006,False,n_obs<100,,42,,,,,,,10,Arctic
10OB001,True,,6209.0,3932,41.0,23.0,95.0,2182.0,19.0,517.0,10,Arctic
10PA001,True,,8035.0,7045,26.0,12.0,61.0,929.0,15.0,199.0,10,Arctic
10PA002,True,,8035.0,7186,10.0,2.0,24.0,825.0,9.0,224.0,10,Arctic
10PB001,True,,3652.0,1731,9.0,4.0,12.0,1909.0,6.0,1461.0,10,Arctic
10PB002,True,,1981.0,652,5.0,2.0,16.0,1313.0,4.0,1210.0,10,Arctic
10PB003,True,,9131.0,9007,12.0,9.0,42.0,82.0,4.0,38.0,10,Arctic
10PC001,True,,2349.0,889,12.0,3.0,17.0,1443.0,10.0,271.0,10,Arctic
10PC004,True,,7252.0,4218,57.0,25.0,113.0,2921.0,33.0,346.0,10,Arctic
10PC005,True,,8035.0,7771,13.0,8.0,26.0,238.0,6.0,90.0,10,Arctic
10QA001,True,,7573.0,3715,49.0,11.0,45.0,3813.0,39.0,231.0,10,Arctic
10QB001,True,,365.0,365,0.0,0.0,0.0,0.0,1.0,0.0,10,Arctic
10QC001,True,,7573.0,5362,53.0,23.0,119.0,2092.0,31.0,260.0,10,Arctic
10QC003,True,,10579.0,10216,10.0,5.0,12.0,351.0,6.0,198.0,10,Arctic
10QC004,True,,1730.0,1364,1.0,0.0,0.0,366.0,2.0,366.0,10,Arctic
10QD001,True,,6513.0,3170,42.0,15.0,63.0,3280.0,28.0,337.0,10,Arctic
10RA001,True,,8035.0,7486,14.0,8.0,34.0,515.0,7.0,159.0,10,Arctic
10RA002,True,,8035.0,5663,53.0,16.0,76.0,2296.0,38.0,170.0,10,Arctic
10RC001,True,,7304.0,4490,56.0,30.0,165.0,2649.0,27.0,365.0,10,Arctic
10RC002,True,,7447.0,5970,52.0,34.0,91.0,1386.0,19.0,175.0,10,Arctic
10TA001,True,,3821.0,1874,39.0,26.0,84.0,1863.0,14.0,281.0,10,Arctic
10TF001,True,,7858.0,2922,33.0,9.0,31.0,4905.0,25.0,295.0,10,Arctic
10UG001,True,,2687.0,1734,15.0,5.0,26.0,927.0,11.0,181.0,10,Arctic
10UG002,True,,910.0,337,6.0,1.0,2.0,571.0,6.0,193.0,10,Arctic
10UH001,True,,6405.0,5375,14.0,6.0,17.0,1013.0,9.0,226.0,10,Arctic
10UH002,True,,5556.0,2659,20.0,4.0,8.0,2889.0,17.0,243.0,10,Arctic
10UH003,True,,3064.0,1741,15.0,4.0,15.0,1308.0,12.0,230.0,10,Arctic
10UH004,True,,2999.0,2136,13.0,2.0,9.0,854.0,12.0,147.0,10,Arctic
10UH005,True,,3116.0,3054,1.0,0.0,0.0,62.0,2.0,62.0,10,Arctic
10UH006,True,,3116.0,2362,26.0,12.0,38.0,716.0,15.0,105.0,10,Arctic
10UH007,True,,760.0,402,2.0,0.0,0.0,358.0,3.0,186.0,10,Arctic
10UH008,True,,926.0,720,3.0,0.0,0.0,206.0,4.0,92.0,10,Arctic
10UH009,True,,926.0,494,3.0,0.0,0.0,432.0,4.0,189.0,10,Arctic
10UH010,True,,2741.0,1871,15.0,5.0,11.0,859.0,11.0,146.0,10,Arctic
10UH011,True,,2751.0,2524,5.0,3.0,17.0,210.0,3.0,145.0,10,Arctic
10UH012,True,,4090.0,2046,21.0,9.0,50.0,1994.0,13.0,223.0,10,Arctic
10UH013,True,,6019.0,5924,4.0,1.0,1.0,94.0,4.0,40.0,10,Arctic
10UH014,True,,2220.0,2160,2.0,1.0,2.0,58.0,2.0,58.0,10,Arctic
10VC002,True,,3329.0,546,7.0,0.0,0.0,2783.0,8.0,716.0,10,Arctic
10VK001,True,,8442.0,2934,30.0,14.0,27.0,5481.0,17.0,792.0,10,Arctic
11AA001,True,,4263.0,2897,14.0,3.0,23.0,1343.0,12.0,130.0,11,Mississippi River
11AA005,True,,4383.0,4369,3.0,3.0,14.0,0.0,1.0,10.0,11,Mississippi River
11AA025,True,,4263.0,2754,23.0,8.0,19.0,1490.0,16.0,137.0,11,Mississippi River
11AA026,True,,3721.0,1914,19.0,7.0,33.0,1774.0,13.0,253.0,11,Mississippi River
11AA028,True,,4158.0,1593,17.0,3.0,30.0,2535.0,15.0,627.0,11,Mississippi River
11AA029,True,,4163.0,1533,17.0,5.0,50.0,2580.0,13.0,335.0,11,Mississippi River
11AA036,True,,918.0,690,2.0,0.0,0.0,228.0,3.0,119.0,11,Mississippi River
11AA038,True,,4180.0,950,51.0,19.0,103.0,3127.0,33.0,270.0,11,Mississippi River
11AB001,True,,1200.0,435,5.0,2.0,9.0,756.0,4.0,267.0,11,Mississippi River
11AB008,True,,4636.0,2931,13.0,0.0,0.0,1705.0,14.0,216.0,11,Mississippi River
11AB009,True,,4628.0,3161,13.0,0.0,0.0,1467.0,14.0,157.0,11,Mississippi River
11AB018,True,,4452.0,1318,28.0,13.0,63.0,3071.0,16.0,302.0,11,Mississippi River
11AB020,True,,3118.0,1590,17.0,6.0,40.0,1488.0,12.0,209.0,11,Mississippi River
11AB027,True,,4689.0,3495,22.0,10.0,46.0,1148.0,13.0,141.0,11,Mississippi River
11AB044,True,,4446.0,1339,24.0,5.0,28.0,3079.0,20.0,343.0,11,Mississippi River
11AB058,True,,4440.0,1613,22.0,7.0,31.0,2796.0,16.0,352.0,11,Mississippi River
11AB060,True,,4466.0,1593,32.0,8.0,34.0,2839.0,25.0,272.0,11,Mississippi River
11AB075,True,,4030.0,1437,35.0,19.0,113.0,2480.0,17.0,270.0,11,Mississippi River
11AB077,True,,4632.0,3330,12.0,1.0,11.0,1291.0,12.0,166.0,11,Mississippi River
11AB078,True,,4528.0,2708,22.0,7.0,39.0,1781.0,16.0,251.0,11,Mississippi River
11AB080,True,,21188.0,7148,657.0,538.0,2387.0,11653.0,120.0,527.0,11,Mississippi River
11AB082,True,,4689.0,3265,17.0,4.0,7.0,1417.0,14.0,213.0,11,Mississippi River
11AB083,True,,4650.0,3189,22.0,11.0,39.0,1422.0,12.0,222.0,11,Mississippi River
11AB084,True,,4438.0,909,32.0,13.0,71.0,3458.0,20.0,333.0,11,Mississippi River
11AB085,True,,4546.0,2327,14.0,1.0,9.0,2210.0,14.0,241.0,11,Mississippi River
11AB089,True,,23317.0,14849,369.0,290.0,1245.0,7223.0,80.0,138.0,11,Mississippi River
11AB090,True,,22436.0,7931,1497.0,1425.0,7551.0,6954.0,73.0,129.0,11,Mississippi River
11AB091,True,,23339.0,9732,1124.0,1043.0,5588.0,8019.0,82.0,392.0,11,Mississippi River
11AB092,True,,22315.0,7754,1283.0,1195.0,6532.0,8029.0,89.0,213.0,11,Mississippi River
11AB093,False,n_obs<100,,16,,,,,,,11,Mississippi River
11AB094,True,,22317.0,9694,1075.0,997.0,5422.0,7201.0,79.0,142.0,11,Mississippi River
11AB095,True,,22233.0,5029,1374.0,1215.0,8365.0,8839.0,160.0,132.0,11,Mississippi River
11AB096,True,,4689.0,3641,9.0,0.0,0.0,1048.0,10.0,127.0,11,Mississippi River
11AB097,True,,22506.0,7479,1432.0,1354.0,7374.0,7653.0,79.0,288.0,11,Mississippi River
11AB098,True,,15566.0,5110,1009.0,956.0,5356.0,5100.0,54.0,218.0,11,Mississippi River
11AB099,True,,21790.0,7685,1249.0,1173.0,6509.0,7596.0,77.0,281.0,11,Mississippi River
11AB101,True,,4319.0,3227,13.0,3.0,5.0,1087.0,11.0,143.0,11,Mississippi River
11AB102,True,,4611.0,2731,31.0,16.0,74.0,1806.0,16.0,194.0,11,Mississippi River
11AB103,True,,882.0,341,3.0,1.0,4.0,537.0,3.0,279.0,11,Mississippi River
11AB104,True,,21051.0,8948,930.0,863.0,4681.0,7422.0,68.0,276.0,11,Mississippi River
11AB108,True,,4689.0,3458,14.0,1.0,12.0,1219.0,14.0,121.0,11,Mississippi River
11AB117,True,,4643.0,3258,13.0,1.0,5.0,1380.0,13.0,125.0,11,Mississippi River
11AB118,True,,4689.0,3652,12.0,2.0,5.0,1032.0,11.0,123.0,11,Mississippi River
11AC017,True,,4324.0,3289,9.0,0.0,0.0,1035.0,10.0,121.0,11,Mississippi River
11AC025,True,,3959.0,2779,15.0,3.0,11.0,1169.0,13.0,153.0,11,Mississippi River
11AC037,True,,38888.0,17823,535.0,278.0,1706.0,19359.0,258.0,1791.0,11,Mississippi River
11AC038,False,n_obs<100,,51,,,,,,,11,Mississippi River
11AC052,True,,4406.0,725,23.0,1.0,14.0,3667.0,23.0,346.0,11,Mississippi River
11AC054,True,,907.0,359,12.0,8.0,14.0,534.0,5.0,242.0,11,Mississippi River
11AC055,True,,31718.0,19338,976.0,879.0,2539.0,9841.0,98.0,192.0,11,Mississippi River
11AC056,True,,31677.0,19081,891.0,800.0,2608.0,9988.0,92.0,226.0,11,Mississippi River
11AC060,True,,4638.0,3320,11.0,3.0,20.0,1298.0,9.0,477.0,11,Mississippi River
11AC063,True,,30622.0,18539,853.0,771.0,2821.0,9262.0,83.0,227.0,11,Mississippi River
11AC064,True,,4480.0,1306,29.0,11.0,55.0,3119.0,19.0,299.0,11,Mississippi River
11AC065,True,,882.0,294,8.0,2.0,6.0,582.0,7.0,176.0,11,Mississippi River
11AC066,True,,930.0,401,6.0,0.0,0.0,529.0,7.0,176.0,11,Mississippi River
11AC068,True,,3938.0,333,16.0,2.0,20.0,3585.0,15.0,359.0,11,Mississippi River
11AE003,True,,359.0,359,0.0,0.0,0.0,0.0,1.0,0.0,11,Mississippi River
11AE010,True,,3183.0,2343,28.0,20.0,39.0,801.0,9.0,116.0,11,Mississippi River
11AE013,True,,17252.0,17098,25.0,23.0,106.0,48.0,3.0,28.0,11,Mississippi River
11AE014,True,,3953.0,2196,17.0,5.0,26.0,1731.0,13.0,268.0,11,Mississippi River
11AE015,True,,4264.0,3090,13.0,2.0,11.0,1163.0,12.0,120.0,11,Mississippi River
11AE016,True,,17299.0,2389,362.0,268.0,1289.0,13621.0,95.0,6860.0,11,Mississippi River
11AF001,True,,6588.0,105,102.0,55.0,197.0,6286.0,48.0,1826.0,11,Mississippi River
